CountyFIPS,state,county,convs16
01001,AL,Autauga,31
01003,AL,Baldwin,118
01005,AL,Barbour,19
01007,AL,Bibb,15
01009,AL,Blount,27
01011,AL,Bullock,6
01013,AL,Butler,22
01015,AL,Calhoun,84
01017,AL,Chambers,22
01019,AL,Cherokee,18
01021,AL,Chilton,33
01023,AL,Choctaw,15
01025,AL,Clarke,13
01027,AL,Clay,6
01029,AL,Cleburne,12
01031,AL,Coffee,29
01033,AL,Colbert,45
01035,AL,Conecuh,15
01037,AL,Coosa,8
01039,AL,Covington,34
01041,AL,Crenshaw,7
01043,AL,Cullman,53
01045,AL,Dale,29
01047,AL,Dallas,36
01049,AL,DeKalb,50
01051,AL,Elmore,55
01053,AL,Escambia,30
01055,AL,Etowah,70
01057,AL,Fayette,8
01059,AL,Franklin,20
01061,AL,Geneva,15
01063,AL,Greene,13
01065,AL,Hale,12
01067,AL,Henry,12
01069,AL,Houston,71
01071,AL,Jackson,42
01073,AL,Jefferson,459
01075,AL,Lamar,9
01077,AL,Lauderdale,49
01079,AL,Lawrence,20
01081,AL,Lee,79
01083,AL,Limestone,59
01085,AL,Lowndes,9
01087,AL,Macon,13
01089,AL,Madison,217
01091,AL,Marengo,21
01093,AL,Marion,23
01095,AL,Marshall,74
01097,AL,Mobile,250
01099,AL,Monroe,14
01101,AL,Montgomery,149
01103,AL,Morgan,95
01105,AL,Perry,8
01107,AL,Pickens,9
01109,AL,Pike,20
01111,AL,Randolph,20
01113,AL,Russell,35
01115,AL,St. Clair,53
01117,AL,Shelby,106
01119,AL,Sumter,20
01121,AL,Talladega,78
01123,AL,Tallapoosa,35
01125,AL,Tuscaloosa,128
01127,AL,Walker,47
01129,AL,Washington,10
01131,AL,Wilcox,9
01133,AL,Winston,24
02013,AK,Aleutians East,0
02016,AK,Aleutians West,1
02020,AK,Anchorage,51
02050,AK,Bethel,5
02060,AK,Bristol Bay,0
02068,AK,Denali,3
02070,AK,Dillingham,1
02090,AK,Fairbanks North Star,24
02100,AK,Haines,0
02105,AK,Hoonah-Angoon,3
02110,AK,Juneau,7
02122,AK,Kenai Peninsula,18
02130,AK,Ketchikan Gateway,3
02150,AK,Kodiak Island,2
02164,AK,Lake and Peninsula,2
02170,AK,Matanuska-Susitna,17
02180,AK,Nome,1
02185,AK,North Slope,2
02188,AK,Northwest Arctic,2
02195,AK,Petersburg,4
02198,AK,Prince of Wales-Hyder,5
02220,AK,Sitka,2
02230,AK,Skagway,1
02240,AK,Southeast Fairbanks,5
02261,AK,Valdez-Cordova,8
02270,AK,Wade Hampton,1
02275,AK,Wrangell,1
02282,AK,Yakutat,0
02290,AK,Yukon-Koyukuk,4
04001,AZ,Apache,41
04003,AZ,Cochise,59
04005,AZ,Coconino,80
04007,AZ,Gila,31
04009,AZ,Graham,18
04011,AZ,Greenlee,6
04012,AZ,La Paz,21
04013,AZ,Maricopa,970
04015,AZ,Mohave,91
04017,AZ,Navajo,57
04019,AZ,Pima,283
04021,AZ,Pinal,83
04023,AZ,Santa Cruz,16
04025,AZ,Yavapai,81
04027,AZ,Yuma,66
05001,AR,Arkansas,17
05003,AR,Ashley,14
05005,AR,Baxter,16
05007,AR,Benton,81
05009,AR,Boone,21
05011,AR,Bradley,5
05013,AR,Calhoun,3
05015,AR,Carroll,17
05017,AR,Chicot,9
05019,AR,Clark,10
05021,AR,Clay,8
05023,AR,Cleburne,14
05025,AR,Cleveland,5
05027,AR,Columbia,18
05029,AR,Conway,13
05031,AR,Craighead,43
05033,AR,Crawford,28
05035,AR,Crittenden,30
05037,AR,Cross,10
05039,AR,Dallas,7
05041,AR,Desha,8
05043,AR,Drew,11
05045,AR,Faulkner,52
05047,AR,Franklin,10
05049,AR,Fulton,8
05051,AR,Garland,48
05053,AR,Grant,9
05055,AR,Greene,18
05057,AR,Hempstead,15
05059,AR,Hot Spring,15
05061,AR,Howard,10
05063,AR,Independence,19
05065,AR,Izard,7
05067,AR,Jackson,11
05069,AR,Jefferson,40
05071,AR,Johnson,12
05073,AR,Lafayette,5
05075,AR,Lawrence,16
05077,AR,Lee,1
05079,AR,Lincoln,8
05081,AR,Little River,5
05083,AR,Logan,19
05085,AR,Lonoke,31
05087,AR,Madison,9
05089,AR,Marion,5
05091,AR,Miller,26
05093,AR,Mississippi,22
05095,AR,Monroe,10
05097,AR,Montgomery,5
05099,AR,Nevada,5
05101,AR,Newton,5
05103,AR,Ouachita,14
05105,AR,Perry,5
05107,AR,Phillips,16
05109,AR,Pike,7
05111,AR,Poinsett,18
05113,AR,Polk,15
05115,AR,Pope,26
05117,AR,Prairie,7
05119,AR,Pulaski,226
05121,AR,Randolph,11
05123,AR,St. Francis,20
05125,AR,Saline,37
05127,AR,Scott,4
05129,AR,Searcy,4
05131,AR,Sebastian,64
05133,AR,Sevier,14
05135,AR,Sharp,6
05137,AR,Stone,5
05139,AR,Union,32
05141,AR,Van Buren,12
05143,AR,Washington,71
05145,AR,White,42
05147,AR,Woodruff,9
05149,AR,Yell,13
06001,CA,Alameda,330
06003,CA,Alpine,0
06005,CA,Amador,12
06007,CA,Butte,74
06009,CA,Calaveras,23
06011,CA,Colusa,11
06013,CA,Contra Costa,223
06015,CA,Del Norte,4
06017,CA,El Dorado,58
06019,CA,Fresno,305
06021,CA,Glenn,16
06023,CA,Humboldt,38
06025,CA,Imperial,63
06027,CA,Inyo,16
06029,CA,Kern,284
06031,CA,Kings,43
06033,CA,Lake,31
06035,CA,Lassen,14
06037,CA,Los Angeles,1964
06039,CA,Madera,56
06041,CA,Marin,42
06043,CA,Mariposa,6
06045,CA,Mendocino,40
06047,CA,Merced,77
06049,CA,Modoc,2
06051,CA,Mono,11
06053,CA,Monterey,123
06055,CA,Napa,44
06057,CA,Nevada,36
06059,CA,Orange,657
06061,CA,Placer,132
06063,CA,Plumas,16
06065,CA,Riverside,456
06067,CA,Sacramento,384
06069,CA,San Benito,12
06071,CA,San Bernardino,481
06073,CA,San Diego,758
06075,CA,San Francisco,112
06077,CA,San Joaquin,153
06079,CA,San Luis Obispo,92
06081,CA,San Mateo,148
06083,CA,Santa Barbara,99
06085,CA,Santa Clara,364
06087,CA,Santa Cruz,65
06089,CA,Shasta,92
06091,CA,Sierra,1
06093,CA,Siskiyou,26
06095,CA,Solano,113
06097,CA,Sonoma,144
06099,CA,Stanislaus,162
06101,CA,Sutter,40
06103,CA,Tehama,30
06105,CA,Trinity,8
06107,CA,Tulare,157
06109,CA,Tuolumne,25
06111,CA,Ventura,197
06113,CA,Yolo,56
06115,CA,Yuba,23
08001,CO,Adams,125
08003,CO,Alamosa,7
08005,CO,Arapahoe,158
08007,CO,Archuleta,6
08009,CO,Baca,3
08011,CO,Bent,3
08013,CO,Boulder,75
08014,CO,Broomfield,16
08015,CO,Chaffee,17
08017,CO,Cheyenne,1
08019,CO,Clear Creek,12
08021,CO,Conejos,2
08023,CO,Costilla,4
08025,CO,Crowley,1
08027,CO,Custer,2
08029,CO,Delta,12
08031,CO,Denver,205
08033,CO,Dolores,1
08035,CO,Douglas,60
08037,CO,Eagle,18
08039,CO,Elbert,5
08041,CO,El Paso,181
08043,CO,Fremont,12
08045,CO,Garfield,28
08047,CO,Gilpin,2
08049,CO,Grand,9
08051,CO,Gunnison,5
08053,CO,Hinsdale,2
08055,CO,Huerfano,5
08057,CO,Jackson,3
08059,CO,Jefferson,156
08061,CO,Kiowa,1
08063,CO,Kit Carson,4
08065,CO,Lake,8
08067,CO,La Plata,23
08069,CO,Larimer,86
08071,CO,Las Animas,7
08073,CO,Lincoln,6
08075,CO,Logan,9
08077,CO,Mesa,48
08079,CO,Mineral,1
08081,CO,Moffat,8
08083,CO,Montezuma,15
08085,CO,Montrose,9
08087,CO,Morgan,13
08089,CO,Otero,7
08091,CO,Ouray,2
08093,CO,Park,7
08095,CO,Phillips,3
08097,CO,Pitkin,7
08099,CO,Prowers,10
08101,CO,Pueblo,66
08103,CO,Rio Blanco,5
08105,CO,Rio Grande,7
08107,CO,Routt,12
08109,CO,Saguache,4
08111,CO,San Juan,1
08113,CO,San Miguel,3
08115,CO,Sedgwick,0
08117,CO,Summit,13
08119,CO,Teller,11
08121,CO,Washington,3
08123,CO,Weld,77
08125,CO,Yuma,4
09001,CT,Fairfield,253
09003,CT,Hartford,315
09005,CT,Litchfield,77
09007,CT,Middlesex,62
09009,CT,New Haven,318
09011,CT,New London,114
09013,CT,Tolland,55
09015,CT,Windham,42
10001,DE,Kent,55
10003,DE,New Castle,173
10005,DE,Sussex,87
11001,DC,District of Columbia,201
12001,FL,Alachua,122
12003,FL,Baker,18
12005,FL,Bay,120
12007,FL,Bradford,22
12009,FL,Brevard,299
12011,FL,Broward,777
12013,FL,Calhoun,4
12015,FL,Charlotte,59
12017,FL,Citrus,68
12019,FL,Clay,76
12021,FL,Collier,101
12023,FL,Columbia,57
12027,FL,DeSoto,15
12029,FL,Dixie,8
12031,FL,Duval,462
12033,FL,Escambia,174
12035,FL,Flagler,34
12037,FL,Franklin,8
12039,FL,Gadsden,37
12041,FL,Gilchrist,7
12043,FL,Glades,5
12045,FL,Gulf,8
12047,FL,Hamilton,17
12049,FL,Hardee,17
12051,FL,Hendry,27
12053,FL,Hernando,61
12055,FL,Highlands,53
12057,FL,Hillsborough,602
12059,FL,Holmes,15
12061,FL,Indian River,70
12063,FL,Jackson,27
12065,FL,Jefferson,18
12067,FL,Lafayette,5
12069,FL,Lake,146
12071,FL,Lee,248
12073,FL,Leon,125
12075,FL,Levy,29
12077,FL,Liberty,5
12079,FL,Madison,16
12081,FL,Manatee,141
12083,FL,Marion,174
12085,FL,Martin,72
12086,FL,Miami-Dade,894
12087,FL,Monroe,59
12089,FL,Nassau,41
12091,FL,Okaloosa,104
12093,FL,Okeechobee,31
12095,FL,Orange,525
12097,FL,Osceola,115
12099,FL,Palm Beach,505
12101,FL,Pasco,193
12103,FL,Pinellas,444
12105,FL,Polk,317
12107,FL,Putnam,47
12109,FL,St. Johns,73
12111,FL,St. Lucie,115
12113,FL,Santa Rosa,55
12115,FL,Sarasota,136
12117,FL,Seminole,171
12119,FL,Sumter,38
12121,FL,Suwannee,30
12123,FL,Taylor,23
12125,FL,Union,7
12127,FL,Volusia,285
12129,FL,Wakulla,14
12131,FL,Walton,36
12133,FL,Washington,11
13001,GA,Appling,14
13003,GA,Atkinson,7
13005,GA,Bacon,12
13007,GA,Baker,0
13009,GA,Baldwin,37
13011,GA,Banks,11
13013,GA,Barrow,50
13015,GA,Bartow,73
13017,GA,Ben Hill,19
13019,GA,Berrien,13
13021,GA,Bibb,171
13023,GA,Bleckley,11
13025,GA,Brantley,13
13027,GA,Brooks,11
13029,GA,Bryan,26
13031,GA,Bulloch,52
13033,GA,Burke,18
13035,GA,Butts,25
13037,GA,Calhoun,5
13039,GA,Camden,37
13043,GA,Candler,16
13045,GA,Carroll,94
13047,GA,Catoosa,27
13049,GA,Charlton,10
13051,GA,Chatham,185
13053,GA,Chattahoochee,2
13055,GA,Chattooga,29
13057,GA,Cherokee,71
13059,GA,Clarke,67
13061,GA,Clay,2
13063,GA,Clayton,158
13065,GA,Clinch,8
13067,GA,Cobb,236
13069,GA,Coffee,42
13071,GA,Colquitt,41
13073,GA,Columbia,38
13075,GA,Cook,18
13077,GA,Coweta,58
13079,GA,Crawford,6
13081,GA,Crisp,25
13083,GA,Dade,23
13085,GA,Dawson,12
13087,GA,Decatur,28
13089,GA,DeKalb,369
13091,GA,Dodge,20
13093,GA,Dooly,17
13095,GA,Dougherty,88
13097,GA,Douglas,71
13099,GA,Early,17
13101,GA,Echols,3
13103,GA,Effingham,28
13105,GA,Elbert,16
13107,GA,Emanuel,18
13109,GA,Evans,14
13111,GA,Fannin,16
13113,GA,Fayette,42
13115,GA,Floyd,81
13117,GA,Forsyth,69
13119,GA,Franklin,16
13121,GA,Fulton,415
13123,GA,Gilmer,14
13125,GA,Glascock,2
13127,GA,Glynn,65
13129,GA,Gordon,41
13131,GA,Grady,15
13133,GA,Greene,19
13135,GA,Gwinnett,377
13137,GA,Habersham,36
13139,GA,Hall,107
13141,GA,Hancock,8
13143,GA,Haralson,25
13145,GA,Harris,20
13147,GA,Hart,17
13149,GA,Heard,11
13151,GA,Henry,118
13153,GA,Houston,119
13155,GA,Irwin,8
13157,GA,Jackson,39
13159,GA,Jasper,6
13161,GA,Jeff Davis,15
13163,GA,Jefferson,19
13165,GA,Jenkins,5
13167,GA,Johnson,6
13169,GA,Jones,14
13171,GA,Lamar,12
13173,GA,Lanier,4
13175,GA,Laurens,50
13177,GA,Lee,21
13179,GA,Liberty,47
13181,GA,Lincoln,7
13183,GA,Long,6
13185,GA,Lowndes,95
13187,GA,Lumpkin,14
13189,GA,McDuffie,20
13191,GA,McIntosh,14
13193,GA,Macon,11
13195,GA,Madison,22
13197,GA,Marion,5
13199,GA,Meriwether,18
13201,GA,Miller,3
13205,GA,Mitchell,22
13207,GA,Monroe,24
13209,GA,Montgomery,10
13211,GA,Morgan,18
13213,GA,Murray,24
13215,GA,Muscogee,126
13217,GA,Newton,56
13219,GA,Oconee,14
13221,GA,Oglethorpe,6
13223,GA,Paulding,51
13225,GA,Peach,31
13227,GA,Pickens,17
13229,GA,Pierce,18
13231,GA,Pike,12
13233,GA,Polk,38
13235,GA,Pulaski,9
13237,GA,Putnam,21
13239,GA,Quitman,8
13241,GA,Rabun,13
13243,GA,Randolph,9
13245,GA,Richmond,133
13247,GA,Rockdale,59
13249,GA,Schley,4
13251,GA,Screven,10
13253,GA,Seminole,11
13255,GA,Spalding,46
13257,GA,Stephens,24
13259,GA,Stewart,7
13261,GA,Sumter,32
13263,GA,Talbot,5
13265,GA,Taliaferro,3
13267,GA,Tattnall,20
13269,GA,Taylor,7
13271,GA,Telfair,10
13273,GA,Terrell,9
13275,GA,Thomas,45
13277,GA,Tift,50
13279,GA,Toombs,31
13281,GA,Towns,12
13283,GA,Treutlen,10
13285,GA,Troup,70
13287,GA,Turner,15
13289,GA,Twiggs,6
13291,GA,Union,15
13293,GA,Upson,23
13295,GA,Walker,44
13297,GA,Walton,49
13299,GA,Ware,44
13301,GA,Warren,7
13303,GA,Washington,17
13305,GA,Wayne,22
13307,GA,Webster,1
13309,GA,Wheeler,5
13311,GA,White,17
13313,GA,Whitfield,72
13315,GA,Wilcox,8
13317,GA,Wilkes,8
13319,GA,Wilkinson,13
13321,GA,Worth,14
15001,HI,Hawaii,66
15003,HI,Honolulu,266
15005,HI,Kalawao,0
15007,HI,Kauai,30
15009,HI,Maui,59
16001,ID,Ada,112
16003,ID,Adams,5
16005,ID,Bannock,34
16007,ID,Bear Lake,6
16009,ID,Benewah,5
16011,ID,Bingham,18
16013,ID,Blaine,11
16015,ID,Boise,7
16017,ID,Bonner,23
16019,ID,Bonneville,46
16021,ID,Boundary,5
16023,ID,Butte,4
16025,ID,Camas,0
16027,ID,Canyon,56
16029,ID,Caribou,4
16031,ID,Cassia,21
16033,ID,Clark,2
16035,ID,Clearwater,3
16037,ID,Custer,6
16039,ID,Elmore,9
16041,ID,Franklin,8
16043,ID,Fremont,7
16045,ID,Gem,8
16047,ID,Gooding,4
16049,ID,Idaho,9
16051,ID,Jefferson,8
16053,ID,Jerome,9
16055,ID,Kootenai,65
16057,ID,Latah,13
16059,ID,Lemhi,7
16061,ID,Lewis,2
16063,ID,Lincoln,3
16065,ID,Madison,11
16067,ID,Minidoka,11
16069,ID,Nez Perce,16
16071,ID,Oneida,4
16073,ID,Owyhee,3
16075,ID,Payette,13
16077,ID,Power,2
16079,ID,Shoshone,10
16081,ID,Teton,5
16083,ID,Twin Falls,30
16085,ID,Valley,9
16087,ID,Washington,6
17001,IL,Adams,28
17003,IL,Alexander,3
17005,IL,Bond,10
17007,IL,Boone,21
17009,IL,Brown,2
17011,IL,Bureau,22
17013,IL,Calhoun,0
17015,IL,Carroll,11
17017,IL,Cass,11
17019,IL,Champaign,72
17021,IL,Christian,20
17023,IL,Clark,8
17025,IL,Clay,7
17027,IL,Clinton,22
17029,IL,Coles,17
17031,IL,Cook,1331
17033,IL,Crawford,9
17035,IL,Cumberland,5
17037,IL,DeKalb,39
17039,IL,De Witt,8
17041,IL,Douglas,12
17043,IL,DuPage,296
17045,IL,Edgar,10
17047,IL,Edwards,5
17049,IL,Effingham,25
17051,IL,Fayette,10
17053,IL,Ford,9
17055,IL,Franklin,26
17057,IL,Fulton,21
17059,IL,Gallatin,4
17061,IL,Greene,10
17063,IL,Grundy,18
17065,IL,Hamilton,4
17067,IL,Hancock,14
17069,IL,Hardin,3
17071,IL,Henderson,5
17073,IL,Henry,29
17075,IL,Iroquois,13
17077,IL,Jackson,22
17079,IL,Jasper,4
17081,IL,Jefferson,15
17083,IL,Jersey,7
17085,IL,Jo Daviess,11
17087,IL,Johnson,7
17089,IL,Kane,138
17091,IL,Kankakee,48
17093,IL,Kendall,30
17095,IL,Knox,20
17097,IL,Lake,200
17099,IL,LaSalle,52
17101,IL,Lawrence,7
17103,IL,Lee,20
17105,IL,Livingston,28
17107,IL,Logan,12
17109,IL,McDonough,15
17111,IL,McHenry,90
17113,IL,McLean,63
17115,IL,Macon,53
17117,IL,Macoupin,27
17119,IL,Madison,113
17121,IL,Marion,23
17123,IL,Marshall,11
17125,IL,Mason,9
17127,IL,Massac,7
17129,IL,Menard,4
17131,IL,Mercer,11
17133,IL,Monroe,13
17135,IL,Montgomery,26
17137,IL,Morgan,20
17139,IL,Moultrie,7
17141,IL,Ogle,28
17143,IL,Peoria,69
17145,IL,Perry,10
17147,IL,Piatt,7
17149,IL,Pike,13
17151,IL,Pope,1
17153,IL,Pulaski,4
17155,IL,Putnam,2
17157,IL,Randolph,16
17159,IL,Richland,6
17161,IL,Rock Island,71
17163,IL,St. Clair,124
17165,IL,Saline,19
17167,IL,Sangamon,76
17169,IL,Schuyler,4
17171,IL,Scott,3
17173,IL,Shelby,17
17175,IL,Stark,3
17177,IL,Stephenson,25
17179,IL,Tazewell,57
17181,IL,Union,8
17183,IL,Vermilion,33
17185,IL,Wabash,6
17187,IL,Warren,6
17189,IL,Washington,10
17191,IL,Wayne,10
17193,IL,White,10
17195,IL,Whiteside,26
17197,IL,Will,178
17199,IL,Williamson,32
17201,IL,Winnebago,122
17203,IL,Woodford,21
18001,IN,Adams,13
18003,IN,Allen,129
18005,IN,Bartholomew,34
18007,IN,Benton,4
18009,IN,Blackford,7
18011,IN,Boone,17
18013,IN,Brown,6
18015,IN,Carroll,8
18017,IN,Cass,17
18019,IN,Clark,36
18021,IN,Clay,13
18023,IN,Clinton,14
18025,IN,Crawford,6
18027,IN,Daviess,11
18029,IN,Dearborn,21
18031,IN,Decatur,9
18033,IN,DeKalb,13
18035,IN,Delaware,63
18037,IN,Dubois,23
18039,IN,Elkhart,69
18041,IN,Fayette,11
18043,IN,Floyd,25
18045,IN,Fountain,11
18047,IN,Franklin,11
18049,IN,Fulton,9
18051,IN,Gibson,15
18053,IN,Grant,44
18055,IN,Greene,13
18057,IN,Hamilton,61
18059,IN,Hancock,19
18061,IN,Harrison,13
18063,IN,Hendricks,44
18065,IN,Henry,26
18067,IN,Howard,56
18069,IN,Huntington,23
18071,IN,Jackson,26
18073,IN,Jasper,17
18075,IN,Jay,6
18077,IN,Jefferson,9
18079,IN,Jennings,10
18081,IN,Johnson,43
18083,IN,Knox,19
18085,IN,Kosciusko,28
18087,IN,LaGrange,12
18089,IN,Lake,231
18091,IN,LaPorte,55
18093,IN,Lawrence,25
18095,IN,Madison,54
18097,IN,Marion,350
18099,IN,Marshall,19
18101,IN,Martin,6
18103,IN,Miami,19
18105,IN,Monroe,47
18107,IN,Montgomery,29
18109,IN,Morgan,36
18111,IN,Newton,8
18113,IN,Noble,18
18115,IN,Ohio,2
18117,IN,Orange,7
18119,IN,Owen,8
18121,IN,Parke,9
18123,IN,Perry,10
18125,IN,Pike,9
18127,IN,Porter,60
18129,IN,Posey,13
18131,IN,Pulaski,6
18133,IN,Putnam,17
18135,IN,Randolph,13
18137,IN,Ripley,13
18139,IN,Rush,11
18141,IN,St. Joseph,99
18143,IN,Scott,14
18145,IN,Shelby,20
18147,IN,Spencer,13
18149,IN,Starke,6
18151,IN,Steuben,22
18153,IN,Sullivan,8
18155,IN,Switzerland,5
18157,IN,Tippecanoe,60
18159,IN,Tipton,6
18161,IN,Union,5
18163,IN,Vanderburgh,74
18165,IN,Vermillion,10
18167,IN,Vigo,41
18169,IN,Wabash,16
18171,IN,Warren,5
18173,IN,Warrick,17
18175,IN,Washington,7
18177,IN,Wayne,30
18179,IN,Wells,9
18181,IN,White,17
18183,IN,Whitley,16
19001,IA,Adair,7
19003,IA,Adams,2
19005,IA,Allamakee,8
19007,IA,Appanoose,8
19009,IA,Audubon,3
19011,IA,Benton,17
19013,IA,Black Hawk,61
19015,IA,Boone,11
19017,IA,Bremer,14
19019,IA,Buchanan,12
19021,IA,Buena Vista,12
19023,IA,Butler,10
19025,IA,Calhoun,7
19027,IA,Carroll,12
19029,IA,Cass,8
19031,IA,Cedar,14
19033,IA,Cerro Gordo,21
19035,IA,Cherokee,7
19037,IA,Chickasaw,9
19039,IA,Clarke,5
19041,IA,Clay,10
19043,IA,Clayton,12
19045,IA,Clinton,26
19047,IA,Crawford,9
19049,IA,Dallas,35
19051,IA,Davis,6
19053,IA,Decatur,4
19055,IA,Delaware,11
19057,IA,Des Moines,24
19059,IA,Dickinson,13
19061,IA,Dubuque,47
19063,IA,Emmet,4
19065,IA,Fayette,15
19067,IA,Floyd,9
19069,IA,Franklin,5
19071,IA,Fremont,5
19073,IA,Greene,9
19075,IA,Grundy,7
19077,IA,Guthrie,6
19079,IA,Hamilton,9
19081,IA,Hancock,5
19083,IA,Hardin,13
19085,IA,Harrison,10
19087,IA,Henry,11
19089,IA,Howard,5
19091,IA,Humboldt,7
19093,IA,Ida,5
19095,IA,Iowa,13
19097,IA,Jackson,16
19099,IA,Jasper,24
19101,IA,Jefferson,9
19103,IA,Johnson,47
19105,IA,Jones,9
19107,IA,Keokuk,6
19109,IA,Kossuth,9
19111,IA,Lee,19
19113,IA,Linn,86
19115,IA,Louisa,7
19117,IA,Lucas,7
19119,IA,Lyon,8
19121,IA,Madison,7
19123,IA,Mahaska,13
19125,IA,Marion,14
19127,IA,Marshall,21
19129,IA,Mills,7
19131,IA,Mitchell,7
19133,IA,Monona,8
19135,IA,Monroe,5
19137,IA,Montgomery,6
19139,IA,Muscatine,21
19141,IA,O'Brien,11
19143,IA,Osceola,2
19145,IA,Page,5
19147,IA,Palo Alto,6
19149,IA,Plymouth,10
19151,IA,Pocahontas,7
19153,IA,Polk,182
19155,IA,Pottawattamie,49
19157,IA,Poweshiek,11
19159,IA,Ringgold,4
19161,IA,Sac,7
19163,IA,Scott,91
19165,IA,Shelby,7
19167,IA,Sioux,18
19169,IA,Story,34
19171,IA,Tama,11
19173,IA,Taylor,4
19175,IA,Union,8
19177,IA,Van Buren,5
19179,IA,Wapello,24
19181,IA,Warren,24
19183,IA,Washington,13
19185,IA,Wayne,5
19187,IA,Webster,21
19189,IA,Winnebago,8
19191,IA,Winneshiek,11
19193,IA,Woodbury,50
19195,IA,Worth,5
19197,IA,Wright,10
20001,KS,Allen,7
20003,KS,Anderson,3
20005,KS,Atchison,9
20007,KS,Barber,4
20009,KS,Barton,12
20011,KS,Bourbon,6
20013,KS,Brown,6
20015,KS,Butler,23
20017,KS,Chase,1
20019,KS,Chautauqua,3
20021,KS,Cherokee,8
20023,KS,Cheyenne,2
20025,KS,Clark,0
20027,KS,Clay,2
20029,KS,Cloud,4
20031,KS,Coffey,6
20033,KS,Comanche,2
20035,KS,Cowley,14
20037,KS,Crawford,18
20039,KS,Decatur,1
20041,KS,Dickinson,9
20043,KS,Doniphan,3
20045,KS,Douglas,30
20047,KS,Edwards,2
20049,KS,Elk,2
20051,KS,Ellis,17
20053,KS,Ellsworth,7
20055,KS,Finney,13
20057,KS,Ford,15
20059,KS,Franklin,13
20061,KS,Geary,14
20063,KS,Gove,2
20065,KS,Graham,3
20067,KS,Grant,2
20069,KS,Gray,2
20071,KS,Greeley,1
20073,KS,Greenwood,4
20075,KS,Hamilton,2
20077,KS,Harper,3
20079,KS,Harvey,9
20081,KS,Haskell,2
20083,KS,Hodgeman,1
20085,KS,Jackson,5
20087,KS,Jefferson,14
20089,KS,Jewell,1
20091,KS,Johnson,111
20093,KS,Kearny,2
20095,KS,Kingman,1
20097,KS,Kiowa,1
20099,KS,Labette,12
20101,KS,Lane,1
20103,KS,Leavenworth,18
20105,KS,Lincoln,2
20107,KS,Linn,10
20109,KS,Logan,2
20111,KS,Lyon,14
20113,KS,McPherson,9
20115,KS,Marion,4
20117,KS,Marshall,9
20119,KS,Meade,4
20121,KS,Miami,13
20123,KS,Mitchell,7
20125,KS,Montgomery,19
20127,KS,Morris,2
20129,KS,Morton,1
20131,KS,Nemaha,5
20133,KS,Neosho,6
20135,KS,Ness,0
20137,KS,Norton,3
20139,KS,Osage,12
20141,KS,Osborne,3
20143,KS,Ottawa,3
20145,KS,Pawnee,2
20147,KS,Phillips,2
20149,KS,Pottawatomie,10
20151,KS,Pratt,2
20153,KS,Rawlins,2
20155,KS,Reno,22
20157,KS,Republic,3
20159,KS,Rice,5
20161,KS,Riley,23
20163,KS,Rooks,3
20165,KS,Rush,2
20167,KS,Russell,5
20169,KS,Saline,18
20171,KS,Scott,1
20173,KS,Sedgwick,134
20175,KS,Seward,6
20177,KS,Shawnee,64
20179,KS,Sheridan,3
20181,KS,Sherman,3
20183,KS,Smith,1
20185,KS,Stafford,2
20187,KS,Stanton,1
20189,KS,Stevens,3
20191,KS,Sumner,9
20193,KS,Thomas,2
20195,KS,Trego,4
20197,KS,Wabaunsee,4
20199,KS,Wallace,0
20201,KS,Washington,4
20203,KS,Wichita,1
20205,KS,Wilson,10
20207,KS,Woodson,2
20209,KS,Wyandotte,52
21001,KY,Adair,10
21003,KY,Allen,8
21005,KY,Anderson,9
21007,KY,Ballard,6
21009,KY,Barren,23
21011,KY,Bath,6
21013,KY,Bell,10
21015,KY,Boone,44
21017,KY,Bourbon,9
21019,KY,Boyd,33
21021,KY,Boyle,14
21023,KY,Bracken,8
21025,KY,Breathitt,5
21027,KY,Breckinridge,11
21029,KY,Bullitt,28
21031,KY,Butler,5
21033,KY,Caldwell,7
21035,KY,Calloway,17
21037,KY,Campbell,33
21039,KY,Carlisle,4
21041,KY,Carroll,5
21043,KY,Carter,19
21045,KY,Casey,13
21047,KY,Christian,33
21049,KY,Clark,18
21051,KY,Clay,10
21053,KY,Clinton,7
21055,KY,Crittenden,2
21057,KY,Cumberland,8
21059,KY,Daviess,58
21061,KY,Edmonson,5
21063,KY,Elliott,2
21065,KY,Estill,3
21067,KY,Fayette,109
21069,KY,Fleming,10
21071,KY,Floyd,25
21073,KY,Franklin,33
21075,KY,Fulton,4
21077,KY,Gallatin,6
21079,KY,Garrard,10
21081,KY,Grant,18
21083,KY,Graves,19
21085,KY,Grayson,27
21087,KY,Green,5
21089,KY,Greenup,22
21091,KY,Hancock,3
21093,KY,Hardin,49
21095,KY,Harlan,15
21097,KY,Harrison,9
21099,KY,Hart,9
21101,KY,Henderson,28
21103,KY,Henry,12
21105,KY,Hickman,7
21107,KY,Hopkins,22
21109,KY,Jackson,7
21111,KY,Jefferson,267
21113,KY,Jessamine,22
21115,KY,Johnson,15
21117,KY,Kenton,61
21119,KY,Knott,7
21121,KY,Knox,17
21123,KY,Larue,8
21125,KY,Laurel,37
21127,KY,Lawrence,8
21129,KY,Lee,1
21131,KY,Leslie,7
21133,KY,Letcher,4
21135,KY,Lewis,6
21137,KY,Lincoln,17
21139,KY,Livingston,7
21141,KY,Logan,13
21143,KY,Lyon,3
21145,KY,McCracken,36
21147,KY,McCreary,10
21149,KY,McLean,8
21151,KY,Madison,46
21153,KY,Magoffin,7
21155,KY,Marion,11
21157,KY,Marshall,12
21159,KY,Martin,11
21161,KY,Mason,19
21163,KY,Meade,17
21165,KY,Menifee,1
21167,KY,Mercer,6
21169,KY,Metcalfe,6
21171,KY,Monroe,5
21173,KY,Montgomery,25
21175,KY,Morgan,3
21177,KY,Muhlenberg,20
21179,KY,Nelson,22
21181,KY,Nicholas,1
21183,KY,Ohio,21
21185,KY,Oldham,16
21187,KY,Owen,3
21189,KY,Owsley,4
21191,KY,Pendleton,3
21193,KY,Perry,20
21195,KY,Pike,29
21197,KY,Powell,10
21199,KY,Pulaski,44
21201,KY,Robertson,0
21203,KY,Rockcastle,7
21205,KY,Rowan,19
21207,KY,Russell,16
21209,KY,Scott,10
21211,KY,Shelby,14
21213,KY,Simpson,7
21215,KY,Spencer,4
21217,KY,Taylor,8
21219,KY,Todd,6
21221,KY,Trigg,10
21223,KY,Trimble,3
21225,KY,Union,9
21227,KY,Warren,49
21229,KY,Washington,5
21231,KY,Wayne,11
21233,KY,Webster,9
21235,KY,Whitley,17
21237,KY,Wolfe,7
21239,KY,Woodford,12
22001,LA,Acadia,41
22003,LA,Allen,14
22005,LA,Ascension,62
22007,LA,Assumption,12
22009,LA,Avoyelles,34
22011,LA,Beauregard,21
22013,LA,Bienville,12
22015,LA,Bossier,50
22017,LA,Caddo,136
22019,LA,Calcasieu,149
22021,LA,Caldwell,4
22023,LA,Cameron,6
22025,LA,Catahoula,6
22027,LA,Claiborne,11
22029,LA,Concordia,20
22031,LA,De Soto,11
22033,LA,East Baton Rouge,252
22035,LA,East Carroll,3
22037,LA,East Feliciana,15
22039,LA,Evangeline,18
22041,LA,Franklin,19
22043,LA,Grant,11
22045,LA,Iberia,43
22047,LA,Iberville,24
22049,LA,Jackson,13
22051,LA,Jefferson,185
22053,LA,Jefferson Davis,25
22055,LA,Lafayette,128
22057,LA,Lafourche,51
22059,LA,La Salle,13
22061,LA,Lincoln,26
22063,LA,Livingston,78
22065,LA,Madison,6
22067,LA,Morehouse,14
22069,LA,Natchitoches,27
22071,LA,Orleans,133
22073,LA,Ouachita,101
22075,LA,Plaquemines,16
22077,LA,Pointe Coupee,20
22079,LA,Rapides,103
22081,LA,Red River,3
22083,LA,Richland,18
22085,LA,Sabine,15
22087,LA,St. Bernard,27
22089,LA,St. Charles,26
22091,LA,St. Helena,9
22093,LA,St. James,15
22095,LA,St. John the Baptist,21
22097,LA,St. Landry,56
22099,LA,St. Martin,31
22101,LA,St. Mary,36
22103,LA,St. Tammany,110
22105,LA,Tangipahoa,88
22107,LA,Tensas,8
22109,LA,Terrebonne,65
22111,LA,Union,15
22113,LA,Vermilion,28
22115,LA,Vernon,33
22117,LA,Washington,30
22119,LA,Webster,33
22121,LA,West Baton Rouge,22
22123,LA,West Carroll,7
22125,LA,West Feliciana,8
22127,LA,Winn,5
23001,ME,Androscoggin,64
23003,ME,Aroostook,60
23005,ME,Cumberland,146
23007,ME,Franklin,28
23009,ME,Hancock,28
23011,ME,Kennebec,77
23013,ME,Knox,31
23015,ME,Lincoln,31
23017,ME,Oxford,49
23019,ME,Penobscot,113
23021,ME,Piscataquis,14
23023,ME,Sagadahoc,20
23025,ME,Somerset,54
23027,ME,Waldo,29
23029,ME,Washington,29
23031,ME,York,111
24001,MD,Allegany,29
24003,MD,Anne Arundel,200
24005,MD,Baltimore,274
24009,MD,Calvert,25
24011,MD,Caroline,21
24013,MD,Carroll,54
24015,MD,Cecil,43
24017,MD,Charles,35
24019,MD,Dorchester,18
24021,MD,Frederick,66
24023,MD,Garrett,19
24025,MD,Harford,85
24027,MD,Howard,81
24029,MD,Kent,10
24031,MD,Montgomery,222
24033,MD,Prince George's,318
24035,MD,Queen Anne's,24
24037,MD,St. Mary's,34
24039,MD,Somerset,9
24041,MD,Talbot,19
24043,MD,Washington,52
24045,MD,Wicomico,52
24047,MD,Worcester,35
24510,MD,Baltimore,320
25001,MA,Barnstable,135
25003,MA,Berkshire,68
25005,MA,Bristol,308
25007,MA,Dukes,8
25009,MA,Essex,300
25011,MA,Franklin,31
25013,MA,Hampden,245
25015,MA,Hampshire,53
25017,MA,Middlesex,606
25019,MA,Nantucket,5
25021,MA,Norfolk,280
25023,MA,Plymouth,251
25025,MA,Suffolk,388
25027,MA,Worcester,377
26001,MI,Alcona,6
26003,MI,Alger,8
26005,MI,Allegan,53
26007,MI,Alpena,20
26009,MI,Antrim,13
26011,MI,Arenac,12
26013,MI,Baraga,6
26015,MI,Barry,27
26017,MI,Bay,60
26019,MI,Benzie,11
26021,MI,Berrien,68
26023,MI,Branch,19
26025,MI,Calhoun,68
26027,MI,Cass,24
26029,MI,Charlevoix,17
26031,MI,Cheboygan,19
26033,MI,Chippewa,21
26035,MI,Clare,26
26037,MI,Clinton,25
26039,MI,Crawford,10
26041,MI,Delta,21
26043,MI,Dickinson,13
26045,MI,Eaton,43
26047,MI,Emmet,24
26049,MI,Genesee,171
26051,MI,Gladwin,20
26053,MI,Gogebic,5
26055,MI,Grand Traverse,35
26057,MI,Gratiot,26
26059,MI,Hillsdale,24
26061,MI,Houghton,13
26063,MI,Huron,28
26065,MI,Ingham,117
26067,MI,Ionia,31
26069,MI,Iosco,21
26071,MI,Iron,7
26073,MI,Isabella,37
26075,MI,Jackson,71
26077,MI,Kalamazoo,76
26079,MI,Kalkaska,12
26081,MI,Kent,178
26083,MI,Keweenaw,1
26085,MI,Lake,11
26087,MI,Lapeer,39
26089,MI,Leelanau,9
26091,MI,Lenawee,39
26093,MI,Livingston,60
26095,MI,Luce,8
26097,MI,Mackinac,12
26099,MI,Macomb,302
26101,MI,Manistee,17
26103,MI,Marquette,31
26105,MI,Mason,18
26107,MI,Mecosta,25
26109,MI,Menominee,8
26111,MI,Midland,34
26113,MI,Missaukee,6
26115,MI,Monroe,48
26117,MI,Montcalm,38
26119,MI,Montmorency,6
26121,MI,Muskegon,74
26123,MI,Newaygo,25
26125,MI,Oakland,407
26127,MI,Oceana,18
26129,MI,Ogemaw,17
26131,MI,Ontonagon,4
26133,MI,Osceola,12
26135,MI,Oscoda,7
26137,MI,Otsego,23
26139,MI,Ottawa,68
26141,MI,Presque Isle,12
26143,MI,Roscommon,19
26145,MI,Saginaw,77
26147,MI,St. Clair,54
26149,MI,St. Joseph,29
26151,MI,Sanilac,31
26153,MI,Schoolcraft,9
26155,MI,Shiawassee,27
26157,MI,Tuscola,29
26159,MI,Van Buren,56
26161,MI,Washtenaw,104
26163,MI,Wayne,859
26165,MI,Wexford,25
27001,MN,Aitkin,17
27003,MN,Anoka,113
27005,MN,Becker,22
27007,MN,Beltrami,21
27009,MN,Benton,19
27011,MN,Big Stone,3
27013,MN,Blue Earth,21
27015,MN,Brown,11
27017,MN,Carlton,19
27019,MN,Carver,28
27021,MN,Cass,18
27023,MN,Chippewa,4
27025,MN,Chisago,27
27027,MN,Clay,20
27029,MN,Clearwater,3
27031,MN,Cook,6
27033,MN,Cottonwood,7
27035,MN,Crow Wing,35
27037,MN,Dakota,110
27039,MN,Dodge,6
27041,MN,Douglas,27
27043,MN,Faribault,6
27045,MN,Fillmore,12
27047,MN,Freeborn,15
27049,MN,Goodhue,18
27051,MN,Grant,6
27053,MN,Hennepin,327
27055,MN,Houston,10
27057,MN,Hubbard,14
27059,MN,Isanti,13
27061,MN,Itasca,38
27063,MN,Jackson,8
27065,MN,Kanabec,8
27067,MN,Kandiyohi,22
27069,MN,Kittson,3
27071,MN,Koochiching,12
27073,MN,Lac qui Parle,3
27075,MN,Lake,7
27077,MN,Lake of the Woods,3
27079,MN,Le Sueur,14
27081,MN,Lincoln,7
27083,MN,Lyon,10
27085,MN,McLeod,21
27087,MN,Mahnomen,3
27089,MN,Marshall,3
27091,MN,Martin,12
27093,MN,Meeker,16
27095,MN,Mille Lacs,19
27097,MN,Morrison,22
27099,MN,Mower,19
27101,MN,Murray,8
27103,MN,Nicollet,9
27105,MN,Nobles,9
27107,MN,Norman,0
27109,MN,Olmsted,39
27111,MN,Otter Tail,39
27113,MN,Pennington,5
27115,MN,Pine,24
27117,MN,Pipestone,9
27119,MN,Polk,15
27121,MN,Pope,6
27123,MN,Ramsey,160
27125,MN,Red Lake,3
27127,MN,Redwood,6
27129,MN,Renville,7
27131,MN,Rice,21
27133,MN,Rock,5
27135,MN,Roseau,11
27137,MN,St. Louis,105
27139,MN,Scott,29
27141,MN,Sherburne,29
27143,MN,Sibley,8
27145,MN,Stearns,60
27147,MN,Steele,13
27149,MN,Stevens,5
27151,MN,Swift,7
27153,MN,Todd,14
27155,MN,Traverse,1
27157,MN,Wabasha,10
27159,MN,Wadena,9
27161,MN,Waseca,7
27163,MN,Washington,53
27165,MN,Watonwan,6
27167,MN,Wilkin,2
27169,MN,Winona,20
27171,MN,Wright,42
27173,MN,Yellow Medicine,7
28001,MS,Adams,11
28003,MS,Alcorn,23
28005,MS,Amite,7
28007,MS,Attala,8
28009,MS,Benton,7
28011,MS,Bolivar,29
28013,MS,Calhoun,13
28015,MS,Carroll,4
28017,MS,Chickasaw,17
28019,MS,Choctaw,3
28021,MS,Claiborne,3
28023,MS,Clarke,11
28025,MS,Clay,28
28027,MS,Coahoma,20
28029,MS,Copiah,27
28031,MS,Covington,9
28033,MS,DeSoto,75
28035,MS,Forrest,73
28037,MS,Franklin,9
28039,MS,George,17
28041,MS,Greene,9
28043,MS,Grenada,21
28045,MS,Hancock,30
28047,MS,Harrison,95
28049,MS,Hinds,153
28051,MS,Holmes,15
28053,MS,Humphreys,10
28055,MS,Issaquena,0
28057,MS,Itawamba,12
28059,MS,Jackson,76
28061,MS,Jasper,12
28063,MS,Jefferson,5
28065,MS,Jefferson Davis,11
28067,MS,Jones,47
28069,MS,Kemper,4
28071,MS,Lafayette,28
28073,MS,Lamar,33
28075,MS,Lauderdale,68
28077,MS,Lawrence,9
28079,MS,Leake,19
28081,MS,Lee,70
28083,MS,Leflore,33
28085,MS,Lincoln,33
28087,MS,Lowndes,53
28089,MS,Madison,55
28091,MS,Marion,20
28093,MS,Marshall,33
28095,MS,Monroe,17
28097,MS,Montgomery,7
28099,MS,Neshoba,17
28101,MS,Newton,15
28103,MS,Noxubee,9
28105,MS,Oktibbeha,33
28107,MS,Panola,37
28109,MS,Pearl River,31
28111,MS,Perry,6
28113,MS,Pike,40
28115,MS,Pontotoc,20
28117,MS,Prentiss,12
28119,MS,Quitman,8
28121,MS,Rankin,90
28123,MS,Scott,30
28125,MS,Sharkey,7
28127,MS,Simpson,24
28129,MS,Smith,7
28131,MS,Stone,15
28133,MS,Sunflower,24
28135,MS,Tallahatchie,13
28137,MS,Tate,14
28139,MS,Tippah,14
28141,MS,Tishomingo,11
28143,MS,Tunica,22
28145,MS,Union,22
28147,MS,Walthall,7
28149,MS,Warren,36
28151,MS,Washington,49
28153,MS,Wayne,19
28155,MS,Webster,9
28157,MS,Wilkinson,5
28159,MS,Winston,17
28161,MS,Yalobusha,13
28163,MS,Yazoo,21
29001,MO,Adair,13
29003,MO,Andrew,7
29005,MO,Atchison,5
29007,MO,Audrain,15
29009,MO,Barry,19
29011,MO,Barton,8
29013,MO,Bates,10
29015,MO,Benton,14
29017,MO,Bollinger,10
29019,MO,Boone,64
29021,MO,Buchanan,39
29023,MO,Butler,28
29025,MO,Caldwell,5
29027,MO,Callaway,26
29029,MO,Camden,31
29031,MO,Cape Girardeau,43
29033,MO,Carroll,8
29035,MO,Carter,3
29037,MO,Cass,37
29039,MO,Cedar,7
29041,MO,Chariton,6
29043,MO,Christian,31
29045,MO,Clark,5
29047,MO,Clay,67
29049,MO,Clinton,9
29051,MO,Cole,36
29053,MO,Cooper,10
29055,MO,Crawford,10
29057,MO,Dade,7
29059,MO,Dallas,8
29061,MO,Daviess,4
29063,MO,DeKalb,6
29065,MO,Dent,6
29067,MO,Douglas,6
29069,MO,Dunklin,21
29071,MO,Franklin,50
29073,MO,Gasconade,9
29075,MO,Gentry,4
29077,MO,Greene,114
29079,MO,Grundy,4
29081,MO,Harrison,8
29083,MO,Henry,20
29085,MO,Hickory,7
29087,MO,Holt,7
29089,MO,Howard,3
29091,MO,Howell,23
29093,MO,Iron,8
29095,MO,Jackson,264
29097,MO,Jasper,63
29099,MO,Jefferson,86
29101,MO,Johnson,23
29103,MO,Knox,2
29105,MO,Laclede,23
29107,MO,Lafayette,19
29109,MO,Lawrence,21
29111,MO,Lewis,8
29113,MO,Lincoln,24
29115,MO,Linn,9
29117,MO,Livingston,6
29119,MO,McDonald,12
29121,MO,Macon,9
29123,MO,Madison,8
29125,MO,Maries,6
29127,MO,Marion,26
29129,MO,Mercer,4
29131,MO,Miller,18
29133,MO,Mississippi,7
29135,MO,Moniteau,8
29137,MO,Monroe,8
29139,MO,Montgomery,6
29141,MO,Morgan,14
29143,MO,New Madrid,11
29145,MO,Newton,31
29147,MO,Nodaway,8
29149,MO,Oregon,10
29151,MO,Osage,6
29153,MO,Ozark,5
29155,MO,Pemiscot,13
29157,MO,Perry,14
29159,MO,Pettis,22
29161,MO,Phelps,22
29163,MO,Pike,10
29165,MO,Platte,24
29167,MO,Polk,11
29169,MO,Pulaski,23
29171,MO,Putnam,3
29173,MO,Ralls,8
29175,MO,Randolph,10
29177,MO,Ray,12
29179,MO,Reynolds,9
29181,MO,Ripley,10
29183,MO,St. Charles,109
29185,MO,St. Clair,9
29186,MO,Ste. Genevieve,9
29187,MO,St. Francois,30
29189,MO,St. Louis,316
29195,MO,Saline,19
29197,MO,Schuyler,3
29199,MO,Scotland,2
29201,MO,Scott,21
29203,MO,Shannon,6
29205,MO,Shelby,5
29207,MO,Stoddard,18
29209,MO,Stone,21
29211,MO,Sullivan,6
29213,MO,Taney,37
29215,MO,Texas,10
29217,MO,Vernon,13
29219,MO,Warren,9
29221,MO,Washington,17
29223,MO,Wayne,8
29225,MO,Webster,17
29227,MO,Worth,2
29229,MO,Wright,13
29510,MO,St. Louis,128
30001,MT,Beaverhead,5
30003,MT,Big Horn,15
30005,MT,Blaine,4
30007,MT,Broadwater,2
30009,MT,Carbon,8
30011,MT,Carter,1
30013,MT,Cascade,29
30015,MT,Chouteau,3
30017,MT,Custer,5
30019,MT,Daniels,1
30021,MT,Dawson,4
30023,MT,Deer Lodge,5
30025,MT,Fallon,2
30027,MT,Fergus,3
30029,MT,Flathead,38
30031,MT,Gallatin,37
30033,MT,Garfield,1
30035,MT,Glacier,5
30037,MT,Golden Valley,1
30039,MT,Granite,1
30041,MT,Hill,10
30043,MT,Jefferson,4
30045,MT,Judith Basin,0
30047,MT,Lake,16
30049,MT,Lewis and Clark,23
30051,MT,Liberty,1
30053,MT,Lincoln,8
30055,MT,McCone,2
30057,MT,Madison,5
30059,MT,Meagher,1
30061,MT,Mineral,5
30063,MT,Missoula,34
30065,MT,Musselshell,2
30067,MT,Park,8
30069,MT,Petroleum,0
30071,MT,Phillips,3
30073,MT,Pondera,3
30075,MT,Powder River,1
30077,MT,Powell,2
30079,MT,Prairie,1
30081,MT,Ravalli,14
30083,MT,Richland,6
30085,MT,Roosevelt,6
30087,MT,Rosebud,4
30089,MT,Sanders,8
30091,MT,Sheridan,2
30093,MT,Silver Bow,16
30095,MT,Stillwater,5
30097,MT,Sweet Grass,3
30099,MT,Teton,4
30101,MT,Toole,1
30103,MT,Treasure,0
30105,MT,Valley,2
30107,MT,Wheatland,1
30109,MT,Wibaux,2
30111,MT,Yellowstone,53
31001,NE,Adams,16
31003,NE,Antelope,6
31005,NE,Arthur,0
31007,NE,Banner,0
31009,NE,Blaine,1
31011,NE,Boone,4
31013,NE,Box Butte,6
31015,NE,Boyd,2
31017,NE,Brown,5
31019,NE,Buffalo,29
31021,NE,Burt,7
31023,NE,Butler,5
31025,NE,Cass,11
31027,NE,Cedar,6
31029,NE,Chase,2
31031,NE,Cherry,9
31033,NE,Cheyenne,6
31035,NE,Clay,2
31037,NE,Colfax,5
31039,NE,Cuming,5
31041,NE,Custer,11
31043,NE,Dakota,8
31045,NE,Dawes,4
31047,NE,Dawson,16
31049,NE,Deuel,2
31051,NE,Dixon,3
31053,NE,Dodge,23
31055,NE,Douglas,162
31057,NE,Dundy,1
31059,NE,Fillmore,6
31061,NE,Franklin,3
31063,NE,Frontier,1
31065,NE,Furnas,3
31067,NE,Gage,12
31069,NE,Garden,2
31071,NE,Garfield,2
31073,NE,Gosper,2
31075,NE,Grant,1
31077,NE,Greeley,2
31079,NE,Hall,28
31081,NE,Hamilton,3
31083,NE,Harlan,2
31085,NE,Hayes,1
31087,NE,Hitchcock,3
31089,NE,Holt,10
31091,NE,Hooker,1
31093,NE,Howard,5
31095,NE,Jefferson,3
31097,NE,Johnson,3
31099,NE,Kearney,2
31101,NE,Keith,13
31103,NE,Keya Paha,1
31105,NE,Kimball,3
31107,NE,Knox,8
31109,NE,Lancaster,97
31111,NE,Lincoln,25
31113,NE,Logan,1
31115,NE,Loup,1
31117,NE,McPherson,0
31119,NE,Madison,17
31121,NE,Merrick,7
31123,NE,Morrill,3
31125,NE,Nance,4
31127,NE,Nemaha,4
31129,NE,Nuckolls,3
31131,NE,Otoe,10
31133,NE,Pawnee,1
31135,NE,Perkins,3
31137,NE,Phelps,5
31139,NE,Pierce,4
31141,NE,Platte,21
31143,NE,Polk,2
31145,NE,Red Willow,3
31147,NE,Richardson,4
31149,NE,Rock,2
31151,NE,Saline,4
31153,NE,Sarpy,50
31155,NE,Saunders,14
31157,NE,Scotts Bluff,14
31159,NE,Seward,8
31161,NE,Sheridan,4
31163,NE,Sherman,2
31165,NE,Sioux,0
31167,NE,Stanton,3
31169,NE,Thayer,6
31171,NE,Thomas,1
31173,NE,Thurston,5
31175,NE,Valley,3
31177,NE,Washington,10
31179,NE,Wayne,2
31181,NE,Webster,4
31183,NE,Wheeler,2
31185,NE,York,6
32001,NV,Churchill,10
32003,NV,Clark,681
32005,NV,Douglas,17
32007,NV,Elko,21
32009,NV,Esmeralda,0
32011,NV,Eureka,2
32013,NV,Humboldt,13
32015,NV,Lander,7
32017,NV,Lincoln,6
32019,NV,Lyon,26
32021,NV,Mineral,5
32023,NV,Nye,29
32027,NV,Pershing,6
32029,NV,Storey,1
32031,NV,Washoe,153
32033,NV,White Pine,8
32510,NV,Carson City,21
33001,NH,Belknap,36
33003,NH,Carroll,45
33005,NH,Cheshire,45
33007,NH,Coos,27
33009,NH,Grafton,63
33011,NH,Hillsborough,166
33013,NH,Merrimack,76
33015,NH,Rockingham,153
33017,NH,Strafford,56
33019,NH,Sullivan,26
34001,NJ,Atlantic,77
34003,NJ,Bergen,249
34005,NJ,Burlington,136
34007,NJ,Camden,150
34009,NJ,Cape May,28
34011,NJ,Cumberland,46
34013,NJ,Essex,155
34015,NJ,Gloucester,93
34017,NJ,Hudson,175
34019,NJ,Hunterdon,27
34021,NJ,Mercer,90
34023,NJ,Middlesex,266
34025,NJ,Monmouth,189
34027,NJ,Morris,114
34029,NJ,Ocean,170
34031,NJ,Passaic,111
34033,NJ,Salem,24
34035,NJ,Somerset,67
34037,NJ,Sussex,46
34039,NJ,Union,138
34041,NJ,Warren,38
35001,NM,Bernalillo,225
35003,NM,Catron,5
35005,NM,Chaves,30
35006,NM,Cibola,16
35007,NM,Colfax,13
35009,NM,Curry,22
35011,NM,De Baca,2
35013,NM,DoÃ±a Ana,60
35015,NM,Eddy,35
35017,NM,Grant,13
35019,NM,Guadalupe,7
35021,NM,Harding,0
35023,NM,Hidalgo,3
35025,NM,Lea,36
35027,NM,Lincoln,14
35028,NM,Los Alamos,4
35029,NM,Luna,16
35031,NM,McKinley,44
35033,NM,Mora,4
35035,NM,Otero,20
35037,NM,Quay,6
35039,NM,Rio Arriba,13
35041,NM,Roosevelt,8
35043,NM,Sandoval,37
35045,NM,San Juan,68
35047,NM,San Miguel,14
35049,NM,Santa Fe,33
35051,NM,Sierra,8
35053,NM,Socorro,6
35055,NM,Taos,14
35057,NM,Torrance,12
35059,NM,Union,2
35061,NM,Valencia,22
36001,NY,Albany,154
36003,NY,Allegany,24
36005,NY,Bronx,166
36007,NY,Broome,103
36009,NY,Cattaraugus,37
36011,NY,Cayuga,29
36013,NY,Chautauqua,54
36015,NY,Chemung,39
36017,NY,Chenango,34
36019,NY,Clinton,53
36021,NY,Columbia,42
36023,NY,Cortland,22
36025,NY,Delaware,31
36027,NY,Dutchess,123
36029,NY,Erie,351
36031,NY,Essex,29
36033,NY,Franklin,29
36035,NY,Fulton,29
36037,NY,Genesee,30
36039,NY,Greene,32
36041,NY,Hamilton,10
36043,NY,Herkimer,27
36045,NY,Jefferson,61
36047,NY,Kings,348
36049,NY,Lewis,19
36051,NY,Livingston,38
36053,NY,Madison,23
36055,NY,Monroe,292
36057,NY,Montgomery,31
36059,NY,Nassau,502
36061,NY,New York,233
36063,NY,Niagara,83
36065,NY,Oneida,99
36067,NY,Onondaga,209
36069,NY,Ontario,44
36071,NY,Orange,160
36073,NY,Orleans,14
36075,NY,Oswego,54
36077,NY,Otsego,47
36079,NY,Putnam,48
36081,NY,Queens,442
36083,NY,Rensselaer,70
36085,NY,Richmond,113
36087,NY,Rockland,91
36089,NY,St. Lawrence,56
36091,NY,Saratoga,97
36093,NY,Schenectady,76
36095,NY,Schoharie,19
36097,NY,Schuyler,8
36099,NY,Seneca,15
36101,NY,Steuben,56
36103,NY,Suffolk,582
36105,NY,Sullivan,52
36107,NY,Tioga,14
36109,NY,Tompkins,33
36111,NY,Ulster,106
36113,NY,Warren,46
36115,NY,Washington,25
36117,NY,Wayne,40
36119,NY,Westchester,259
36121,NY,Wyoming,19
36123,NY,Yates,7
37001,NC,Alamance,81
37003,NC,Alexander,12
37005,NC,Alleghany,7
37007,NC,Anson,17
37009,NC,Ashe,17
37011,NC,Avery,12
37013,NC,Beaufort,30
37015,NC,Bertie,10
37017,NC,Bladen,22
37019,NC,Brunswick,45
37021,NC,Buncombe,113
37023,NC,Burke,49
37025,NC,Cabarrus,73
37027,NC,Caldwell,43
37029,NC,Camden,6
37031,NC,Carteret,43
37033,NC,Caswell,17
37035,NC,Catawba,87
37037,NC,Chatham,34
37039,NC,Cherokee,15
37041,NC,Chowan,11
37043,NC,Clay,3
37045,NC,Cleveland,66
37047,NC,Columbus,36
37049,NC,Craven,62
37051,NC,Cumberland,172
37053,NC,Currituck,19
37055,NC,Dare,32
37057,NC,Davidson,86
37059,NC,Davie,24
37061,NC,Duplin,41
37063,NC,Durham,120
37065,NC,Edgecombe,33
37067,NC,Forsyth,169
37069,NC,Franklin,36
37071,NC,Gaston,106
37073,NC,Gates,6
37075,NC,Graham,6
37077,NC,Granville,39
37079,NC,Greene,9
37081,NC,Guilford,259
37083,NC,Halifax,48
37085,NC,Harnett,53
37087,NC,Haywood,35
37089,NC,Henderson,41
37091,NC,Hertford,17
37093,NC,Hoke,23
37095,NC,Hyde,6
37097,NC,Iredell,85
37099,NC,Jackson,18
37101,NC,Johnston,89
37103,NC,Jones,6
37105,NC,Lee,37
37107,NC,Lenoir,41
37109,NC,Lincoln,40
37111,NC,McDowell,17
37113,NC,Macon,16
37115,NC,Madison,9
37117,NC,Martin,14
37119,NC,Mecklenburg,347
37121,NC,Mitchell,5
37123,NC,Montgomery,15
37125,NC,Moore,48
37127,NC,Nash,73
37129,NC,New Hanover,88
37131,NC,Northampton,15
37133,NC,Onslow,72
37135,NC,Orange,44
37137,NC,Pamlico,4
37139,NC,Pasquotank,24
37141,NC,Pender,13
37143,NC,Perquimans,6
37145,NC,Person,39
37147,NC,Pitt,84
37149,NC,Polk,8
37151,NC,Randolph,66
37153,NC,Richmond,44
37155,NC,Robeson,104
37157,NC,Rockingham,62
37159,NC,Rowan,79
37161,NC,Rutherford,30
37163,NC,Sampson,35
37165,NC,Scotland,34
37167,NC,Stanly,34
37169,NC,Stokes,26
37171,NC,Surry,52
37173,NC,Swain,15
37175,NC,Transylvania,16
37177,NC,Tyrrell,6
37179,NC,Union,73
37181,NC,Vance,51
37183,NC,Wake,352
37185,NC,Warren,10
37187,NC,Washington,7
37189,NC,Watauga,23
37191,NC,Wayne,71
37193,NC,Wilkes,41
37195,NC,Wilson,60
37197,NC,Yadkin,17
37199,NC,Yancey,9
38001,ND,Adams,2
38003,ND,Barnes,3
38005,ND,Benson,2
38007,ND,Billings,1
38009,ND,Bottineau,5
38011,ND,Bowman,1
38013,ND,Burke,2
38015,ND,Burleigh,33
38017,ND,Cass,57
38019,ND,Cavalier,2
38021,ND,Dickey,4
38023,ND,Divide,2
38025,ND,Dunn,3
38027,ND,Eddy,1
38029,ND,Emmons,2
38031,ND,Foster,2
38033,ND,Golden Valley,0
38035,ND,Grand Forks,31
38037,ND,Grant,2
38039,ND,Griggs,2
38041,ND,Hettinger,1
38043,ND,Kidder,2
38045,ND,LaMoure,1
38047,ND,Logan,2
38049,ND,McHenry,2
38051,ND,McIntosh,1
38053,ND,McKenzie,5
38055,ND,McLean,10
38057,ND,Mercer,7
38059,ND,Morton,18
38061,ND,Mountrail,4
38063,ND,Nelson,4
38065,ND,Oliver,1
38067,ND,Pembina,5
38069,ND,Pierce,2
38071,ND,Ramsey,8
38073,ND,Ransom,4
38075,ND,Renville,2
38077,ND,Richland,10
38079,ND,Rolette,9
38081,ND,Sargent,2
38083,ND,Sheridan,1
38085,ND,Sioux,4
38087,ND,Slope,1
38089,ND,Stark,19
38091,ND,Steele,2
38093,ND,Stutsman,10
38095,ND,Towner,2
38097,ND,Traill,8
38099,ND,Walsh,4
38101,ND,Ward,29
38103,ND,Wells,4
38105,ND,Williams,18
39001,OH,Adams,20
39003,OH,Allen,48
39005,OH,Ashland,21
39007,OH,Ashtabula,48
39009,OH,Athens,28
39011,OH,Auglaize,20
39013,OH,Belmont,37
39015,OH,Brown,25
39017,OH,Butler,139
39019,OH,Carroll,8
39021,OH,Champaign,12
39023,OH,Clark,58
39025,OH,Clermont,81
39027,OH,Clinton,20
39029,OH,Columbiana,47
39031,OH,Coshocton,12
39033,OH,Crawford,20
39035,OH,Cuyahoga,575
39037,OH,Darke,23
39039,OH,Defiance,15
39041,OH,Delaware,40
39043,OH,Erie,40
39045,OH,Fairfield,41
39047,OH,Fayette,19
39049,OH,Franklin,471
39051,OH,Fulton,20
39053,OH,Gallia,17
39055,OH,Geauga,36
39057,OH,Greene,53
39059,OH,Guernsey,25
39061,OH,Hamilton,322
39063,OH,Hancock,27
39065,OH,Hardin,18
39067,OH,Harrison,7
39069,OH,Henry,13
39071,OH,Highland,26
39073,OH,Hocking,11
39075,OH,Holmes,12
39077,OH,Huron,30
39079,OH,Jackson,19
39081,OH,Jefferson,27
39083,OH,Knox,15
39085,OH,Lake,109
39087,OH,Lawrence,25
39089,OH,Licking,63
39091,OH,Logan,16
39093,OH,Lorain,110
39095,OH,Lucas,169
39097,OH,Madison,15
39099,OH,Mahoning,90
39101,OH,Marion,23
39103,OH,Medina,55
39105,OH,Meigs,16
39107,OH,Mercer,16
39109,OH,Miami,40
39111,OH,Monroe,9
39113,OH,Montgomery,200
39115,OH,Morgan,5
39117,OH,Morrow,11
39119,OH,Muskingum,43
39121,OH,Noble,4
39123,OH,Ottawa,21
39125,OH,Paulding,10
39127,OH,Perry,15
39129,OH,Pickaway,23
39131,OH,Pike,21
39133,OH,Portage,55
39135,OH,Preble,16
39137,OH,Putnam,14
39139,OH,Richland,53
39141,OH,Ross,34
39143,OH,Sandusky,23
39145,OH,Scioto,45
39147,OH,Seneca,33
39149,OH,Shelby,24
39151,OH,Stark,137
39153,OH,Summit,198
39155,OH,Trumbull,93
39157,OH,Tuscarawas,39
39159,OH,Union,16
39161,OH,Van Wert,17
39163,OH,Vinton,7
39165,OH,Warren,72
39167,OH,Washington,33
39169,OH,Wayne,32
39171,OH,Williams,26
39173,OH,Wood,39
39175,OH,Wyandot,9
40001,OK,Adair,10
40003,OK,Alfalfa,5
40005,OK,Atoka,9
40007,OK,Beaver,7
40009,OK,Beckham,14
40011,OK,Blaine,10
40013,OK,Bryan,28
40015,OK,Caddo,22
40017,OK,Canadian,42
40019,OK,Carter,41
40021,OK,Cherokee,24
40023,OK,Choctaw,10
40025,OK,Cimarron,1
40027,OK,Cleveland,83
40029,OK,Coal,5
40031,OK,Comanche,52
40033,OK,Cotton,5
40035,OK,Craig,10
40037,OK,Creek,29
40039,OK,Custer,22
40041,OK,Delaware,26
40043,OK,Dewey,11
40045,OK,Ellis,4
40047,OK,Garfield,37
40049,OK,Garvin,24
40051,OK,Grady,32
40053,OK,Grant,5
40055,OK,Greer,4
40057,OK,Harmon,3
40059,OK,Harper,6
40061,OK,Haskell,12
40063,OK,Hughes,10
40065,OK,Jackson,13
40067,OK,Jefferson,6
40069,OK,Johnston,10
40071,OK,Kay,24
40073,OK,Kingfisher,12
40075,OK,Kiowa,4
40077,OK,Latimer,4
40079,OK,Le Flore,39
40081,OK,Lincoln,14
40083,OK,Logan,22
40085,OK,Love,7
40087,OK,McClain,27
40089,OK,McCurtain,26
40091,OK,McIntosh,13
40093,OK,Major,7
40095,OK,Marshall,10
40097,OK,Mayes,23
40099,OK,Murray,10
40101,OK,Muskogee,35
40103,OK,Noble,9
40105,OK,Nowata,5
40107,OK,Okfuskee,3
40109,OK,Oklahoma,261
40111,OK,Okmulgee,24
40113,OK,Osage,21
40115,OK,Ottawa,15
40117,OK,Pawnee,7
40119,OK,Payne,41
40121,OK,Pittsburg,38
40123,OK,Pontotoc,20
40125,OK,Pottawatomie,33
40127,OK,Pushmataha,9
40129,OK,Roger Mills,5
40131,OK,Rogers,29
40133,OK,Seminole,18
40135,OK,Sequoyah,29
40137,OK,Stephens,36
40139,OK,Texas,12
40141,OK,Tillman,8
40143,OK,Tulsa,211
40145,OK,Wagoner,32
40147,OK,Washington,22
40149,OK,Washita,12
40151,OK,Woods,5
40153,OK,Woodward,17
41001,OR,Baker,8
41003,OR,Benton,24
41005,OR,Clackamas,108
41007,OR,Clatsop,22
41009,OR,Columbia,21
41011,OR,Coos,28
41013,OR,Crook,10
41015,OR,Curry,11
41017,OR,Deschutes,44
41019,OR,Douglas,64
41021,OR,Gilliam,1
41023,OR,Grant,3
41025,OR,Harney,7
41027,OR,Hood River,13
41029,OR,Jackson,77
41031,OR,Jefferson,10
41033,OR,Josephine,37
41035,OR,Klamath,29
41037,OR,Lake,5
41039,OR,Lane,161
41041,OR,Lincoln,18
41043,OR,Linn,57
41045,OR,Malheur,7
41047,OR,Marion,138
41049,OR,Morrow,3
41051,OR,Multnomah,311
41053,OR,Polk,26
41055,OR,Sherman,5
41057,OR,Tillamook,19
41059,OR,Umatilla,34
41061,OR,Union,12
41063,OR,Wallowa,3
41065,OR,Wasco,11
41067,OR,Washington,140
41069,OR,Wheeler,1
41071,OR,Yamhill,31
42001,PA,Adams,30
42003,PA,Allegheny,431
42005,PA,Armstrong,30
42007,PA,Beaver,64
42009,PA,Bedford,25
42011,PA,Berks,124
42013,PA,Blair,47
42015,PA,Bradford,35
42017,PA,Bucks,166
42019,PA,Butler,69
42021,PA,Cambria,49
42023,PA,Cameron,3
42025,PA,Carbon,19
42027,PA,Centre,47
42029,PA,Chester,131
42031,PA,Clarion,20
42033,PA,Clearfield,32
42035,PA,Clinton,13
42037,PA,Columbia,28
42039,PA,Crawford,26
42041,PA,Cumberland,72
42043,PA,Dauphin,107
42045,PA,Delaware,155
42047,PA,Elk,15
42049,PA,Erie,97
42051,PA,Fayette,61
42053,PA,Forest,3
42055,PA,Franklin,51
42057,PA,Fulton,7
42059,PA,Greene,19
42061,PA,Huntingdon,21
42063,PA,Indiana,35
42065,PA,Jefferson,13
42067,PA,Juniata,10
42069,PA,Lackawanna,102
42071,PA,Lancaster,150
42073,PA,Lawrence,39
42075,PA,Lebanon,48
42077,PA,Lehigh,125
42079,PA,Luzerne,166
42081,PA,Lycoming,49
42083,PA,McKean,25
42085,PA,Mercer,46
42087,PA,Mifflin,16
42089,PA,Monroe,55
42091,PA,Montgomery,219
42093,PA,Montour,6
42095,PA,Northampton,101
42097,PA,Northumberland,39
42099,PA,Perry,17
42101,PA,Philadelphia,474
42103,PA,Pike,27
42105,PA,Potter,11
42107,PA,Schuylkill,60
42109,PA,Snyder,14
42111,PA,Somerset,29
42113,PA,Sullivan,6
42115,PA,Susquehanna,21
42117,PA,Tioga,17
42119,PA,Union,14
42121,PA,Venango,26
42123,PA,Warren,16
42125,PA,Washington,77
42127,PA,Wayne,21
42129,PA,Westmoreland,126
42131,PA,Wyoming,24
42133,PA,York,132
44001,RI,Bristol,13
44003,RI,Kent,58
44005,RI,Newport,29
44007,RI,Providence,227
44009,RI,Washington,39
45001,SC,Abbeville,12
45003,SC,Aiken,103
45005,SC,Allendale,11
45007,SC,Anderson,138
45009,SC,Bamberg,12
45011,SC,Barnwell,18
45013,SC,Beaufort,75
45015,SC,Berkeley,71
45017,SC,Calhoun,11
45019,SC,Charleston,181
45021,SC,Cherokee,42
45023,SC,Chester,34
45025,SC,Chesterfield,29
45027,SC,Clarendon,34
45029,SC,Colleton,34
45031,SC,Darlington,54
45033,SC,Dillon,26
45035,SC,Dorchester,54
45037,SC,Edgefield,12
45039,SC,Fairfield,21
45041,SC,Florence,106
45043,SC,Georgetown,46
45045,SC,Greenville,212
45047,SC,Greenwood,50
45049,SC,Hampton,18
45051,SC,Horry,186
45053,SC,Jasper,32
45055,SC,Kershaw,42
45057,SC,Lancaster,47
45059,SC,Laurens,58
45061,SC,Lee,12
45063,SC,Lexington,180
45065,SC,McCormick,7
45067,SC,Marion,22
45069,SC,Marlboro,31
45071,SC,Newberry,33
45073,SC,Oconee,41
45075,SC,Orangeburg,84
45077,SC,Pickens,58
45079,SC,Richland,196
45081,SC,Saluda,11
45083,SC,Spartanburg,176
45085,SC,Sumter,74
45087,SC,Union,23
45089,SC,Williamsburg,29
45091,SC,York,115
46003,SD,Aurora,3
46005,SD,Beadle,12
46007,SD,Bennett,2
46009,SD,Bon Homme,4
46011,SD,Brookings,17
46013,SD,Brown,18
46015,SD,Brule,7
46017,SD,Buffalo,2
46019,SD,Butte,6
46021,SD,Campbell,1
46023,SD,Charles Mix,8
46025,SD,Clark,4
46027,SD,Clay,8
46029,SD,Codington,26
46031,SD,Corson,1
46033,SD,Custer,6
46035,SD,Davison,17
46037,SD,Day,6
46039,SD,Deuel,3
46041,SD,Dewey,3
46043,SD,Douglas,3
46045,SD,Edmunds,3
46047,SD,Fall River,8
46049,SD,Faulk,0
46051,SD,Grant,5
46053,SD,Gregory,4
46055,SD,Haakon,4
46057,SD,Hamlin,5
46059,SD,Hand,1
46061,SD,Hanson,1
46063,SD,Harding,3
46065,SD,Hughes,12
46067,SD,Hutchinson,6
46069,SD,Hyde,2
46071,SD,Jackson,5
46073,SD,Jerauld,1
46075,SD,Jones,1
46077,SD,Kingsbury,4
46079,SD,Lake,7
46081,SD,Lawrence,16
46083,SD,Lincoln,17
46085,SD,Lyman,5
46087,SD,McCook,4
46089,SD,McPherson,4
46091,SD,Marshall,3
46093,SD,Meade,13
46095,SD,Mellette,4
46097,SD,Miner,1
46099,SD,Minnehaha,84
46101,SD,Moody,5
46103,SD,Pennington,59
46105,SD,Perkins,6
46107,SD,Potter,3
46109,SD,Roberts,6
46111,SD,Sanborn,2
46113,SD,Shannon,9
46115,SD,Spink,3
46117,SD,Stanley,3
46119,SD,Sully,1
46121,SD,Todd,5
46123,SD,Tripp,5
46125,SD,Turner,9
46127,SD,Union,11
46129,SD,Walworth,3
46135,SD,Yankton,19
46137,SD,Ziebach,2
47001,TN,Anderson,50
47003,TN,Bedford,27
47005,TN,Benton,12
47007,TN,Bledsoe,9
47009,TN,Blount,71
47011,TN,Bradley,80
47013,TN,Campbell,32
47015,TN,Cannon,9
47017,TN,Carroll,23
47019,TN,Carter,25
47021,TN,Cheatham,18
47023,TN,Chester,6
47025,TN,Claiborne,13
47027,TN,Clay,6
47029,TN,Cocke,32
47031,TN,Coffee,48
47033,TN,Crockett,11
47035,TN,Cumberland,48
47037,TN,Davidson,283
47039,TN,Decatur,9
47041,TN,DeKalb,8
47043,TN,Dickson,33
47045,TN,Dyer,31
47047,TN,Fayette,25
47049,TN,Fentress,9
47051,TN,Franklin,39
47053,TN,Gibson,30
47055,TN,Giles,28
47057,TN,Grainger,17
47059,TN,Greene,45
47061,TN,Grundy,12
47063,TN,Hamblen,40
47065,TN,Hamilton,203
47067,TN,Hancock,3
47069,TN,Hardeman,19
47071,TN,Hardin,20
47073,TN,Hawkins,30
47075,TN,Haywood,15
47077,TN,Henderson,19
47079,TN,Henry,21
47081,TN,Hickman,16
47083,TN,Houston,5
47085,TN,Humphreys,14
47087,TN,Jackson,6
47089,TN,Jefferson,29
47091,TN,Johnson,8
47093,TN,Knox,225
47095,TN,Lake,2
47097,TN,Lauderdale,20
47099,TN,Lawrence,32
47101,TN,Lewis,12
47103,TN,Lincoln,25
47105,TN,Loudon,33
47107,TN,McMinn,42
47109,TN,McNairy,20
47111,TN,Macon,12
47113,TN,Madison,67
47115,TN,Marion,27
47117,TN,Marshall,22
47119,TN,Maury,54
47121,TN,Meigs,10
47123,TN,Monroe,29
47125,TN,Montgomery,70
47127,TN,Moore,3
47129,TN,Morgan,12
47131,TN,Obion,18
47133,TN,Overton,16
47135,TN,Perry,9
47137,TN,Pickett,5
47139,TN,Polk,13
47141,TN,Putnam,51
47143,TN,Rhea,26
47145,TN,Roane,45
47147,TN,Robertson,33
47149,TN,Rutherford,107
47151,TN,Scott,14
47153,TN,Sequatchie,7
47155,TN,Sevier,84
47157,TN,Shelby,484
47159,TN,Smith,15
47161,TN,Stewart,8
47163,TN,Sullivan,76
47165,TN,Sumner,70
47167,TN,Tipton,22
47169,TN,Trousdale,6
47171,TN,Unicoi,7
47173,TN,Union,11
47175,TN,Van Buren,1
47177,TN,Warren,28
47179,TN,Washington,58
47181,TN,Wayne,14
47183,TN,Weakley,15
47185,TN,White,22
47187,TN,Williamson,61
47189,TN,Wilson,59
48001,TX,Anderson,31
48003,TX,Andrews,7
48005,TX,Angelina,31
48007,TX,Aransas,13
48009,TX,Archer,7
48011,TX,Armstrong,1
48013,TX,Atascosa,35
48015,TX,Austin,18
48017,TX,Bailey,4
48019,TX,Bandera,12
48021,TX,Bastrop,46
48023,TX,Baylor,4
48025,TX,Bee,16
48027,TX,Bell,164
48029,TX,Bexar,764
48031,TX,Blanco,7
48033,TX,Borden,1
48035,TX,Bosque,11
48037,TX,Bowie,44
48039,TX,Brazoria,147
48041,TX,Brazos,112
48043,TX,Brewster,2
48045,TX,Briscoe,2
48047,TX,Brooks,2
48049,TX,Brown,26
48051,TX,Burleson,19
48053,TX,Burnet,36
48055,TX,Caldwell,20
48057,TX,Calhoun,15
48059,TX,Callahan,10
48061,TX,Cameron,147
48063,TX,Camp,11
48065,TX,Carson,5
48067,TX,Cass,18
48069,TX,Castro,5
48071,TX,Chambers,36
48073,TX,Cherokee,27
48075,TX,Childress,4
48077,TX,Clay,6
48079,TX,Cochran,3
48081,TX,Coke,1
48083,TX,Coleman,6
48085,TX,Collin,279
48087,TX,Collingsworth,2
48089,TX,Colorado,23
48091,TX,Comal,48
48093,TX,Comanche,9
48095,TX,Concho,6
48097,TX,Cooke,33
48099,TX,Coryell,27
48101,TX,Cottle,2
48103,TX,Crane,4
48105,TX,Crockett,4
48107,TX,Crosby,4
48109,TX,Culberson,5
48111,TX,Dallam,5
48113,TX,Dallas,1111
48115,TX,Dawson,7
48117,TX,Deaf Smith,10
48119,TX,Delta,3
48121,TX,Denton,241
48123,TX,DeWitt,9
48125,TX,Dickens,2
48127,TX,Dimmit,8
48129,TX,Donley,4
48131,TX,Duval,6
48133,TX,Eastland,19
48135,TX,Ector,55
48137,TX,Edwards,2
48139,TX,Ellis,79
48141,TX,El Paso,241
48143,TX,Erath,26
48145,TX,Falls,11
48147,TX,Fannin,23
48149,TX,Fayette,23
48151,TX,Fisher,2
48153,TX,Floyd,3
48155,TX,Foard,1
48157,TX,Fort Bend,372
48159,TX,Franklin,4
48161,TX,Freestone,15
48163,TX,Frio,14
48165,TX,Gaines,8
48167,TX,Galveston,175
48169,TX,Garza,3
48171,TX,Gillespie,14
48173,TX,Glasscock,1
48175,TX,Goliad,4
48177,TX,Gonzales,13
48179,TX,Gray,12
48181,TX,Grayson,71
48183,TX,Gregg,94
48185,TX,Grimes,19
48187,TX,Guadalupe,59
48189,TX,Hale,18
48191,TX,Hall,2
48193,TX,Hamilton,8
48195,TX,Hansford,3
48197,TX,Hardeman,4
48199,TX,Hardin,32
48201,TX,Harris,2199
48203,TX,Harrison,32
48205,TX,Hartley,3
48207,TX,Haskell,3
48209,TX,Hays,67
48211,TX,Hemphill,4
48213,TX,Henderson,41
48215,TX,Hidalgo,271
48217,TX,Hill,32
48219,TX,Hockley,10
48221,TX,Hood,28
48223,TX,Hopkins,30
48225,TX,Houston,13
48227,TX,Howard,21
48229,TX,Hudspeth,5
48231,TX,Hunt,51
48233,TX,Hutchinson,12
48235,TX,Irion,2
48237,TX,Jack,7
48239,TX,Jackson,14
48241,TX,Jasper,13
48243,TX,Jeff Davis,1
48245,TX,Jefferson,186
48247,TX,Jim Hogg,0
48249,TX,Jim Wells,27
48251,TX,Johnson,79
48253,TX,Jones,8
48255,TX,Karnes,8
48257,TX,Kaufman,54
48259,TX,Kendall,21
48261,TX,Kenedy,0
48263,TX,Kent,1
48265,TX,Kerr,26
48267,TX,Kimble,8
48269,TX,King,0
48271,TX,Kinney,2
48273,TX,Kleberg,21
48275,TX,Knox,2
48277,TX,Lamar,34
48279,TX,Lamb,7
48281,TX,Lampasas,10
48283,TX,La Salle,5
48285,TX,Lavaca,13
48287,TX,Lee,18
48289,TX,Leon,17
48291,TX,Liberty,48
48293,TX,Limestone,19
48295,TX,Lipscomb,2
48297,TX,Live Oak,8
48299,TX,Llano,12
48301,TX,Loving,0
48303,TX,Lubbock,94
48305,TX,Lynn,2
48307,TX,McCulloch,6
48309,TX,McLennan,129
48311,TX,McMullen,3
48313,TX,Madison,9
48315,TX,Marion,8
48317,TX,Martin,1
48319,TX,Mason,6
48321,TX,Matagorda,24
48323,TX,Maverick,12
48325,TX,Medina,24
48327,TX,Menard,2
48329,TX,Midland,49
48331,TX,Milam,9
48333,TX,Mills,4
48335,TX,Mitchell,6
48337,TX,Montague,8
48339,TX,Montgomery,211
48341,TX,Moore,15
48343,TX,Morris,8
48345,TX,Motley,1
48347,TX,Nacogdoches,35
48349,TX,Navarro,33
48351,TX,Newton,16
48353,TX,Nolan,12
48355,TX,Nueces,181
48357,TX,Ochiltree,3
48359,TX,Oldham,2
48361,TX,Orange,57
48363,TX,Palo Pinto,16
48365,TX,Panola,13
48367,TX,Parker,42
48369,TX,Parmer,5
48371,TX,Pecos,11
48373,TX,Polk,27
48375,TX,Potter,61
48377,TX,Presidio,5
48379,TX,Rains,4
48381,TX,Randall,46
48383,TX,Reagan,0
48385,TX,Real,3
48387,TX,Red River,10
48389,TX,Reeves,6
48391,TX,Refugio,7
48393,TX,Roberts,0
48395,TX,Robertson,18
48397,TX,Rockwall,30
48399,TX,Runnels,10
48401,TX,Rusk,22
48403,TX,Sabine,8
48405,TX,San Augustine,5
48407,TX,San Jacinto,11
48409,TX,San Patricio,40
48411,TX,San Saba,7
48413,TX,Schleicher,2
48415,TX,Scurry,14
48417,TX,Shackelford,4
48419,TX,Shelby,13
48421,TX,Sherman,2
48423,TX,Smith,125
48425,TX,Somervell,8
48427,TX,Starr,25
48429,TX,Stephens,8
48431,TX,Sterling,0
48433,TX,Stonewall,1
48435,TX,Sutton,7
48437,TX,Swisher,4
48439,TX,Tarrant,931
48441,TX,Taylor,79
48443,TX,Terrell,2
48445,TX,Terry,6
48447,TX,Throckmorton,1
48449,TX,Titus,23
48451,TX,Tom Green,59
48453,TX,Travis,527
48455,TX,Trinity,7
48457,TX,Tyler,11
48459,TX,Upshur,16
48461,TX,Upton,4
48463,TX,Uvalde,23
48465,TX,Val Verde,14
48467,TX,Van Zandt,28
48469,TX,Victoria,59
48471,TX,Walker,41
48473,TX,Waller,24
48475,TX,Ward,6
48477,TX,Washington,25
48479,TX,Webb,85
48481,TX,Wharton,32
48483,TX,Wheeler,7
48485,TX,Wichita,58
48487,TX,Wilbarger,10
48489,TX,Willacy,9
48491,TX,Williamson,180
48493,TX,Wilson,20
48495,TX,Winkler,4
48497,TX,Wise,32
48499,TX,Wood,23
48501,TX,Yoakum,4
48503,TX,Young,11
48505,TX,Zapata,8
48507,TX,Zavala,8
49001,UT,Beaver,9
49003,UT,Box Elder,19
49005,UT,Cache,28
49007,UT,Carbon,10
49009,UT,Daggett,1
49011,UT,Davis,68
49013,UT,Duchesne,14
49015,UT,Emery,10
49017,UT,Garfield,9
49019,UT,Grand,8
49021,UT,Iron,19
49023,UT,Juab,7
49025,UT,Kane,7
49027,UT,Millard,11
49029,UT,Morgan,3
49031,UT,Piute,3
49033,UT,Rich,2
49035,UT,Salt Lake,261
49037,UT,San Juan,12
49039,UT,Sanpete,13
49041,UT,Sevier,12
49043,UT,Summit,14
49045,UT,Tooele,20
49047,UT,Uintah,14
49049,UT,Utah,113
49051,UT,Wasatch,5
49053,UT,Washington,40
49055,UT,Wayne,3
49057,UT,Weber,88
50001,VT,Addison,24
50003,VT,Bennington,33
50005,VT,Caledonia,28
50007,VT,Chittenden,93
50009,VT,Essex,4
50011,VT,Franklin,41
50013,VT,Grand Isle,7
50015,VT,Lamoille,23
50017,VT,Orange,18
50019,VT,Orleans,21
50021,VT,Rutland,61
50023,VT,Washington,49
50025,VT,Windham,25
50027,VT,Windsor,44
51001,VA,Accomack,32
51003,VA,Albemarle,52
51005,VA,Alleghany,8
51007,VA,Amelia,4
51009,VA,Amherst,21
51011,VA,Appomattox,10
51013,VA,Arlington,64
51015,VA,Augusta,36
51017,VA,Bath,4
51019,VA,Bedford,23
51021,VA,Bland,4
51023,VA,Botetourt,19
51025,VA,Brunswick,16
51027,VA,Buchanan,18
51029,VA,Buckingham,15
51031,VA,Campbell,38
51033,VA,Caroline,20
51035,VA,Carroll,27
51036,VA,Charles City,3
51037,VA,Charlotte,10
51041,VA,Chesterfield,135
51043,VA,Clarke,7
51045,VA,Craig,1
51047,VA,Culpeper,17
51049,VA,Cumberland,7
51051,VA,Dickenson,10
51053,VA,Dinwiddie,19
51057,VA,Essex,10
51059,VA,Fairfax,247
51061,VA,Fauquier,34
51063,VA,Floyd,7
51065,VA,Fluvanna,6
51067,VA,Franklin,36
51069,VA,Frederick,45
51071,VA,Giles,16
51073,VA,Gloucester,20
51075,VA,Goochland,11
51077,VA,Grayson,12
51079,VA,Greene,8
51081,VA,Greensville,12
51083,VA,Halifax,32
51085,VA,Hanover,53
51087,VA,Henrico,144
51089,VA,Henry,50
51091,VA,Highland,5
51093,VA,Isle of Wight,19
51095,VA,James City,20
51097,VA,King and Queen,4
51099,VA,King George,15
51101,VA,King William,6
51103,VA,Lancaster,11
51105,VA,Lee,23
51107,VA,Loudoun,74
51109,VA,Louisa,20
51111,VA,Lunenburg,8
51113,VA,Madison,8
51115,VA,Mathews,5
51117,VA,Mecklenburg,32
51119,VA,Middlesex,10
51121,VA,Montgomery,38
51125,VA,Nelson,16
51127,VA,New Kent,13
51131,VA,Northampton,13
51133,VA,Northumberland,9
51135,VA,Nottoway,17
51137,VA,Orange,20
51139,VA,Page,14
51141,VA,Patrick,15
51143,VA,Pittsylvania,37
51145,VA,Powhatan,15
51147,VA,Prince Edward,24
51149,VA,Prince George,14
51153,VA,Prince William,122
51155,VA,Pulaski,19
51157,VA,Rappahannock,4
51159,VA,Richmond,5
51161,VA,Roanoke,39
51163,VA,Rockbridge,22
51165,VA,Rockingham,41
51167,VA,Russell,16
51169,VA,Scott,23
51171,VA,Shenandoah,32
51173,VA,Smyth,22
51175,VA,Southampton,11
51177,VA,Spotsylvania,42
51179,VA,Stafford,42
51181,VA,Surry,4
51183,VA,Sussex,9
51185,VA,Tazewell,35
51187,VA,Warren,19
51191,VA,Washington,36
51193,VA,Westmoreland,10
51195,VA,Wise,31
51197,VA,Wythe,24
51199,VA,York,22
51510,VA,Alexandria,47
51515,VA,Bedford,6
51520,VA,Bristol,26
51530,VA,Buena Vista,3
51540,VA,Charlottesville,26
51550,VA,Chesapeake,105
51570,VA,Colonial Heights,14
51580,VA,Covington,7
51590,VA,Danville,41
51595,VA,Emporia,15
51600,VA,Fairfax,18
51610,VA,Falls Church,10
51620,VA,Franklin,12
51630,VA,Fredericksburg,17
51640,VA,Galax,10
51650,VA,Hampton,86
51660,VA,Harrisonburg,31
51670,VA,Hopewell,16
51678,VA,Lexington,2
51680,VA,Lynchburg,43
51683,VA,Manassas,22
51685,VA,Manassas Park,7
51690,VA,Martinsville,10
51700,VA,Newport News,94
51710,VA,Norfolk,124
51720,VA,Norton,5
51730,VA,Petersburg,36
51735,VA,Poquoson,4
51740,VA,Portsmouth,60
51750,VA,Radford,9
51760,VA,Richmond,154
51770,VA,Roanoke,56
51775,VA,Salem,22
51790,VA,Staunton,18
51800,VA,Suffolk,38
51810,VA,Virginia Beach,160
51820,VA,Waynesboro,14
51830,VA,Williamsburg,11
51840,VA,Winchester,18
53001,WA,Adams,13
53003,WA,Asotin,3
53005,WA,Benton,66
53007,WA,Chelan,28
53009,WA,Clallam,27
53011,WA,Clark,141
53013,WA,Columbia,5
53015,WA,Cowlitz,59
53017,WA,Douglas,3
53019,WA,Ferry,6
53021,WA,Franklin,31
53023,WA,Garfield,2
53025,WA,Grant,43
53027,WA,Grays Harbor,40
53029,WA,Island,18
53031,WA,Jefferson,9
53033,WA,King,566
53035,WA,Kitsap,74
53037,WA,Kittitas,17
53039,WA,Klickitat,13
53041,WA,Lewis,37
53043,WA,Lincoln,5
53045,WA,Mason,24
53047,WA,Okanogan,25
53049,WA,Pacific,9
53051,WA,Pend Oreille,7
53053,WA,Pierce,230
53055,WA,San Juan,6
53057,WA,Skagit,51
53059,WA,Skamania,7
53061,WA,Snohomish,217
53063,WA,Spokane,151
53065,WA,Stevens,15
53067,WA,Thurston,72
53069,WA,Wahkiakum,1
53071,WA,Walla Walla,17
53073,WA,Whatcom,102
53075,WA,Whitman,15
53077,WA,Yakima,92
54001,WV,Barbour,7
54003,WV,Berkeley,41
54005,WV,Boone,17
54007,WV,Braxton,7
54009,WV,Brooke,14
54011,WV,Cabell,51
54013,WV,Calhoun,4
54015,WV,Clay,5
54017,WV,Doddridge,4
54019,WV,Fayette,33
54021,WV,Gilmer,5
54023,WV,Grant,11
54025,WV,Greenbrier,31
54027,WV,Hampshire,9
54029,WV,Hancock,16
54031,WV,Hardy,8
54033,WV,Harrison,41
54035,WV,Jackson,19
54037,WV,Jefferson,23
54039,WV,Kanawha,85
54041,WV,Lewis,17
54043,WV,Lincoln,8
54045,WV,Logan,22
54047,WV,McDowell,19
54049,WV,Marion,35
54051,WV,Marshall,15
54053,WV,Mason,17
54055,WV,Mercer,38
54057,WV,Mineral,12
54059,WV,Mingo,16
54061,WV,Monongalia,42
54063,WV,Monroe,6
54065,WV,Morgan,6
54067,WV,Nicholas,19
54069,WV,Ohio,20
54071,WV,Pendleton,7
54073,WV,Pleasants,3
54075,WV,Pocahontas,8
54077,WV,Preston,26
54079,WV,Putnam,31
54081,WV,Raleigh,46
54083,WV,Randolph,19
54085,WV,Ritchie,3
54087,WV,Roane,6
54089,WV,Summers,7
54091,WV,Taylor,5
54093,WV,Tucker,5
54095,WV,Tyler,6
54097,WV,Upshur,16
54099,WV,Wayne,21
54101,WV,Webster,7
54103,WV,Wetzel,10
54105,WV,Wirt,2
54107,WV,Wood,44
54109,WV,Wyoming,17
55001,WI,Adams,8
55003,WI,Ashland,13
55005,WI,Barron,23
55007,WI,Bayfield,11
55009,WI,Brown,86
55011,WI,Buffalo,6
55013,WI,Burnett,12
55015,WI,Calumet,15
55017,WI,Chippewa,37
55019,WI,Clark,21
55021,WI,Columbia,24
55023,WI,Crawford,9
55025,WI,Dane,169
55027,WI,Dodge,39
55029,WI,Door,23
55031,WI,Douglas,27
55033,WI,Dunn,21
55035,WI,Eau Claire,48
55037,WI,Florence,2
55039,WI,Fond du Lac,43
55041,WI,Forest,5
55043,WI,Grant,30
55045,WI,Green,13
55047,WI,Green Lake,11
55049,WI,Iowa,15
55051,WI,Iron,5
55053,WI,Jackson,17
55055,WI,Jefferson,36
55057,WI,Juneau,19
55059,WI,Kenosha,65
55061,WI,Kewaunee,11
55063,WI,La Crosse,38
55065,WI,Lafayette,7
55067,WI,Langlade,16
55069,WI,Lincoln,20
55071,WI,Manitowoc,37
55073,WI,Marathon,53
55075,WI,Marinette,29
55077,WI,Marquette,8
55078,WI,Menominee,3
55079,WI,Milwaukee,336
55081,WI,Monroe,23
55083,WI,Oconto,25
55085,WI,Oneida,21
55087,WI,Outagamie,81
55089,WI,Ozaukee,27
55091,WI,Pepin,6
55093,WI,Pierce,17
55095,WI,Polk,26
55097,WI,Portage,27
55099,WI,Price,10
55101,WI,Racine,83
55103,WI,Richland,11
55105,WI,Rock,63
55107,WI,Rusk,10
55109,WI,St. Croix,41
55111,WI,Sauk,44
55113,WI,Sawyer,11
55115,WI,Shawano,18
55117,WI,Sheboygan,47
55119,WI,Taylor,9
55121,WI,Trempealeau,18
55123,WI,Vernon,13
55125,WI,Vilas,22
55127,WI,Walworth,52
55129,WI,Washburn,9
55131,WI,Washington,55
55133,WI,Waukesha,119
55135,WI,Waupaca,26
55137,WI,Waushara,15
55139,WI,Winnebago,63
55141,WI,Wood,33
56001,WY,Albany,13
56003,WY,Big Horn,6
56005,WY,Campbell,18
56007,WY,Carbon,18
56009,WY,Converse,10
56011,WY,Crook,3
56013,WY,Fremont,20
56015,WY,Goshen,1
56017,WY,Hot Springs,2
56019,WY,Johnson,5
56021,WY,Laramie,31
56023,WY,Lincoln,12
56025,WY,Natrona,31
56027,WY,Niobrara,1
56029,WY,Park,13
56031,WY,Platte,9
56033,WY,Sheridan,13
56035,WY,Sublette,7
56037,WY,Sweetwater,22
56039,WY,Teton,19
56041,WY,Uinta,13
56043,WY,Washakie,3
56045,WY,Weston,4
