CountyFIPS,state,county,supercpth16
01001,AL,Autauga,.018090401
01003,AL,Baldwin,.033733498
01005,AL,Barbour,.038798802
01007,AL,Bibb,.044183299
01009,AL,Blount,.017372601
01011,AL,Bullock,0
01013,AL,Butler,.050087702
01015,AL,Calhoun,.034788702
01017,AL,Chambers,.029658601
01019,AL,Cherokee,.038810801
01021,AL,Chilton,.022815401
01023,AL,Choctaw,0
01025,AL,Clarke,.082135521
01027,AL,Clay,0
01029,AL,Cleburne,0
01031,AL,Coffee,.0195248
01033,AL,Colbert,.018407101
01035,AL,Conecuh,0
01037,AL,Coosa,0
01039,AL,Covington,.026748
01041,AL,Crenshaw,0
01043,AL,Cullman,.024294799
01045,AL,Dale,.0203136
01047,AL,Dallas,.0249495
01049,AL,DeKalb,.0140418
01051,AL,Elmore,.0246184
01053,AL,Escambia,.053367499
01055,AL,Etowah,.0194693
01057,AL,Fayette,.0604668
01059,AL,Franklin,.0316686
01061,AL,Geneva,0
01063,AL,Greene,0
01065,AL,Hale,0
01067,AL,Henry,0
01069,AL,Houston,.0287982
01071,AL,Jackson,.0192127
01073,AL,Jefferson,.028798901
01075,AL,Lamar,0
01077,AL,Lauderdale,.032496002
01079,AL,Lawrence,.0300915
01081,AL,Lee,.018869899
01083,AL,Limestone,.0107619
01085,AL,Lowndes,0
01087,AL,Macon,0
01089,AL,Madison,.0392914
01091,AL,Marengo,.051268902
01093,AL,Marion,.066840455
01095,AL,Marshall,.031564701
01097,AL,Mobile,.024104999
01099,AL,Monroe,.046356399
01101,AL,Montgomery,.026464799
01103,AL,Morgan,.0168323
01105,AL,Perry,0
01107,AL,Pickens,0
01109,AL,Pike,.0301069
01111,AL,Randolph,.044448402
01113,AL,Russell,.017188899
01115,AL,St. Clair,.034292798
01117,AL,Shelby,.023688501
01119,AL,Sumter,0
01121,AL,Talladega,.024879999
01123,AL,Tallapoosa,.024646301
01125,AL,Tuscaloosa,.0193909
01127,AL,Walker,.030978501
01129,AL,Washington,0
01131,AL,Wilcox,0
01133,AL,Winston,0
02013,AK,Aleutians East,0
02016,AK,Aleutians West,0
02020,AK,Anchorage,.043715701
02050,AK,Bethel,0
02060,AK,Bristol Bay,0
02068,AK,Denali,0
02070,AK,Dillingham,0
02090,AK,Fairbanks North Star,.039760601
02100,AK,Haines,0
02105,AK,Hoonah-Angoon,0
02110,AK,Juneau,.092578307
02122,AK,Kenai Peninsula,.034162901
02130,AK,Ketchikan Gateway,0
02150,AK,Kodiak Island,0
02164,AK,Lake and Peninsula,0
02170,AK,Matanuska-Susitna,.028812099
02180,AK,Nome,0
02185,AK,North Slope,0
02188,AK,Northwest Arctic,0
02195,AK,Petersburg,0
02198,AK,Prince of Wales-Hyder,0
02220,AK,Sitka,0
02230,AK,Skagway,0
02240,AK,Southeast Fairbanks,0
02261,AK,Valdez-Cordova,0
02270,AK,Wade Hampton,0
02275,AK,Wrangell,0
02282,AK,Yakutat,0
02290,AK,Yukon-Koyukuk,0
04001,AZ,Apache,0
04003,AZ,Cochise,.023932001
04005,AZ,Coconino,.0214165
04007,AZ,Gila,.037525602
04009,AZ,Graham,.026478101
04011,AZ,Greenlee,0
04012,AZ,La Paz,.048725799
04013,AZ,Maricopa,.0229131
04015,AZ,Mohave,.0194756
04017,AZ,Navajo,.027695199
04019,AZ,Pima,.0167898
04021,AZ,Pinal,.0168628
04023,AZ,Santa Cruz,.0217037
04025,AZ,Yavapai,.026742401
04027,AZ,Yuma,.029202299
05001,AR,Arkansas,.054899801
05003,AR,Ashley,.048785198
05005,AR,Baxter,.024304301
05007,AR,Benton,.027058
05009,AR,Boone,.026888199
05011,AR,Bradley,0
05013,AR,Calhoun,0
05015,AR,Carroll,.036064599
05017,AR,Chicot,0
05019,AR,Clark,.0443459
05021,AR,Clay,0
05023,AR,Cleburne,.039747201
05025,AR,Cleveland,0
05027,AR,Columbia,.041696198
05029,AR,Conway,.047858302
05031,AR,Craighead,.0472675
05033,AR,Crawford,.032123901
05035,AR,Crittenden,.0202758
05037,AR,Cross,.058695801
05039,AR,Dallas,0
05041,AR,Desha,0
05043,AR,Drew,.053682599
05045,AR,Faulkner,.016382299
05047,AR,Franklin,0
05049,AR,Fulton,0
05051,AR,Garland,.040720299
05053,AR,Grant,.055266902
05055,AR,Greene,.022363899
05057,AR,Hempstead,.045400899
05059,AR,Hot Spring,.029898901
05061,AR,Howard,.074415833
05063,AR,Independence,.026958499
05065,AR,Izard,0
05067,AR,Jackson,0
05069,AR,Jefferson,.0142163
05071,AR,Johnson,.038131598
05073,AR,Lafayette,0
05075,AR,Lawrence,0
05077,AR,Lee,0
05079,AR,Lincoln,0
05081,AR,Little River,.08045052
05083,AR,Logan,0
05085,AR,Lonoke,.027871801
05087,AR,Madison,0
05089,AR,Marion,.061091099
05091,AR,Miller,.0227925
05093,AR,Mississippi,.046636399
05095,AR,Monroe,0
05097,AR,Montgomery,0
05099,AR,Nevada,0
05101,AR,Newton,0
05103,AR,Ouachita,.041633699
05105,AR,Perry,0
05107,AR,Phillips,.052493401
05109,AR,Pike,0
05111,AR,Poinsett,.041652799
05113,AR,Polk,.049649999
05115,AR,Pope,.015661201
05117,AR,Prairie,0
05119,AR,Pulaski,.025401499
05121,AR,Randolph,.0574449
05123,AR,St. Francis,.038017001
05125,AR,Saline,.0170101
05127,AR,Scott,0
05129,AR,Searcy,0
05131,AR,Sebastian,.039195102
05133,AR,Sevier,.058979701
05135,AR,Sharp,.0583499
05137,AR,Stone,.079999998
05139,AR,Union,.0250834
05141,AR,Van Buren,.060161199
05143,AR,Washington,.026362
05145,AR,White,.025368501
05147,AR,Woodruff,0
05149,AR,Yell,.046541899
06001,CA,Alameda,.00362925
06003,CA,Alpine,0
06005,CA,Amador,0
06007,CA,Butte,.0044145202
06009,CA,Calaveras,0
06011,CA,Colusa,0
06013,CA,Contra Costa,.0043911799
06015,CA,Del Norte,.036429901
06017,CA,El Dorado,0
06019,CA,Fresno,.0102089
06021,CA,Glenn,.035756402
06023,CA,Humboldt,.0146575
06025,CA,Imperial,.0221019
06027,CA,Inyo,0
06029,CA,Kern,.0090386998
06031,CA,Kings,.0133514
06033,CA,Lake,0
06035,CA,Lassen,0
06037,CA,Los Angeles,.0055169398
06039,CA,Madera,0
06041,CA,Marin,.00382362
06043,CA,Mariposa,0
06045,CA,Mendocino,0
06047,CA,Merced,.0111575
06049,CA,Modoc,0
06051,CA,Mono,0
06053,CA,Monterey,.0114584
06055,CA,Napa,.0141194
06057,CA,Nevada,0
06059,CA,Orange,.0084966999
06061,CA,Placer,.0105335
06063,CA,Plumas,0
06065,CA,Riverside,.0113135
06067,CA,Sacramento,.0145381
06069,CA,San Benito,0
06071,CA,San Bernardino,.0084225014
06073,CA,San Diego,.0081393998
06075,CA,San Francisco,.00114142
06077,CA,San Joaquin,.0136185
06079,CA,San Luis Obispo,.0035425599
06081,CA,San Mateo,.00519777
06083,CA,Santa Barbara,.00448133
06085,CA,Santa Clara,.0056948299
06087,CA,Santa Cruz,.0036337699
06089,CA,Shasta,.016781
06091,CA,Sierra,0
06093,CA,Siskiyou,.0229827
06095,CA,Solano,.018168701
06097,CA,Sonoma,.0039695702
06099,CA,Stanislaus,.0073888898
06101,CA,Sutter,.0208208
06103,CA,Tehama,0
06105,CA,Trinity,0
06107,CA,Tulare,.0086799003
06109,CA,Tuolumne,0
06111,CA,Ventura,.00704973
06113,CA,Yolo,.009261
06115,CA,Yuba,.0133005
08001,CO,Adams,.022115201
08003,CO,Alamosa,.060768101
08005,CO,Arapahoe,.023549801
08007,CO,Archuleta,.077905893
08009,CO,Baca,0
08011,CO,Bent,0
08013,CO,Boulder,.0155679
08014,CO,Broomfield,.0300711
08015,CO,Chaffee,.052405398
08017,CO,Cheyenne,0
08019,CO,Clear Creek,0
08021,CO,Conejos,0
08023,CO,Costilla,0
08025,CO,Crowley,0
08027,CO,Custer,0
08029,CO,Delta,.0329533
08031,CO,Denver,.0143931
08033,CO,Dolores,0
08035,CO,Douglas,.0274623
08037,CO,Eagle,.036789101
08039,CO,Elbert,.039934501
08041,CO,El Paso,.0218434
08043,CO,Fremont,.021319199
08045,CO,Garfield,.0169762
08047,CO,Gilpin,0
08049,CO,Grand,0
08051,CO,Gunnison,0
08053,CO,Hinsdale,0
08055,CO,Huerfano,0
08057,CO,Jackson,0
08059,CO,Jefferson,.0245253
08061,CO,Kiowa,0
08063,CO,Kit Carson,0
08065,CO,Lake,0
08067,CO,La Plata,.0181107
08069,CO,Larimer,.026585501
08071,CO,Las Animas,.070987433
08073,CO,Lincoln,0
08075,CO,Logan,.045609999
08077,CO,Mesa,.0200275
08079,CO,Mineral,0
08081,CO,Moffat,.075982071
08083,CO,Montezuma,.038498599
08085,CO,Montrose,.024295401
08087,CO,Morgan,.0356341
08089,CO,Otero,.054827601
08091,CO,Ouray,0
08093,CO,Park,0
08095,CO,Phillips,0
08097,CO,Pitkin,0
08099,CO,Prowers,.083409794
08101,CO,Pueblo,.0242668
08103,CO,Rio Blanco,0
08105,CO,Rio Grande,0
08107,CO,Routt,0
08109,CO,Saguache,0
08111,CO,San Juan,0
08113,CO,San Miguel,0
08115,CO,Sedgwick,0
08117,CO,Summit,0
08119,CO,Teller,.041597299
08121,CO,Washington,0
08123,CO,Weld,.0135942
08125,CO,Yuma,0
09001,CT,Fairfield,.0052676401
09003,CT,Hartford,.0078168996
09005,CT,Litchfield,.0054615899
09007,CT,Middlesex,0
09009,CT,New Haven,.0116283
09011,CT,New London,.0111397
09013,CT,Tolland,0
09015,CT,Windham,.025852701
10001,DE,Kent,.017167
10003,DE,New Castle,.008963
10005,DE,Sussex,.018174101
11001,DC,District of Columbia,.0073063499
12001,FL,Alachua,.0075659798
12003,FL,Baker,.035822999
12005,FL,Bay,.032788299
12007,FL,Bradford,.037413899
12009,FL,Brevard,.0207649
12011,FL,Broward,.0166917
12013,FL,Calhoun,0
12015,FL,Charlotte,.0336782
12017,FL,Citrus,.0209805
12019,FL,Clay,.019301301
12021,FL,Collier,.019120701
12023,FL,Columbia,.0144354
12027,FL,DeSoto,.027835799
12029,FL,Dixie,0
12031,FL,Duval,.0226689
12033,FL,Escambia,.019248599
12035,FL,Flagler,.018552
12037,FL,Franklin,0
12039,FL,Gadsden,.0216661
12041,FL,Gilchrist,0
12043,FL,Glades,0
12045,FL,Gulf,0
12047,FL,Hamilton,0
12049,FL,Hardee,.036534999
12051,FL,Hendry,.050454099
12053,FL,Hernando,.0274377
12055,FL,Highlands,.0196932
12057,FL,Hillsborough,.018818401
12059,FL,Holmes,0
12061,FL,Indian River,.019817401
12063,FL,Jackson,.020707401
12065,FL,Jefferson,0
12067,FL,Lafayette,0
12069,FL,Lake,.0208687
12071,FL,Lee,.0249133
12073,FL,Leon,.024383999
12075,FL,Levy,.0250935
12077,FL,Liberty,0
12079,FL,Madison,0
12081,FL,Manatee,.0213014
12083,FL,Marion,.0201069
12085,FL,Martin,.0126196
12086,FL,Miami-Dade,.0095009999
12087,FL,Monroe,0
12089,FL,Nassau,.0125122
12091,FL,Okaloosa,.025010601
12093,FL,Okeechobee,.024571801
12095,FL,Orange,.0173769
12097,FL,Osceola,.026628001
12099,FL,Palm Beach,.0151331
12101,FL,Pasco,.0235036
12103,FL,Pinellas,.013512
12105,FL,Polk,.016491299
12107,FL,Putnam,.0138114
12109,FL,St. Johns,.0042544901
12111,FL,St. Lucie,.0196028
12113,FL,Santa Rosa,.017640499
12115,FL,Sarasota,.0169541
12117,FL,Seminole,.0219147
12119,FL,Sumter,.016377199
12121,FL,Suwannee,.0228128
12123,FL,Taylor,.045212001
12125,FL,Union,0
12127,FL,Volusia,.018902199
12129,FL,Wakulla,.031362701
12131,FL,Walton,.0305623
12133,FL,Washington,.040899798
13001,GA,Appling,.054097898
13003,GA,Atkinson,0
13005,GA,Bacon,0
13007,GA,Baker,0
13009,GA,Baldwin,.0221288
13011,GA,Banks,.0546179
13013,GA,Barrow,.0129717
13015,GA,Bartow,.0096682999
13017,GA,Ben Hill,.058173399
13019,GA,Berrien,0
13021,GA,Bibb,.0261088
13023,GA,Bleckley,.077531397
13025,GA,Brantley,0
13027,GA,Brooks,0
13029,GA,Bryan,0
13031,GA,Bulloch,.0133831
13033,GA,Burke,.0442321
13035,GA,Butts,0
13037,GA,Calhoun,0
13039,GA,Camden,.0190781
13043,GA,Candler,0
13045,GA,Carroll,.017198199
13047,GA,Catoosa,.0452714
13049,GA,Charlton,0
13051,GA,Chatham,.0241888
13053,GA,Chattahoochee,0
13055,GA,Chattooga,.040268999
13057,GA,Cherokee,.0331126
13059,GA,Clarke,.0159977
13061,GA,Clay,0
13063,GA,Clayton,.021428101
13065,GA,Clinch,0
13067,GA,Cobb,.015989801
13069,GA,Coffee,.0232477
13071,GA,Colquitt,.021895699
13073,GA,Columbia,.020345701
13075,GA,Cook,.058183499
13077,GA,Coweta,.021356599
13079,GA,Crawford,0
13081,GA,Crisp,.043601502
13083,GA,Dade,0
13085,GA,Dawson,.042349599
13087,GA,Decatur,.037432201
13089,GA,DeKalb,.018749399
13091,GA,Dodge,.0479916
13093,GA,Dooly,0
13095,GA,Dougherty,.033187699
13097,GA,Douglas,.021123599
13099,GA,Early,0
13101,GA,Echols,0
13103,GA,Effingham,.0170785
13105,GA,Elbert,0
13107,GA,Emanuel,.044634901
13109,GA,Evans,0
13111,GA,Fannin,.040014401
13113,GA,Fayette,.017977901
13115,GA,Floyd,.031049499
13117,GA,Forsyth,.031808499
13119,GA,Franklin,0
13121,GA,Fulton,.0146449
13123,GA,Gilmer,.033296701
13125,GA,Glascock,0
13127,GA,Glynn,.023660799
13129,GA,Gordon,.0175479
13131,GA,Grady,.040171899
13133,GA,Greene,0
13135,GA,Gwinnett,.0176386
13137,GA,Habersham,.022636199
13139,GA,Hall,.025479401
13141,GA,Hancock,0
13143,GA,Haralson,.034682501
13145,GA,Harris,0
13147,GA,Hart,.039142001
13149,GA,Heard,0
13151,GA,Henry,.027105801
13153,GA,Houston,.0263397
13155,GA,Irwin,0
13157,GA,Jackson,0
13159,GA,Jasper,0
13161,GA,Jeff Davis,.066800267
13163,GA,Jefferson,0
13165,GA,Jenkins,0
13167,GA,Johnson,0
13169,GA,Jones,0
13171,GA,Lamar,0
13173,GA,Lanier,0
13175,GA,Laurens,.021190001
13177,GA,Lee,0
13179,GA,Liberty,.016289299
13181,GA,Lincoln,0
13183,GA,Long,0
13185,GA,Lowndes,.0262453
13187,GA,Lumpkin,.0317178
13189,GA,McDuffie,.046606999
13191,GA,McIntosh,0
13193,GA,Macon,0
13195,GA,Madison,0
13197,GA,Marion,0
13199,GA,Meriwether,0
13201,GA,Miller,0
13205,GA,Mitchell,.044620901
13207,GA,Monroe,.0372038
13209,GA,Montgomery,0
13211,GA,Morgan,.055184599
13213,GA,Murray,0
13215,GA,Muscogee,.0203762
13217,GA,Newton,.0187652
13219,GA,Oconee,.027125301
13221,GA,Oglethorpe,0
13223,GA,Paulding,.0257443
13225,GA,Peach,0
13227,GA,Pickens,.032578599
13229,GA,Pierce,0
13231,GA,Pike,0
13233,GA,Polk,.047927201
13235,GA,Pulaski,0
13237,GA,Putnam,.046408001
13239,GA,Quitman,0
13241,GA,Rabun,.060503401
13243,GA,Randolph,0
13245,GA,Richmond,.019801199
13247,GA,Rockdale,.022377601
13249,GA,Schley,0
13251,GA,Screven,0
13253,GA,Seminole,0
13255,GA,Spalding,.0154911
13257,GA,Stephens,.038874201
13259,GA,Stewart,0
13261,GA,Sumter,.032943498
13263,GA,Talbot,0
13265,GA,Taliaferro,0
13267,GA,Tattnall,0
13269,GA,Taylor,0
13271,GA,Telfair,0
13273,GA,Terrell,0
13275,GA,Thomas,.022177899
13277,GA,Tift,.0246002
13279,GA,Toombs,.036771499
13281,GA,Towns,0
13283,GA,Treutlen,0
13285,GA,Troup,.028663199
13287,GA,Turner,0
13289,GA,Twiggs,0
13291,GA,Union,.044130601
13293,GA,Upson,.038148999
13295,GA,Walker,.0146357
13297,GA,Walton,.0222442
13299,GA,Ware,.027951701
13301,GA,Warren,0
13303,GA,Washington,.049157001
13305,GA,Wayne,.033349998
13307,GA,Webster,0
13309,GA,Wheeler,0
13311,GA,White,.034692101
13313,GA,Whitfield,.019102599
13315,GA,Wilcox,0
13317,GA,Wilkes,0
13319,GA,Wilkinson,0
13321,GA,Worth,.048264898
15001,HI,Hawaii,.0050331899
15003,HI,Honolulu,.0110802
15005,HI,Kalawao,0
15007,HI,Kauai,.0139336
15009,HI,Maui,.0060465299
16001,ID,Ada,.0292616
16003,ID,Adams,0
16005,ID,Bannock,.035553899
16007,ID,Bear Lake,0
16009,ID,Benewah,0
16011,ID,Bingham,.022097001
16013,ID,Blaine,0
16015,ID,Boise,0
16017,ID,Bonner,.0236167
16019,ID,Bonneville,.0357063
16021,ID,Boundary,0
16023,ID,Butte,0
16025,ID,Camas,0
16027,ID,Canyon,.0236842
16029,ID,Caribou,0
16031,ID,Cassia,.042622101
16033,ID,Clark,0
16035,ID,Clearwater,0
16037,ID,Custer,0
16039,ID,Elmore,.038328901
16041,ID,Franklin,0
16043,ID,Fremont,0
16045,ID,Gem,.058896299
16047,ID,Gooding,0
16049,ID,Idaho,0
16051,ID,Jefferson,0
16053,ID,Jerome,.0429978
16055,ID,Kootenai,.032648999
16057,ID,Latah,.0257785
16059,ID,Lemhi,0
16061,ID,Lewis,0
16063,ID,Lincoln,0
16065,ID,Madison,0
16067,ID,Minidoka,0
16069,ID,Nez Perce,0
16071,ID,Oneida,0
16073,ID,Owyhee,0
16075,ID,Payette,0
16077,ID,Power,0
16079,ID,Shoshone,.080560699
16081,ID,Teton,0
16083,ID,Twin Falls,.0359127
16085,ID,Valley,0
16087,ID,Washington,.099364072
17001,IL,Adams,.0299972
17003,IL,Alexander,0
17005,IL,Bond,0
17007,IL,Boone,.01867
17009,IL,Brown,0
17011,IL,Bureau,.0299106
17013,IL,Calhoun,0
17015,IL,Carroll,0
17017,IL,Cass,.078858137
17019,IL,Champaign,.033450101
17021,IL,Christian,.030056201
17023,IL,Clark,.063099444
17025,IL,Clay,.075125836
17027,IL,Clinton,.0266205
17029,IL,Coles,.038159199
17031,IL,Cook,.0097489003
17033,IL,Crawford,.052241102
17035,IL,Cumberland,0
17037,IL,DeKalb,.0095742
17039,IL,De Witt,0
17041,IL,Douglas,0
17043,IL,DuPage,.0150351
17045,IL,Edgar,.057234399
17047,IL,Edwards,0
17049,IL,Effingham,.0292552
17051,IL,Fayette,.045837902
17053,IL,Ford,0
17055,IL,Franklin,.0255807
17057,IL,Fulton,0
17059,IL,Gallatin,0
17061,IL,Greene,0
17063,IL,Grundy,.019893
17065,IL,Hamilton,0
17067,IL,Hancock,0
17069,IL,Hardin,0
17071,IL,Henderson,0
17073,IL,Henry,.0201922
17075,IL,Iroquois,.035443399
17077,IL,Jackson,.033879898
17079,IL,Jasper,0
17081,IL,Jefferson,.026104201
17083,IL,Jersey,.0455685
17085,IL,Jo Daviess,.0457436
17087,IL,Johnson,0
17089,IL,Kane,.018777501
17091,IL,Kankakee,.027259599
17093,IL,Kendall,.040137101
17095,IL,Knox,.019629
17097,IL,Lake,.0184414
17099,IL,LaSalle,.0271476
17101,IL,Lawrence,.061188299
17103,IL,Lee,.029070601
17105,IL,Livingston,.027416
17107,IL,Logan,.034085501
17109,IL,McDonough,.031860299
17111,IL,McHenry,.035717499
17113,IL,McLean,.023163199
17115,IL,Macon,.028129101
17117,IL,Macoupin,.0219044
17119,IL,Madison,.022590499
17121,IL,Marion,.0262702
17123,IL,Marshall,0
17125,IL,Mason,0
17127,IL,Massac,0
17129,IL,Menard,0
17131,IL,Mercer,0
17133,IL,Monroe,.029517701
17135,IL,Montgomery,.034389101
17137,IL,Morgan,.0292449
17139,IL,Moultrie,0
17141,IL,Ogle,.019543501
17143,IL,Peoria,.0107935
17145,IL,Perry,.0467683
17147,IL,Piatt,0
17149,IL,Pike,0
17151,IL,Pope,0
17153,IL,Pulaski,0
17155,IL,Putnam,0
17157,IL,Randolph,.0306777
17159,IL,Richland,.06305965
17161,IL,Rock Island,.020622499
17163,IL,St. Clair,.0114016
17165,IL,Saline,.041232001
17167,IL,Sangamon,.0253048
17169,IL,Schuyler,0
17171,IL,Scott,0
17173,IL,Shelby,.046025701
17175,IL,Stark,0
17177,IL,Stephenson,.021958699
17179,IL,Tazewell,.037322599
17181,IL,Union,.058428299
17183,IL,Vermilion,.0254582
17185,IL,Wabash,0
17187,IL,Warren,0
17189,IL,Washington,0
17191,IL,Wayne,.060339101
17193,IL,White,.070982397
17195,IL,Whiteside,.0176863
17197,IL,Will,.023197399
17199,IL,Williamson,.0295683
17201,IL,Winnebago,.024467999
17203,IL,Woodford,0
18001,IN,Adams,.0283833
18003,IN,Allen,.029732
18005,IN,Bartholomew,.036642101
18007,IN,Benton,0
18009,IN,Blackford,0
18011,IN,Boone,.0311337
18013,IN,Brown,0
18015,IN,Carroll,0
18017,IN,Cass,.026306801
18019,IN,Clark,.025906701
18021,IN,Clay,0
18023,IN,Clinton,.0309914
18025,IN,Crawford,0
18027,IN,Daviess,.030305799
18029,IN,Dearborn,.0202139
18031,IN,Decatur,.0375361
18033,IN,DeKalb,.023463201
18035,IN,Delaware,.0259778
18037,IN,Dubois,.0235538
18039,IN,Elkhart,.024492299
18041,IN,Fayette,.0429978
18043,IN,Floyd,.026067801
18045,IN,Fountain,0
18047,IN,Franklin,0
18049,IN,Fulton,.0496598
18051,IN,Gibson,.059560999
18053,IN,Grant,.029939201
18055,IN,Greene,.0310337
18057,IN,Hamilton,.022131201
18059,IN,Hancock,.0135536
18061,IN,Harrison,.0252022
18063,IN,Hendricks,.056132101
18065,IN,Henry,.020676499
18067,IN,Howard,.036434699
18069,IN,Huntington,.027496699
18071,IN,Jackson,.0227619
18073,IN,Jasper,0
18075,IN,Jay,.047528502
18077,IN,Jefferson,.0310087
18079,IN,Jennings,.036203001
18081,IN,Johnson,.039592698
18083,IN,Knox,.0266368
18085,IN,Kosciusko,.0253399
18087,IN,LaGrange,0
18089,IN,Lake,.0123307
18091,IN,LaPorte,.0272213
18093,IN,Lawrence,.0219419
18095,IN,Madison,.0154649
18097,IN,Marion,.024363499
18099,IN,Marshall,.0214353
18101,IN,Martin,0
18103,IN,Miami,0
18105,IN,Monroe,.0137276
18107,IN,Montgomery,.026094001
18109,IN,Morgan,.0143767
18111,IN,Newton,0
18113,IN,Noble,.0210784
18115,IN,Ohio,0
18117,IN,Orange,.051332101
18119,IN,Owen,0
18121,IN,Parke,0
18123,IN,Perry,.0526039
18125,IN,Pike,0
18127,IN,Porter,.0179171
18129,IN,Posey,0
18131,IN,Pulaski,0
18133,IN,Putnam,.026834801
18135,IN,Randolph,.039905801
18137,IN,Ripley,0
18139,IN,Rush,0
18141,IN,St. Joseph,.033381201
18143,IN,Scott,.0421816
18145,IN,Shelby,.0226101
18147,IN,Spencer,0
18149,IN,Starke,0
18151,IN,Steuben,.058159798
18153,IN,Sullivan,0
18155,IN,Switzerland,0
18157,IN,Tippecanoe,.037101001
18159,IN,Tipton,0
18161,IN,Union,0
18163,IN,Vanderburgh,.0220052
18165,IN,Vermillion,0
18167,IN,Vigo,.037150901
18169,IN,Wabash,.031694699
18171,IN,Warren,0
18173,IN,Warrick,.032232601
18175,IN,Washington,0
18177,IN,Wayne,.030034101
18179,IN,Wells,.035919499
18181,IN,White,.041492101
18183,IN,Whitley,.029865
19001,IA,Adair,0
19003,IA,Adams,0
19005,IA,Allamakee,0
19007,IA,Appanoose,.080019206
19009,IA,Audubon,0
19011,IA,Benton,0
19013,IA,Black Hawk,.030117501
19015,IA,Boone,0
19017,IA,Bremer,.040348601
19019,IA,Buchanan,.047542099
19021,IA,Buena Vista,.0493389
19023,IA,Butler,0
19025,IA,Calhoun,0
19027,IA,Carroll,.049101401
19029,IA,Cass,.075872533
19031,IA,Cedar,0
19033,IA,Cerro Gordo,.046442501
19035,IA,Cherokee,0
19037,IA,Chickasaw,0
19039,IA,Clarke,.10768899
19041,IA,Clay,.061255701
19043,IA,Clayton,0
19045,IA,Clinton,.0211703
19047,IA,Crawford,.058699202
19049,IA,Dallas,.023757201
19051,IA,Davis,0
19053,IA,Decatur,0
19055,IA,Delaware,.057907201
19057,IA,Des Moines,.025236599
19059,IA,Dickinson,.058465902
19061,IA,Dubuque,.0206817
19063,IA,Emmet,0
19065,IA,Fayette,0
19067,IA,Floyd,0
19069,IA,Franklin,0
19071,IA,Fremont,.14367816
19073,IA,Greene,0
19075,IA,Grundy,0
19077,IA,Guthrie,0
19079,IA,Hamilton,0
19081,IA,Hancock,0
19083,IA,Hardin,0
19085,IA,Harrison,0
19087,IA,Henry,.050502501
19089,IA,Howard,0
19091,IA,Humboldt,0
19093,IA,Ida,0
19095,IA,Iowa,0
19097,IA,Jackson,.051573001
19099,IA,Jasper,.0272769
19101,IA,Jefferson,.055029701
19103,IA,Johnson,.020459199
19105,IA,Jones,.049058098
19107,IA,Keokuk,0
19109,IA,Kossuth,0
19111,IA,Lee,.0290225
19113,IA,Linn,.0270392
19115,IA,Louisa,0
19117,IA,Lucas,0
19119,IA,Lyon,0
19121,IA,Madison,0
19123,IA,Mahaska,.0450329
19125,IA,Marion,.060333598
19127,IA,Marshall,.024900399
19129,IA,Mills,0
19131,IA,Mitchell,0
19133,IA,Monona,0
19135,IA,Monroe,0
19137,IA,Montgomery,0
19139,IA,Muscatine,.023307901
19141,IA,O'Brien,0
19143,IA,Osceola,0
19145,IA,Page,0
19147,IA,Palo Alto,0
19149,IA,Plymouth,.039674699
19151,IA,Pocahontas,0
19153,IA,Polk,.021062899
19155,IA,Pottawattamie,.0320828
19157,IA,Poweshiek,.054668698
19159,IA,Ringgold,0
19161,IA,Sac,0
19163,IA,Scott,.023249701
19165,IA,Shelby,0
19167,IA,Sioux,.0286607
19169,IA,Story,.0206577
19171,IA,Tama,0
19173,IA,Taylor,0
19175,IA,Union,.080710247
19177,IA,Van Buren,0
19179,IA,Wapello,.0283527
19181,IA,Warren,.0202663
19183,IA,Washington,.0452304
19185,IA,Wayne,0
19187,IA,Webster,.027209399
19189,IA,Winnebago,0
19191,IA,Winneshiek,.048997998
19193,IA,Woodbury,.029209301
19195,IA,Worth,0
19197,IA,Wright,0
20001,KS,Allen,.079070136
20003,KS,Anderson,0
20005,KS,Atchison,.061076201
20007,KS,Barber,0
20009,KS,Barton,.037159499
20011,KS,Bourbon,.068157032
20013,KS,Brown,.10371292
20015,KS,Butler,.0150042
20017,KS,Chase,0
20019,KS,Chautauqua,0
20021,KS,Cherokee,0
20023,KS,Cheyenne,0
20025,KS,Clark,0
20027,KS,Clay,0
20029,KS,Cloud,.10989011
20031,KS,Coffey,0
20033,KS,Comanche,0
20035,KS,Cowley,.0561467
20037,KS,Crawford,.025646299
20039,KS,Decatur,0
20041,KS,Dickinson,0
20043,KS,Doniphan,0
20045,KS,Douglas,.0251063
20047,KS,Edwards,0
20049,KS,Elk,0
20051,KS,Ellis,.0346945
20053,KS,Ellsworth,0
20055,KS,Finney,.054056998
20057,KS,Ford,.028984699
20059,KS,Franklin,.039143499
20061,KS,Geary,.0284026
20063,KS,Gove,0
20065,KS,Graham,0
20067,KS,Grant,0
20069,KS,Gray,0
20071,KS,Greeley,0
20073,KS,Greenwood,0
20075,KS,Hamilton,0
20077,KS,Harper,0
20079,KS,Harvey,.028757101
20081,KS,Haskell,0
20083,KS,Hodgeman,0
20085,KS,Jackson,0
20087,KS,Jefferson,0
20089,KS,Jewell,0
20091,KS,Johnson,.0256535
20093,KS,Kearny,0
20095,KS,Kingman,0
20097,KS,Kiowa,0
20099,KS,Labette,.049188402
20101,KS,Lane,0
20103,KS,Leavenworth,.0124821
20105,KS,Lincoln,0
20107,KS,Linn,0
20109,KS,Logan,0
20111,KS,Lyon,.0299401
20113,KS,McPherson,.035208799
20115,KS,Marion,0
20117,KS,Marshall,.1020304
20119,KS,Meade,0
20121,KS,Miami,.030337
20123,KS,Mitchell,0
20125,KS,Montgomery,.060851298
20127,KS,Morris,0
20129,KS,Morton,0
20131,KS,Nemaha,0
20133,KS,Neosho,.0622743
20135,KS,Ness,0
20137,KS,Norton,0
20139,KS,Osage,0
20141,KS,Osborne,0
20143,KS,Ottawa,0
20145,KS,Pawnee,0
20147,KS,Phillips,0
20149,KS,Pottawatomie,0
20151,KS,Pratt,.10447138
20153,KS,Rawlins,0
20155,KS,Reno,.015862901
20157,KS,Republic,0
20159,KS,Rice,0
20161,KS,Riley,.0134142
20163,KS,Rooks,0
20165,KS,Rush,0
20167,KS,Russell,0
20169,KS,Saline,.036317401
20171,KS,Scott,0
20173,KS,Sedgwick,.0273096
20175,KS,Seward,.0439445
20177,KS,Shawnee,.033678699
20179,KS,Sheridan,0
20181,KS,Sherman,.16820858
20183,KS,Smith,0
20185,KS,Stafford,0
20187,KS,Stanton,0
20189,KS,Stevens,0
20191,KS,Sumner,.043097898
20193,KS,Thomas,.12802458
20195,KS,Trego,0
20197,KS,Wabaunsee,0
20199,KS,Wallace,0
20201,KS,Washington,0
20203,KS,Wichita,0
20205,KS,Wilson,0
20207,KS,Woodson,0
20209,KS,Wyandotte,.0182462
21001,KY,Adair,.0516022
21003,KY,Allen,0
21005,KY,Anderson,.045159001
21007,KY,Ballard,0
21009,KY,Barren,.022836801
21011,KY,Bath,0
21013,KY,Bell,.0367755
21015,KY,Boone,.030970801
21017,KY,Bourbon,.0498579
21019,KY,Boyd,.041497201
21021,KY,Boyle,.033458199
21023,KY,Bracken,0
21025,KY,Breathitt,0
21027,KY,Breckinridge,0
21029,KY,Bullitt,.0126248
21031,KY,Butler,0
21033,KY,Caldwell,.079245582
21035,KY,Calloway,.0257918
21037,KY,Campbell,.021731099
21039,KY,Carlisle,0
21041,KY,Carroll,.09434852
21043,KY,Carter,0
21045,KY,Casey,0
21047,KY,Christian,.0278804
21049,KY,Clark,.0278637
21051,KY,Clay,0
21053,KY,Clinton,0
21055,KY,Crittenden,0
21057,KY,Cumberland,0
21059,KY,Daviess,.040062498
21061,KY,Edmonson,0
21063,KY,Elliott,0
21065,KY,Estill,0
21067,KY,Fayette,.02194
21069,KY,Fleming,0
21071,KY,Floyd,0
21073,KY,Franklin,.019904099
21075,KY,Fulton,0
21077,KY,Gallatin,0
21079,KY,Garrard,0
21081,KY,Grant,.040147699
21083,KY,Graves,.0269193
21085,KY,Grayson,.038255502
21087,KY,Green,0
21089,KY,Greenup,0
21091,KY,Hancock,0
21093,KY,Hardin,.0280654
21095,KY,Harlan,0
21097,KY,Harrison,.053798102
21099,KY,Hart,0
21101,KY,Henderson,.021624399
21103,KY,Henry,0
21105,KY,Hickman,.21682568
21107,KY,Hopkins,.021878
21109,KY,Jackson,0
21111,KY,Jefferson,.022154599
21113,KY,Jessamine,.0382738
21115,KY,Johnson,.043725401
21117,KY,Kenton,.00607548
21119,KY,Knott,0
21121,KY,Knox,0
21123,KY,Larue,0
21125,KY,Laurel,.033338901
21127,KY,Lawrence,.063107409
21129,KY,Lee,0
21131,KY,Leslie,0
21133,KY,Letcher,0
21135,KY,Lewis,0
21137,KY,Lincoln,.041074499
21139,KY,Livingston,0
21141,KY,Logan,.037513599
21143,KY,Lyon,0
21145,KY,McCracken,.045912299
21147,KY,McCreary,0
21149,KY,McLean,0
21151,KY,Madison,.033505701
21153,KY,Magoffin,0
21155,KY,Marion,.052238401
21157,KY,Marshall,.031976499
21159,KY,Martin,0
21161,KY,Mason,.058281898
21163,KY,Meade,0
21165,KY,Menifee,0
21167,KY,Mercer,.046744298
21169,KY,Metcalfe,0
21171,KY,Monroe,.094526894
21173,KY,Montgomery,.036152001
21175,KY,Morgan,0
21177,KY,Muhlenberg,.032191601
21179,KY,Nelson,.0219722
21181,KY,Nicholas,0
21183,KY,Ohio,.041329101
21185,KY,Oldham,.030610999
21187,KY,Owen,0
21189,KY,Owsley,0
21191,KY,Pendleton,0
21193,KY,Perry,.036812101
21195,KY,Pike,.033089001
21197,KY,Powell,0
21199,KY,Pulaski,.0156216
21201,KY,Robertson,0
21203,KY,Rockcastle,0
21205,KY,Rowan,.040980201
21207,KY,Russell,0
21209,KY,Scott,.037441999
21211,KY,Shelby,.021462901
21213,KY,Simpson,.055601899
21215,KY,Spencer,0
21217,KY,Taylor,.039312799
21219,KY,Todd,0
21221,KY,Trigg,0
21223,KY,Trimble,0
21225,KY,Union,.06760411
21227,KY,Warren,.0316603
21229,KY,Washington,0
21231,KY,Wayne,.048185799
21233,KY,Webster,0
21235,KY,Whitley,.0276985
21237,KY,Wolfe,0
21239,KY,Woodford,0
22001,LA,Acadia,.015923601
22003,LA,Allen,.038931701
22005,LA,Ascension,.032925099
22007,LA,Assumption,0
22009,LA,Avoyelles,.0243665
22011,LA,Beauregard,.027028499
22013,LA,Bienville,0
22015,LA,Bossier,.023762001
22017,LA,Caddo,.0280961
22019,LA,Calcasieu,.0299055
22021,LA,Caldwell,0
22023,LA,Cameron,0
22025,LA,Catahoula,0
22027,LA,Claiborne,0
22029,LA,Concordia,.050014999
22031,LA,De Soto,.036749799
22033,LA,East Baton Rouge,.0290353
22035,LA,East Carroll,0
22037,LA,East Feliciana,0
22039,LA,Evangeline,.0296648
22041,LA,Franklin,.0491063
22043,LA,Grant,0
22045,LA,Iberia,.0136842
22047,LA,Iberville,.0303794
22049,LA,Jackson,.06310343
22051,LA,Jefferson,.0182446
22053,LA,Jefferson Davis,.0318776
22055,LA,Lafayette,.028956
22057,LA,Lafourche,.0304207
22059,LA,La Salle,.06643635
22061,LA,Lincoln,.020987701
22063,LA,Livingston,.035693899
22065,LA,Madison,0
22067,LA,Morehouse,.038589198
22069,LA,Natchitoches,.025644301
22071,LA,Orleans,.0101776
22073,LA,Ouachita,.044603899
22075,LA,Plaquemines,0
22077,LA,Pointe Coupee,0
22079,LA,Rapides,.045421202
22081,LA,Red River,0
22083,LA,Richland,.048895001
22085,LA,Sabine,.041505799
22087,LA,St. Bernard,.0218274
22089,LA,St. Charles,.018916501
22091,LA,St. Helena,0
22093,LA,St. James,0
22095,LA,St. John the Baptist,.0229991
22097,LA,St. Landry,.023894001
22099,LA,St. Martin,.0185843
22101,LA,St. Mary,.0191666
22103,LA,St. Tammany,.027692899
22105,LA,Tangipahoa,.022966901
22107,LA,Tensas,0
22109,LA,Terrebonne,.0265198
22111,LA,Union,.0442302
22113,LA,Vermilion,.0166074
22115,LA,Vernon,.019371999
22117,LA,Washington,0
22119,LA,Webster,.050257601
22121,LA,West Baton Rouge,.038555
22123,LA,West Carroll,.089863405
22125,LA,West Feliciana,0
22127,LA,Winn,.068808921
23001,ME,Androscoggin,.0186447
23003,ME,Aroostook,.0146808
23005,ME,Cumberland,.0171877
23007,ME,Franklin,.033254601
23009,ME,Hancock,.018383
23011,ME,Kennebec,.0247264
23013,ME,Knox,0
23015,ME,Lincoln,0
23017,ME,Oxford,.0350287
23019,ME,Penobscot,.0264
23021,ME,Piscataquis,0
23023,ME,Sagadahoc,0
23025,ME,Somerset,.039476499
23027,ME,Waldo,0
23029,ME,Washington,0
23031,ME,York,.0098901
24001,MD,Allegany,.0138516
24003,MD,Anne Arundel,.0175773
24005,MD,Baltimore,.0132302
24009,MD,Calvert,0
24011,MD,Caroline,.0304072
24013,MD,Carroll,.011966
24015,MD,Cecil,.019474
24017,MD,Charles,.0127041
24019,MD,Dorchester,.0309914
24021,MD,Frederick,.016136801
24023,MD,Garrett,.034078501
24025,MD,Harford,.011979
24027,MD,Howard,.0094646998
24029,MD,Kent,0
24031,MD,Montgomery,.00286169
24033,MD,Prince George's,.0054875501
24035,MD,Queen Anne's,0
24037,MD,St. Mary's,.0178835
24039,MD,Somerset,0
24041,MD,Talbot,.0268788
24043,MD,Washington,.0133502
24045,MD,Wicomico,.029244
24047,MD,Worcester,.038824402
24510,MD,Baltimore,.0032417099
25001,MA,Barnstable,.0046851598
25003,MA,Berkshire,.0078828
25005,MA,Bristol,.0143289
25007,MA,Dukes,0
25009,MA,Essex,.0064050602
25011,MA,Franklin,.0141607
25013,MA,Hampden,.0085287001
25015,MA,Hampshire,.0061859
25017,MA,Middlesex,.00564506
25019,MA,Nantucket,0
25021,MA,Norfolk,.0100457
25023,MA,Plymouth,.0058614402
25025,MA,Suffolk,.00126396
25027,MA,Worcester,.0097479997
26001,MI,Alcona,0
26003,MI,Alger,0
26005,MI,Allegan,.0173981
26007,MI,Alpena,.069790974
26009,MI,Antrim,0
26011,MI,Arenac,0
26013,MI,Baraga,0
26015,MI,Barry,.0167471
26017,MI,Bay,.0287134
26019,MI,Benzie,0
26021,MI,Berrien,.025947601
26023,MI,Branch,.046022501
26025,MI,Calhoun,.029811099
26027,MI,Cass,0
26029,MI,Charlevoix,0
26031,MI,Cheboygan,.039363898
26033,MI,Chippewa,.026528001
26035,MI,Clare,0
26037,MI,Clinton,.038694698
26039,MI,Crawford,0
26041,MI,Delta,.0276052
26043,MI,Dickinson,.039192598
26045,MI,Eaton,.045936
26047,MI,Emmet,.060760699
26049,MI,Genesee,.0269207
26051,MI,Gladwin,0
26053,MI,Gogebic,.065150827
26055,MI,Grand Traverse,.043518901
26057,MI,Gratiot,.0488615
26059,MI,Hillsdale,.0218498
26061,MI,Houghton,.027558099
26063,MI,Huron,.031795502
26065,MI,Ingham,.020838199
26067,MI,Ionia,.0311614
26069,MI,Iosco,.039570998
26071,MI,Iron,0
26073,MI,Isabella,.042174499
26075,MI,Jackson,.0252821
26077,MI,Kalamazoo,.030644801
26079,MI,Kalkaska,0
26081,MI,Kent,.031108599
26083,MI,Keweenaw,0
26085,MI,Lake,0
26087,MI,Lapeer,.0226909
26089,MI,Leelanau,0
26091,MI,Lenawee,.020302501
26093,MI,Livingston,.031854201
26095,MI,Luce,0
26097,MI,Mackinac,0
26099,MI,Macomb,.0219019
26101,MI,Manistee,.0409199
26103,MI,Marquette,.0150464
26105,MI,Mason,.069333702
26107,MI,Mecosta,.046326298
26109,MI,Menominee,0
26111,MI,Midland,.023971301
26113,MI,Missaukee,0
26115,MI,Monroe,.0134028
26117,MI,Montcalm,.031764701
26119,MI,Montmorency,0
26121,MI,Muskegon,.034661599
26123,MI,Newaygo,.020925799
26125,MI,Oakland,.021673501
26127,MI,Oceana,0
26129,MI,Ogemaw,.047842301
26131,MI,Ontonagon,0
26133,MI,Osceola,0
26135,MI,Oscoda,0
26137,MI,Otsego,.08201763
26139,MI,Ottawa,.024713799
26141,MI,Presque Isle,0
26143,MI,Roscommon,.041933998
26145,MI,Saginaw,.0312037
26147,MI,St. Clair,.031346601
26149,MI,St. Joseph,.065754868
26151,MI,Sanilac,.024159299
26153,MI,Schoolcraft,0
26155,MI,Shiawassee,.029179599
26157,MI,Tuscola,.018784599
26159,MI,Van Buren,.039893098
26161,MI,Washtenaw,.0164495
26163,MI,Wayne,.0187863
26165,MI,Wexford,.0604412
27001,MN,Aitkin,0
27003,MN,Anoka,.023048401
27005,MN,Becker,.029627901
27007,MN,Beltrami,.021733901
27009,MN,Benton,0
27011,MN,Big Stone,0
27013,MN,Blue Earth,.030191399
27015,MN,Brown,.039585099
27017,MN,Carlton,.0281341
27019,MN,Carver,.0099673998
27021,MN,Cass,0
27023,MN,Chippewa,.083084084
27025,MN,Chisago,0
27027,MN,Clay,.031817701
27029,MN,Clearwater,0
27031,MN,Cook,0
27033,MN,Cottonwood,0
27035,MN,Crow Wing,.031362198
27037,MN,Dakota,.0311436
27039,MN,Dodge,0
27041,MN,Douglas,.0269012
27043,MN,Faribault,0
27045,MN,Fillmore,0
27047,MN,Freeborn,.032891501
27049,MN,Goodhue,.021626299
27051,MN,Grant,0
27053,MN,Hennepin,.0153594
27055,MN,Houston,0
27057,MN,Hubbard,.048264898
27059,MN,Isanti,.025797101
27061,MN,Itasca,.0221489
27063,MN,Jackson,0
27065,MN,Kanabec,0
27067,MN,Kandiyohi,.0234621
27069,MN,Kittson,0
27071,MN,Koochiching,0
27073,MN,Lac qui Parle,0
27075,MN,Lake,0
27077,MN,Lake of the Woods,0
27079,MN,Le Sueur,0
27081,MN,Lincoln,0
27083,MN,Lyon,.038668301
27085,MN,McLeod,.0279736
27087,MN,Mahnomen,0
27089,MN,Marshall,0
27091,MN,Martin,.050276499
27093,MN,Meeker,.0432919
27095,MN,Mille Lacs,.039041098
27097,MN,Morrison,.030376701
27099,MN,Mower,.0254265
27101,MN,Murray,0
27103,MN,Nicollet,0
27105,MN,Nobles,.0454215
27107,MN,Norman,0
27109,MN,Olmsted,.039168801
27111,MN,Otter Tail,.017247001
27113,MN,Pennington,.070170514
27115,MN,Pine,.034629598
27117,MN,Pipestone,0
27119,MN,Polk,.031610601
27121,MN,Pope,0
27123,MN,Ramsey,.0110536
27125,MN,Red Lake,0
27127,MN,Redwood,.065634027
27129,MN,Renville,0
27131,MN,Rice,.0152467
27133,MN,Rock,0
27135,MN,Roseau,0
27137,MN,St. Louis,.0199982
27139,MN,Scott,.020915
27141,MN,Sherburne,.0107255
27143,MN,Sibley,0
27145,MN,Stearns,.025547501
27147,MN,Steele,.0272457
27149,MN,Stevens,0
27151,MN,Swift,0
27153,MN,Todd,0
27155,MN,Traverse,0
27157,MN,Wabasha,0
27159,MN,Wadena,.073713697
27161,MN,Waseca,.053112399
27163,MN,Washington,.0237177
27165,MN,Watonwan,0
27167,MN,Wilkin,0
27169,MN,Winona,.0196572
27171,MN,Wright,.030214399
27173,MN,Yellow Medicine,0
28001,MS,Adams,.031806599
28003,MS,Alcorn,.0268528
28005,MS,Amite,0
28007,MS,Attala,.053861901
28009,MS,Benton,0
28011,MS,Bolivar,.030642901
28013,MS,Calhoun,0
28015,MS,Carroll,0
28017,MS,Chickasaw,0
28019,MS,Choctaw,0
28021,MS,Claiborne,0
28023,MS,Clarke,0
28025,MS,Clay,.0504032
28027,MS,Coahoma,.0419815
28029,MS,Copiah,.034958899
28031,MS,Covington,0
28033,MS,DeSoto,.0284827
28035,MS,Forrest,.026442099
28037,MS,Franklin,0
28039,MS,George,.042167399
28041,MS,Greene,0
28043,MS,Grenada,.047127601
28045,MS,Hancock,.0214376
28047,MS,Harrison,.024674401
28049,MS,Hinds,.016541401
28051,MS,Holmes,0
28053,MS,Humphreys,0
28055,MS,Issaquena,0
28057,MS,Itawamba,.042729601
28059,MS,Jackson,.0141293
28061,MS,Jasper,0
28063,MS,Jefferson,0
28065,MS,Jefferson Davis,0
28067,MS,Jones,.0146668
28069,MS,Kemper,0
28071,MS,Lafayette,.018698899
28073,MS,Lamar,.032663699
28075,MS,Lauderdale,.038846001
28077,MS,Lawrence,0
28079,MS,Leake,.043981198
28081,MS,Lee,.0353707
28083,MS,Leflore,.033639502
28085,MS,Lincoln,.029066401
28087,MS,Lowndes,.016818
28089,MS,Madison,.0288809
28091,MS,Marion,.039820001
28093,MS,Marshall,.027948599
28095,MS,Monroe,.027848899
28097,MS,Montgomery,0
28099,MS,Neshoba,.033968501
28101,MS,Newton,.046761699
28103,MS,Noxubee,0
28105,MS,Oktibbeha,.0201698
28107,MS,Panola,.029274
28109,MS,Pearl River,.018158
28111,MS,Perry,0
28113,MS,Pike,.025247401
28115,MS,Pontotoc,.031809699
28117,MS,Prentiss,.039379399
28119,MS,Quitman,0
28121,MS,Rankin,.0264771
28123,MS,Scott,.035238601
28125,MS,Sharkey,0
28127,MS,Simpson,.0370645
28129,MS,Smith,0
28131,MS,Stone,.055707201
28133,MS,Sunflower,.037894599
28135,MS,Tallahatchie,0
28137,MS,Tate,.035403199
28139,MS,Tippah,0
28141,MS,Tishomingo,0
28143,MS,Tunica,0
28145,MS,Union,.035304502
28147,MS,Walthall,0
28149,MS,Warren,.021258101
28151,MS,Washington,.0211905
28153,MS,Wayne,.0488998
28155,MS,Webster,0
28157,MS,Wilkinson,0
28159,MS,Winston,.054466199
28161,MS,Yalobusha,0
28163,MS,Yazoo,0
29001,MO,Adair,.039646398
29003,MO,Andrew,0
29005,MO,Atchison,0
29007,MO,Audrain,.038647301
29009,MO,Barry,.0565947
29011,MO,Barton,.084324144
29013,MO,Bates,.0610836
29015,MO,Benton,.052851301
29017,MO,Bollinger,0
29019,MO,Boone,.0226558
29021,MO,Buchanan,.033574302
29023,MO,Butler,.046741001
29025,MO,Caldwell,0
29027,MO,Callaway,.022184299
29029,MO,Camden,.044435602
29031,MO,Cape Girardeau,.051026899
29033,MO,Carroll,0
29035,MO,Carter,0
29037,MO,Cass,.019459
29039,MO,Cedar,0
29041,MO,Chariton,0
29043,MO,Christian,.0237645
29045,MO,Clark,0
29047,MO,Clay,.025129599
29049,MO,Clinton,0
29051,MO,Cole,.0390752
29053,MO,Cooper,.056551501
29055,MO,Crawford,0
29057,MO,Dade,0
29059,MO,Dallas,0
29061,MO,Daviess,0
29063,MO,DeKalb,.079968013
29065,MO,Dent,.064829819
29067,MO,Douglas,.074895144
29069,MO,Dunklin,.032726798
29071,MO,Franklin,.029195899
29073,MO,Gasconade,.06779661
29075,MO,Gentry,0
29077,MO,Greene,.031262901
29079,MO,Grundy,0
29081,MO,Harrison,.11641444
29083,MO,Henry,.046259899
29085,MO,Hickory,0
29087,MO,Holt,0
29089,MO,Howard,0
29091,MO,Howell,.024912801
29093,MO,Iron,0
29095,MO,Jackson,.0187559
29097,MO,Jasper,.0419119
29099,MO,Jefferson,.017904099
29101,MO,Johnson,.018639
29103,MO,Knox,0
29105,MO,Laclede,.0282271
29107,MO,Lafayette,0
29109,MO,Lawrence,.052323099
29111,MO,Lewis,0
29113,MO,Lincoln,.018120499
29115,MO,Linn,.082372323
29117,MO,Livingston,.066058926
29119,MO,McDonald,.043923199
29121,MO,Macon,0
29123,MO,Madison,.081759468
29125,MO,Maries,0
29127,MO,Marion,.034883302
29129,MO,Mercer,0
29131,MO,Miller,0
29133,MO,Mississippi,0
29135,MO,Moniteau,0
29137,MO,Monroe,0
29139,MO,Montgomery,0
29141,MO,Morgan,.049753699
29143,MO,New Madrid,.055897102
29145,MO,Newton,.0171765
29147,MO,Nodaway,.0444603
29149,MO,Oregon,0
29151,MO,Osage,0
29153,MO,Ozark,0
29155,MO,Pemiscot,0
29157,MO,Perry,.052080601
29159,MO,Pettis,.023651799
29161,MO,Phelps,.0223075
29163,MO,Pike,.054042399
29165,MO,Platte,.0101365
29167,MO,Polk,.031835001
29169,MO,Pulaski,.0190074
29171,MO,Putnam,0
29173,MO,Ralls,0
29175,MO,Randolph,.0400481
29177,MO,Ray,.0440121
29179,MO,Reynolds,0
29181,MO,Ripley,0
29183,MO,St. Charles,.0179122
29185,MO,St. Clair,0
29186,MO,Ste. Genevieve,0
29187,MO,St. Francois,.030123699
29189,MO,St. Louis,.019034
29195,MO,Saline,.0437598
29197,MO,Schuyler,0
29199,MO,Scotland,0
29201,MO,Scott,0
29203,MO,Shannon,0
29205,MO,Shelby,0
29207,MO,Stoddard,.0339179
29209,MO,Stone,.031711798
29211,MO,Sullivan,0
29213,MO,Taney,.018265201
29215,MO,Texas,.038681701
29217,MO,Vernon,.048652299
29219,MO,Warren,.029572699
29221,MO,Washington,.0402706
29223,MO,Wayne,0
29225,MO,Webster,.0262709
29227,MO,Worth,0
29229,MO,Wright,.054719601
29510,MO,St. Louis,0
30001,MT,Beaverhead,0
30003,MT,Big Horn,0
30005,MT,Blaine,0
30007,MT,Broadwater,0
30009,MT,Carbon,0
30011,MT,Carter,0
30013,MT,Cascade,.0245435
30015,MT,Chouteau,0
30017,MT,Custer,.084595211
30019,MT,Daniels,0
30021,MT,Dawson,0
30023,MT,Deer Lodge,0
30025,MT,Fallon,0
30027,MT,Fergus,0
30029,MT,Flathead,.020472299
30031,MT,Gallatin,.0192175
30033,MT,Garfield,0
30035,MT,Glacier,0
30037,MT,Golden Valley,0
30039,MT,Granite,0
30041,MT,Hill,.060805101
30043,MT,Jefferson,0
30045,MT,Judith Basin,0
30047,MT,Lake,0
30049,MT,Lewis and Clark,.029943701
30051,MT,Liberty,0
30053,MT,Lincoln,0
30055,MT,McCone,0
30057,MT,Madison,0
30059,MT,Meagher,0
30061,MT,Mineral,0
30063,MT,Missoula,.025885301
30065,MT,Musselshell,0
30067,MT,Park,0
30069,MT,Petroleum,0
30071,MT,Phillips,0
30073,MT,Pondera,0
30075,MT,Powder River,0
30077,MT,Powell,0
30079,MT,Prairie,0
30081,MT,Ravalli,0
30083,MT,Richland,0
30085,MT,Roosevelt,0
30087,MT,Rosebud,0
30089,MT,Sanders,0
30091,MT,Sheridan,0
30093,MT,Silver Bow,.0290133
30095,MT,Stillwater,0
30097,MT,Sweet Grass,0
30099,MT,Teton,0
30101,MT,Toole,0
30103,MT,Treasure,0
30105,MT,Valley,0
30107,MT,Wheatland,0
30109,MT,Wibaux,0
30111,MT,Yellowstone,.031716201
31001,NE,Adams,.031588599
31003,NE,Antelope,0
31005,NE,Arthur,0
31007,NE,Banner,0
31009,NE,Blaine,0
31011,NE,Boone,0
31013,NE,Box Butte,0
31015,NE,Boyd,0
31017,NE,Brown,0
31019,NE,Buffalo,.0202503
31021,NE,Burt,0
31023,NE,Butler,0
31025,NE,Cass,0
31027,NE,Cedar,0
31029,NE,Chase,0
31031,NE,Cherry,0
31033,NE,Cheyenne,.099344328
31035,NE,Clay,0
31037,NE,Colfax,0
31039,NE,Cuming,0
31041,NE,Custer,0
31043,NE,Dakota,.049017198
31045,NE,Dawes,.11220826
31047,NE,Dawson,.041976199
31049,NE,Deuel,0
31051,NE,Dixon,0
31053,NE,Dodge,.027347101
31055,NE,Douglas,.0233858
31057,NE,Dundy,0
31059,NE,Fillmore,0
31061,NE,Franklin,0
31063,NE,Frontier,0
31065,NE,Furnas,0
31067,NE,Gage,.046277002
31069,NE,Garden,0
31071,NE,Garfield,0
31073,NE,Gosper,0
31075,NE,Grant,0
31077,NE,Greeley,0
31079,NE,Hall,.0487567
31081,NE,Hamilton,0
31083,NE,Harlan,0
31085,NE,Hayes,0
31087,NE,Hitchcock,0
31089,NE,Holt,0
31091,NE,Hooker,0
31093,NE,Howard,0
31095,NE,Jefferson,.13931458
31097,NE,Johnson,0
31099,NE,Kearney,0
31101,NE,Keith,.12336541
31103,NE,Keya Paha,0
31105,NE,Kimball,0
31107,NE,Knox,0
31109,NE,Lancaster,.0225408
31111,NE,Lincoln,.0281897
31113,NE,Logan,0
31115,NE,Loup,0
31117,NE,McPherson,0
31119,NE,Madison,.0286246
31121,NE,Merrick,0
31123,NE,Morrill,0
31125,NE,Nance,0
31127,NE,Nemaha,0
31129,NE,Nuckolls,0
31131,NE,Otoe,.062562563
31133,NE,Pawnee,0
31135,NE,Perkins,0
31137,NE,Phelps,0
31139,NE,Pierce,0
31141,NE,Platte,.030352701
31143,NE,Polk,0
31145,NE,Red Willow,.092738569
31147,NE,Richardson,0
31149,NE,Rock,0
31151,NE,Saline,.069954529
31153,NE,Sarpy,.033645902
31155,NE,Saunders,0
31157,NE,Scotts Bluff,.0273575
31159,NE,Seward,.058530901
31161,NE,Sheridan,0
31163,NE,Sherman,0
31165,NE,Sioux,0
31167,NE,Stanton,0
31169,NE,Thayer,0
31171,NE,Thomas,0
31173,NE,Thurston,0
31175,NE,Valley,0
31177,NE,Washington,.0486192
31179,NE,Wayne,0
31181,NE,Webster,0
31183,NE,Wheeler,0
31185,NE,York,.072669134
32001,NV,Churchill,.0416389
32003,NV,Clark,.0120553
32005,NV,Douglas,.041712701
32007,NV,Elko,.0191267
32009,NV,Esmeralda,0
32011,NV,Eureka,0
32013,NV,Humboldt,.059266299
32015,NV,Lander,0
32017,NV,Lincoln,0
32019,NV,Lyon,.018920001
32021,NV,Mineral,0
32023,NV,Nye,.023042001
32027,NV,Pershing,0
32029,NV,Storey,0
32031,NV,Washoe,.019892599
32033,NV,White Pine,0
32510,NV,Carson City,.0368439
33001,NH,Belknap,.0165
33003,NH,Carroll,0
33005,NH,Cheshire,.0132106
33007,NH,Coos,.0313254
33009,NH,Grafton,.033590499
33011,NH,Hillsborough,.0122634
33013,NH,Merrimack,.0270028
33015,NH,Rockingham,.0230322
33017,NH,Strafford,.015714601
33019,NH,Sullivan,.0232364
34001,NJ,Atlantic,.0110771
34003,NJ,Bergen,.0063668098
34005,NJ,Burlington,.0066913199
34007,NJ,Camden,.0039158799
34009,NJ,Cape May,0
34011,NJ,Cumberland,.0129943
34013,NJ,Essex,0
34015,NJ,Gloucester,.023996999
34017,NJ,Hudson,.0101983
34019,NJ,Hunterdon,.023988299
34021,NJ,Mercer,.0080287
34023,NJ,Middlesex,.0130955
34025,NJ,Monmouth,.0143591
34027,NJ,Morris,.0100232
34029,NJ,Ocean,.0084325001
34031,NJ,Passaic,.0039118701
34033,NJ,Salem,0
34035,NJ,Somerset,.0089720003
34037,NJ,Sussex,0
34039,NJ,Union,.0053465799
34041,NJ,Warren,.018718701
35001,NM,Bernalillo,.0222029
35003,NM,Catron,0
35005,NM,Chaves,.0305946
35006,NM,Cibola,.037042499
35007,NM,Colfax,0
35009,NM,Curry,.019933
35011,NM,De Baca,0
35013,NM,DoÃ±a Ana,.0187026
35015,NM,Eddy,.034809198
35017,NM,Grant,.035672199
35019,NM,Guadalupe,0
35021,NM,Harding,0
35023,NM,Hidalgo,0
35025,NM,Lea,.0143164
35027,NM,Lincoln,.051829599
35028,NM,Los Alamos,0
35029,NM,Luna,.041172601
35031,NM,McKinley,.0137065
35033,NM,Mora,0
35035,NM,Otero,.0153412
35037,NM,Quay,0
35039,NM,Rio Arriba,.025537601
35041,NM,Roosevelt,.052405398
35043,NM,Sandoval,.0142629
35045,NM,San Juan,.0234793
35047,NM,San Miguel,.035770498
35049,NM,Santa Fe,.0202781
35051,NM,Sierra,.089814983
35053,NM,Socorro,.059105098
35055,NM,Taos,0
35057,NM,Torrance,0
35059,NM,Union,0
35061,NM,Valencia,.026441401
36001,NY,Albany,.016177
36003,NY,Allegany,0
36005,NY,Bronx,.00204224
36007,NY,Broome,.015398
36009,NY,Cattaraugus,.025719799
36011,NY,Cayuga,.0257212
36013,NY,Chautauqua,.023141401
36015,NY,Chemung,.023244999
36017,NY,Chenango,.020694099
36019,NY,Clinton,.0246996
36021,NY,Columbia,.0163908
36023,NY,Cortland,.020862
36025,NY,Delaware,0
36027,NY,Dutchess,.0101844
36029,NY,Erie,.0097495997
36031,NY,Essex,.0263061
36033,NY,Franklin,.0195545
36035,NY,Fulton,0
36037,NY,Genesee,.034386098
36039,NY,Greene,.0210455
36041,NY,Hamilton,0
36043,NY,Herkimer,.016005401
36045,NY,Jefferson,.0262964
36047,NY,Kings,.00150894
36049,NY,Lewis,.0375291
36051,NY,Livingston,.0155758
36053,NY,Madison,.0140078
36055,NY,Monroe,.0147191
36057,NY,Montgomery,.020298
36059,NY,Nassau,.0051249899
36061,NY,New York,.00060162501
36063,NY,Niagara,.0141644
36065,NY,Oneida,.017295601
36067,NY,Onondaga,.012858
36069,NY,Ontario,.045626301
36071,NY,Orange,.0131608
36073,NY,Orleans,.024217799
36075,NY,Oswego,.0252298
36077,NY,Otsego,.0331439
36079,NY,Putnam,0
36081,NY,Queens,.0021222001
36083,NY,Rensselaer,.0062603299
36085,NY,Richmond,.0020947501
36087,NY,Rockland,.00611855
36089,NY,St. Lawrence,.027275501
36091,NY,Saratoga,.0131833
36093,NY,Schenectady,.0129056
36095,NY,Schoharie,.031793501
36097,NY,Schuyler,.055561699
36099,NY,Seneca,.028751301
36101,NY,Steuben,.0103274
36103,NY,Suffolk,.0080303
36105,NY,Sullivan,.0132679
36107,NY,Tioga,0
36109,NY,Tompkins,.0191276
36111,NY,Ulster,.016708801
36113,NY,Warren,.030998601
36115,NY,Washington,0
36117,NY,Wayne,.021996399
36119,NY,Westchester,.0061311801
36121,NY,Wyoming,0
36123,NY,Yates,0
37001,NC,Alamance,.025105899
37003,NC,Alexander,.0268312
37005,NC,Alleghany,0
37007,NC,Anson,.039810501
37009,NC,Ashe,.0373776
37011,NC,Avery,0
37013,NC,Beaufort,.0211144
37015,NC,Bertie,0
37017,NC,Bladen,0
37019,NC,Brunswick,.023743
37021,NC,Buncombe,.019582201
37023,NC,Burke,0
37025,NC,Cabarrus,.0297659
37027,NC,Caldwell,.0244538
37029,NC,Camden,0
37031,NC,Carteret,.0145233
37033,NC,Caswell,0
37035,NC,Catawba,.0191513
37037,NC,Chatham,.028643399
37039,NC,Cherokee,.0358641
37041,NC,Chowan,0
37043,NC,Clay,0
37045,NC,Cleveland,.0102984
37047,NC,Columbus,.017751001
37049,NC,Craven,.019444499
37051,NC,Cumberland,.026983401
37053,NC,Currituck,0
37055,NC,Dare,0
37057,NC,Davidson,.0182366
37059,NC,Davie,.0238248
37061,NC,Duplin,.016790099
37063,NC,Durham,.0195382
37065,NC,Edgecombe,.0187642
37067,NC,Forsyth,.024218701
37069,NC,Franklin,.0154658
37071,NC,Gaston,.0276621
37073,NC,Gates,0
37075,NC,Graham,0
37077,NC,Granville,.0169999
37079,NC,Greene,0
37081,NC,Guilford,.0153258
37083,NC,Halifax,.019278601
37085,NC,Harnett,.0076394798
37087,NC,Haywood,.016559601
37089,NC,Henderson,.0175812
37091,NC,Hertford,0
37093,NC,Hoke,.018829601
37095,NC,Hyde,0
37097,NC,Iredell,.0289806
37099,NC,Jackson,.0236586
37101,NC,Johnston,.020932101
37103,NC,Jones,0
37105,NC,Lee,.0167375
37107,NC,Lenoir,.017411901
37109,NC,Lincoln,.0246685
37111,NC,McDowell,.022227701
37113,NC,Macon,.0291469
37115,NC,Madison,0
37117,NC,Martin,.0433257
37119,NC,Mecklenburg,.0151338
37121,NC,Mitchell,.066365808
37123,NC,Montgomery,.0364458
37125,NC,Moore,.0104831
37127,NC,Nash,.0319122
37129,NC,New Hanover,.022398001
37131,NC,Northampton,0
37133,NC,Onslow,.0208118
37135,NC,Orange,.00700658
37137,NC,Pamlico,.078131102
37139,NC,Pasquotank,.025242999
37141,NC,Pender,.0169788
37143,NC,Perquimans,0
37145,NC,Person,.0254563
37147,NC,Pitt,.0225191
37149,NC,Polk,0
37151,NC,Randolph,.0139656
37153,NC,Richmond,.0221956
37155,NC,Robeson,.022469601
37157,NC,Rockingham,.032837499
37159,NC,Rowan,.0071669701
37161,NC,Rutherford,.0150818
37163,NC,Sampson,.015782099
37165,NC,Scotland,.028368801
37167,NC,Stanly,.032851499
37169,NC,Stokes,0
37171,NC,Surry,.0277589
37173,NC,Swain,0
37175,NC,Transylvania,0
37177,NC,Tyrrell,0
37179,NC,Union,.0132427
37181,NC,Vance,.022509299
37183,NC,Wake,.0219227
37185,NC,Warren,0
37187,NC,Washington,0
37189,NC,Watauga,.0184846
37191,NC,Wayne,.032134701
37193,NC,Wilkes,.01457
37195,NC,Wilson,.01228
37197,NC,Yadkin,0
37199,NC,Yancey,0
38001,ND,Adams,0
38003,ND,Barnes,0
38005,ND,Benson,0
38007,ND,Billings,0
38009,ND,Bottineau,.15199879
38011,ND,Bowman,0
38013,ND,Burke,0
38015,ND,Burleigh,.031769902
38017,ND,Cass,.022906199
38019,ND,Cavalier,0
38021,ND,Dickey,0
38023,ND,Divide,0
38025,ND,Dunn,0
38027,ND,Eddy,0
38029,ND,Emmons,0
38031,ND,Foster,0
38033,ND,Golden Valley,0
38035,ND,Grand Forks,.056660399
38037,ND,Grant,0
38039,ND,Griggs,0
38041,ND,Hettinger,0
38043,ND,Kidder,0
38045,ND,LaMoure,0
38047,ND,Logan,0
38049,ND,McHenry,0
38051,ND,McIntosh,0
38053,ND,McKenzie,0
38055,ND,McLean,0
38057,ND,Mercer,0
38059,ND,Morton,.032663699
38061,ND,Mountrail,0
38063,ND,Nelson,0
38065,ND,Oliver,0
38067,ND,Pembina,0
38069,ND,Pierce,0
38071,ND,Ramsey,0
38073,ND,Ransom,0
38075,ND,Renville,0
38077,ND,Richland,.061207
38079,ND,Rolette,0
38081,ND,Sargent,0
38083,ND,Sheridan,0
38085,ND,Sioux,0
38087,ND,Slope,0
38089,ND,Stark,.032408599
38091,ND,Steele,0
38093,ND,Stutsman,.0475986
38095,ND,Towner,0
38097,ND,Traill,0
38099,ND,Walsh,0
38101,ND,Ward,.0142546
38103,ND,Wells,0
38105,ND,Williams,.029244
39001,OH,Adams,.0359299
39003,OH,Allen,.0386004
39005,OH,Ashland,.018720601
39007,OH,Ashtabula,.020373
39009,OH,Athens,.0150784
39011,OH,Auglaize,.0218355
39013,OH,Belmont,.029168099
39015,OH,Brown,0
39017,OH,Butler,.018521801
39019,OH,Carroll,0
39021,OH,Champaign,.025815099
39023,OH,Clark,.0222848
39025,OH,Clermont,.034480002
39027,OH,Clinton,.0238772
39029,OH,Columbiana,.0192782
39031,OH,Coshocton,.027289599
39033,OH,Crawford,.023788599
39035,OH,Cuyahoga,.0087757995
39037,OH,Darke,.0193663
39039,OH,Defiance,.0524645
39041,OH,Delaware,.025409499
39043,OH,Erie,.040029898
39045,OH,Fairfield,.032747999
39047,OH,Fayette,.0348894
39049,OH,Franklin,.0165355
39051,OH,Fulton,.0236267
39053,OH,Gallia,.033337802
39055,OH,Geauga,.021311101
39057,OH,Greene,.030283
39059,OH,Guernsey,.051020399
39061,OH,Hamilton,.0172821
39063,OH,Hancock,.039687801
39065,OH,Hardin,.03184
39067,OH,Harrison,0
39069,OH,Henry,.036671702
39071,OH,Highland,.023259601
39073,OH,Hocking,.035228599
39075,OH,Holmes,.0228144
39077,OH,Huron,.017125901
39079,OH,Jackson,.0307371
39081,OH,Jefferson,.0149446
39083,OH,Knox,.0164387
39085,OH,Lake,.0174467
39087,OH,Lawrence,.032933202
39089,OH,Licking,.01164
39091,OH,Logan,.0221381
39093,OH,Lorain,.022831799
39095,OH,Lucas,.023118099
39097,OH,Madison,.0230659
39099,OH,Mahoning,.0130339
39101,OH,Marion,.030611901
39103,OH,Medina,.0113056
39105,OH,Meigs,0
39107,OH,Mercer,.024564
39109,OH,Miami,.0287406
39111,OH,Monroe,0
39113,OH,Montgomery,.022582101
39115,OH,Morgan,0
39117,OH,Morrow,0
39119,OH,Muskingum,.034912501
39121,OH,Noble,0
39123,OH,Ottawa,.0246944
39125,OH,Paulding,0
39127,OH,Perry,0
39129,OH,Pickaway,.017382201
39131,OH,Pike,.035414498
39133,OH,Portage,.024666701
39135,OH,Preble,.0243279
39137,OH,Putnam,.029397899
39139,OH,Richland,.033012301
39141,OH,Ross,.039006598
39143,OH,Sandusky,.0168688
39145,OH,Scioto,.0131165
39147,OH,Seneca,.018064599
39149,OH,Shelby,.0205229
39151,OH,Stark,.0160631
39153,OH,Summit,.0129535
39155,OH,Trumbull,.0198313
39157,OH,Tuscarawas,.0108126
39159,OH,Union,.036064599
39161,OH,Van Wert,.035503801
39163,OH,Vinton,0
39165,OH,Warren,.026492899
39167,OH,Washington,.016519399
39169,OH,Wayne,.0085894
39171,OH,Williams,.0270849
39173,OH,Wood,.0385493
39175,OH,Wyandot,.0453679
40001,OK,Adair,.045226399
40003,OK,Alfalfa,0
40005,OK,Atoka,0
40007,OK,Beaver,0
40009,OK,Beckham,.0445792
40011,OK,Blaine,0
40013,OK,Bryan,.021981901
40015,OK,Caddo,.0338501
40017,OK,Canadian,.029346401
40019,OK,Carter,.020678701
40021,OK,Cherokee,.0205124
40023,OK,Choctaw,.067046598
40025,OK,Cimarron,0
40027,OK,Cleveland,.025209799
40029,OK,Coal,0
40031,OK,Comanche,.0329495
40033,OK,Cotton,0
40035,OK,Craig,.069156297
40037,OK,Creek,.0281539
40039,OK,Custer,.034429301
40041,OK,Delaware,.023877701
40043,OK,Dewey,0
40045,OK,Ellis,0
40047,OK,Garfield,.016029799
40049,OK,Garvin,.035788398
40051,OK,Grady,.0182725
40053,OK,Grant,0
40055,OK,Greer,0
40057,OK,Harmon,0
40059,OK,Harper,0
40061,OK,Haskell,.079076387
40063,OK,Hughes,0
40065,OK,Jackson,.039374702
40067,OK,Jefferson,0
40069,OK,Johnston,0
40071,OK,Kay,.022230599
40073,OK,Kingfisher,.064242579
40075,OK,Kiowa,0
40077,OK,Latimer,0
40079,OK,Le Flore,.0200634
40081,OK,Lincoln,.028609
40083,OK,Logan,.0217382
40085,OK,Love,0
40087,OK,McClain,.051814798
40089,OK,McCurtain,.0303776
40091,OK,McIntosh,.050609801
40093,OK,Major,0
40095,OK,Marshall,.061542202
40097,OK,Mayes,.048813801
40099,OK,Murray,.072139665
40101,OK,Muskogee,.0144831
40103,OK,Noble,0
40105,OK,Nowata,0
40107,OK,Okfuskee,0
40109,OK,Oklahoma,.024228301
40111,OK,Okmulgee,.025572799
40113,OK,Osage,.021134101
40115,OK,Ottawa,.0317229
40117,OK,Pawnee,.0605877
40119,OK,Payne,.036923502
40121,OK,Pittsburg,.0225251
40123,OK,Pontotoc,.026012501
40125,OK,Pottawatomie,.0138924
40127,OK,Pushmataha,0
40129,OK,Roger Mills,0
40131,OK,Rogers,.021989901
40133,OK,Seminole,.0397393
40135,OK,Sequoyah,.024175599
40137,OK,Stephens,.0227309
40139,OK,Texas,.047323801
40141,OK,Tillman,0
40143,OK,Tulsa,.0248046
40145,OK,Wagoner,.038705699
40147,OK,Washington,.019262601
40149,OK,Washita,0
40151,OK,Woods,.10948106
40153,OK,Woodward,.047791999
41001,OR,Baker,.062703788
41003,OR,Benton,.033596098
41005,OR,Clackamas,.031966198
41007,OR,Clatsop,.0517639
41009,OR,Columbia,.0393035
41011,OR,Coos,.063116372
41013,OR,Crook,.044754699
41015,OR,Curry,.088542588
41017,OR,Deschutes,.044278398
41019,OR,Douglas,.055504199
41021,OR,Gilliam,0
41023,OR,Grant,0
41025,OR,Harney,0
41027,OR,Hood River,0
41029,OR,Jackson,.041917801
41031,OR,Jefferson,.043254498
41033,OR,Josephine,.035154302
41035,OR,Klamath,.0452605
41037,OR,Lake,0
41039,OR,Lane,.0488755
41041,OR,Lincoln,.062634401
41043,OR,Linn,.057049699
41045,OR,Malheur,.065804623
41047,OR,Marion,.0327609
41049,OR,Morrow,0
41051,OR,Multnomah,.0261996
41053,OR,Polk,.0122787
41055,OR,Sherman,0
41057,OR,Tillamook,.038154799
41059,OR,Umatilla,.052185901
41061,OR,Union,.07679607
41063,OR,Wallowa,0
41065,OR,Wasco,.077306636
41067,OR,Washington,.034320701
41069,OR,Wheeler,0
41071,OR,Yamhill,.028813699
42001,PA,Adams,0
42003,PA,Allegheny,.0097754998
42005,PA,Armstrong,0
42007,PA,Beaver,.0179509
42009,PA,Bedford,0
42011,PA,Berks,.0168378
42013,PA,Blair,.024207801
42015,PA,Bradford,0
42017,PA,Bucks,.015955299
42019,PA,Butler,.021481499
42021,PA,Cambria,.0148906
42023,PA,Cameron,0
42025,PA,Carbon,.015744301
42027,PA,Centre,.018509001
42029,PA,Chester,.0077446001
42031,PA,Clarion,.025935
42033,PA,Clearfield,.0249891
42035,PA,Clinton,.0256509
42037,PA,Columbia,.0151167
42039,PA,Crawford,.0231201
42041,PA,Cumberland,.0242032
42043,PA,Dauphin,.0145921
42045,PA,Delaware,.0053192
42047,PA,Elk,.032869902
42049,PA,Erie,.021713899
42051,PA,Fayette,.0302133
42053,PA,Forest,0
42055,PA,Franklin,.0195358
42057,PA,Fulton,0
42059,PA,Greene,.026912101
42061,PA,Huntingdon,.021976599
42063,PA,Indiana,.023458799
42065,PA,Jefferson,.022750501
42067,PA,Juniata,0
42069,PA,Lackawanna,.0142266
42071,PA,Lancaster,.0074192602
42073,PA,Lawrence,.0114115
42075,PA,Lebanon,.0144345
42077,PA,Lehigh,.0137698
42079,PA,Luzerne,.0126262
42081,PA,Lycoming,.0087177996
42083,PA,McKean,.0240859
42085,PA,Mercer,.0177505
42087,PA,Mifflin,.021590799
42089,PA,Monroe,.018016299
42091,PA,Montgomery,.0146224
42093,PA,Montour,0
42095,PA,Northampton,.0066277799
42097,PA,Northumberland,.0108133
42099,PA,Perry,0
42101,PA,Philadelphia,.0031750801
42103,PA,Pike,.018118899
42105,PA,Potter,0
42107,PA,Schuylkill,.0139533
42109,PA,Snyder,0
42111,PA,Somerset,.0133209
42113,PA,Sullivan,0
42115,PA,Susquehanna,0
42117,PA,Tioga,.0242559
42119,PA,Union,.022007
42121,PA,Venango,.0190589
42123,PA,Warren,.0250013
42125,PA,Washington,.0096458998
42127,PA,Wayne,.0195198
42129,PA,Westmoreland,.0197301
42131,PA,Wyoming,.036366299
42133,PA,York,.018025801
44001,RI,Bristol,0
44003,RI,Kent,.0122182
44005,RI,Newport,.0119768
44007,RI,Providence,.00472053
44009,RI,Washington,.015875399
45001,SC,Abbeville,0
45003,SC,Aiken,.0299541
45005,SC,Allendale,0
45007,SC,Anderson,.020411501
45009,SC,Bamberg,0
45011,SC,Barnwell,.046315599
45013,SC,Beaufort,.016349001
45015,SC,Berkeley,.0236002
45017,SC,Calhoun,0
45019,SC,Charleston,.020173
45021,SC,Cherokee,.017628901
45023,SC,Chester,.030978899
45025,SC,Chesterfield,.0216591
45027,SC,Clarendon,.029206499
45029,SC,Colleton,.0265965
45031,SC,Darlington,.029686799
45033,SC,Dillon,.032449599
45035,SC,Dorchester,.0065158899
45037,SC,Edgefield,0
45039,SC,Fairfield,0
45041,SC,Florence,.0361146
45043,SC,Georgetown,.0162935
45045,SC,Greenville,.0220426
45047,SC,Greenwood,.028501401
45049,SC,Hampton,0
45051,SC,Horry,.027999001
45053,SC,Jasper,.035624001
45055,SC,Kershaw,.0155596
45057,SC,Lancaster,.022258099
45059,SC,Laurens,.0150216
45061,SC,Lee,0
45063,SC,Lexington,.0244419
45065,SC,McCormick,0
45067,SC,Marion,.031493101
45069,SC,Marlboro,.0369877
45071,SC,Newberry,.026285401
45073,SC,Oconee,.0130878
45075,SC,Orangeburg,.022641299
45077,SC,Pickens,.0406706
45079,SC,Richland,.017110599
45081,SC,Saluda,0
45083,SC,Spartanburg,.0199292
45085,SC,Sumter,.0093208002
45087,SC,Union,.036120601
45089,SC,Williamsburg,0
45091,SC,York,.027132001
46003,SD,Aurora,0
46005,SD,Beadle,.0552883
46007,SD,Bennett,0
46009,SD,Bon Homme,0
46011,SD,Brookings,.0293625
46013,SD,Brown,.0256951
46015,SD,Brule,0
46017,SD,Buffalo,0
46019,SD,Butte,0
46021,SD,Campbell,0
46023,SD,Charles Mix,0
46025,SD,Clark,0
46027,SD,Clay,.071746305
46029,SD,Codington,.035672199
46031,SD,Corson,0
46033,SD,Custer,0
46035,SD,Davison,.050426099
46037,SD,Day,0
46039,SD,Deuel,0
46041,SD,Dewey,0
46043,SD,Douglas,0
46045,SD,Edmunds,0
46047,SD,Fall River,0
46049,SD,Faulk,0
46051,SD,Grant,0
46053,SD,Gregory,0
46055,SD,Haakon,0
46057,SD,Hamlin,0
46059,SD,Hand,0
46061,SD,Hanson,0
46063,SD,Harding,0
46065,SD,Hughes,.056892499
46067,SD,Hutchinson,0
46069,SD,Hyde,0
46071,SD,Jackson,0
46073,SD,Jerauld,0
46075,SD,Jones,0
46077,SD,Kingsbury,0
46079,SD,Lake,0
46081,SD,Lawrence,.0397093
46083,SD,Lincoln,.018324399
46085,SD,Lyman,0
46087,SD,McCook,0
46089,SD,McPherson,0
46091,SD,Marshall,0
46093,SD,Meade,0
46095,SD,Mellette,0
46097,SD,Miner,0
46099,SD,Minnehaha,.026874401
46101,SD,Moody,0
46103,SD,Pennington,.027547499
46105,SD,Perkins,0
46107,SD,Potter,0
46109,SD,Roberts,0
46111,SD,Sanborn,0
46113,SD,Shannon,0
46115,SD,Spink,0
46117,SD,Stanley,0
46119,SD,Sully,0
46121,SD,Todd,0
46123,SD,Tripp,0
46125,SD,Turner,0
46127,SD,Union,0
46129,SD,Walworth,0
46135,SD,Yankton,.0441969
46137,SD,Ziebach,0
47001,TN,Anderson,.026460299
47003,TN,Bedford,.021088099
47005,TN,Benton,.062270399
47007,TN,Bledsoe,0
47009,TN,Blount,.0155953
47011,TN,Bradley,.0191558
47013,TN,Campbell,.0252073
47015,TN,Cannon,0
47017,TN,Carroll,.035811499
47019,TN,Carter,.017712301
47021,TN,Cheatham,.0251712
47023,TN,Chester,0
47025,TN,Claiborne,0
47027,TN,Clay,0
47029,TN,Cocke,.028441399
47031,TN,Coffee,.036745802
47033,TN,Crockett,0
47035,TN,Cumberland,.017084699
47037,TN,Davidson,.015967499
47039,TN,Decatur,0
47041,TN,DeKalb,.051435001
47043,TN,Dickson,.019259701
47045,TN,Dyer,.026592201
47047,TN,Fayette,.025268501
47049,TN,Fentress,.0556948
47051,TN,Franklin,.0240575
47053,TN,Gibson,.0407307
47055,TN,Giles,.034317099
47057,TN,Grainger,0
47059,TN,Greene,.014586
47061,TN,Grundy,0
47063,TN,Hamblen,.031388801
47065,TN,Hamilton,.0223426
47067,TN,Hancock,0
47069,TN,Hardeman,.039252602
47071,TN,Hardin,.038821399
47073,TN,Hawkins,.0177412
47075,TN,Haywood,.0561703
47077,TN,Henderson,.035980299
47079,TN,Henry,.0310126
47081,TN,Hickman,0
47083,TN,Houston,0
47085,TN,Humphreys,.054404002
47087,TN,Jackson,0
47089,TN,Jefferson,.0188122
47091,TN,Johnson,0
47093,TN,Knox,.024116799
47095,TN,Lake,0
47097,TN,Lauderdale,.039447699
47099,TN,Lawrence,.0232672
47101,TN,Lewis,.083948962
47103,TN,Lincoln,.029825799
47105,TN,Loudon,.019502699
47107,TN,McMinn,.018990099
47109,TN,McNairy,.038744699
47111,TN,Macon,.0426348
47113,TN,Madison,.0307648
47115,TN,Marion,.035309501
47117,TN,Marshall,.031276401
47119,TN,Maury,.033486601
47121,TN,Meigs,0
47123,TN,Monroe,.043509498
47125,TN,Montgomery,.0205344
47127,TN,Moore,0
47129,TN,Morgan,0
47131,TN,Obion,.032759
47133,TN,Overton,0
47135,TN,Perry,0
47137,TN,Pickett,0
47139,TN,Polk,0
47141,TN,Putnam,.039409898
47143,TN,Rhea,.030871799
47145,TN,Roane,.018898901
47147,TN,Robertson,.0289113
47149,TN,Rutherford,.0227507
47151,TN,Scott,.045678802
47153,TN,Sequatchie,.067842603
47155,TN,Sevier,.010351
47157,TN,Shelby,.0149392
47159,TN,Smith,.0513716
47161,TN,Stewart,0
47163,TN,Sullivan,.0191896
47165,TN,Sumner,.0111664
47167,TN,Tipton,.0163463
47169,TN,Trousdale,0
47171,TN,Unicoi,.056609102
47173,TN,Union,0
47175,TN,Van Buren,0
47177,TN,Warren,.0247525
47179,TN,Washington,.023581199
47181,TN,Wayne,0
47183,TN,Weakley,.029790301
47185,TN,White,.037805799
47187,TN,Williamson,.018274199
47189,TN,Wilson,.015102
48001,TX,Anderson,.0173738
48003,TX,Andrews,0
48005,TX,Angelina,.022771301
48007,TX,Aransas,.0395648
48009,TX,Archer,0
48011,TX,Armstrong,0
48013,TX,Atascosa,.0205482
48015,TX,Austin,.033741601
48017,TX,Bailey,0
48019,TX,Bandera,0
48021,TX,Bastrop,.024168
48023,TX,Baylor,0
48025,TX,Bee,.030455301
48027,TX,Bell,.0234465
48029,TX,Bexar,.0223058
48031,TX,Blanco,0
48033,TX,Borden,0
48035,TX,Bosque,0
48037,TX,Bowie,.042607099
48039,TX,Brazoria,.0282623
48041,TX,Brazos,.018218201
48043,TX,Brewster,0
48045,TX,Briscoe,0
48047,TX,Brooks,0
48049,TX,Brown,.0262709
48051,TX,Burleson,0
48053,TX,Burnet,.0217798
48055,TX,Caldwell,.0243262
48057,TX,Calhoun,.045574699
48059,TX,Callahan,0
48061,TX,Cameron,.0237098
48063,TX,Camp,0
48065,TX,Carson,0
48067,TX,Cass,.033244699
48069,TX,Castro,0
48071,TX,Chambers,.0248244
48073,TX,Cherokee,.019269301
48075,TX,Childress,.14094433
48077,TX,Clay,0
48079,TX,Cochran,0
48081,TX,Coke,0
48083,TX,Coleman,0
48085,TX,Collin,.0286486
48087,TX,Collingsworth,0
48089,TX,Colorado,0
48091,TX,Comal,.0149096
48093,TX,Comanche,0
48095,TX,Concho,0
48097,TX,Cooke,.0254816
48099,TX,Coryell,.026686899
48101,TX,Cottle,0
48103,TX,Crane,0
48105,TX,Crockett,0
48107,TX,Crosby,0
48109,TX,Culberson,0
48111,TX,Dallam,0
48113,TX,Dallas,.017005101
48115,TX,Dawson,0
48117,TX,Deaf Smith,.053050399
48119,TX,Delta,0
48121,TX,Denton,.0235062
48123,TX,DeWitt,0
48125,TX,Dickens,0
48127,TX,Dimmit,0
48129,TX,Donley,0
48131,TX,Duval,0
48133,TX,Eastland,.054635901
48135,TX,Ector,.0190379
48137,TX,Edwards,0
48139,TX,Ellis,.023755601
48141,TX,El Paso,.019112499
48143,TX,Erath,.024129501
48145,TX,Falls,0
48147,TX,Fannin,.0295377
48149,TX,Fayette,0
48151,TX,Fisher,0
48153,TX,Floyd,0
48155,TX,Foard,0
48157,TX,Fort Bend,.017521201
48159,TX,Franklin,0
48161,TX,Freestone,0
48163,TX,Frio,0
48165,TX,Gaines,0
48167,TX,Galveston,.021256801
48169,TX,Garza,0
48171,TX,Gillespie,.0380156
48173,TX,Glasscock,0
48175,TX,Goliad,0
48177,TX,Gonzales,0
48179,TX,Gray,.043979201
48181,TX,Grayson,.0233998
48183,TX,Gregg,.040454999
48185,TX,Grimes,0
48187,TX,Guadalupe,.0194054
48189,TX,Hale,.0292321
48191,TX,Hall,0
48193,TX,Hamilton,0
48195,TX,Hansford,0
48197,TX,Hardeman,0
48199,TX,Hardin,.035548601
48201,TX,Harris,.0138617
48203,TX,Harrison,.0149858
48205,TX,Hartley,0
48207,TX,Haskell,0
48209,TX,Hays,.0195747
48211,TX,Hemphill,0
48213,TX,Henderson,.0249894
48215,TX,Hidalgo,.0199956
48217,TX,Hill,.0284325
48219,TX,Hockley,.043284401
48221,TX,Hood,.017618701
48223,TX,Hopkins,.027621999
48225,TX,Houston,.043691002
48227,TX,Howard,.027309
48229,TX,Hudspeth,0
48231,TX,Hunt,.032630298
48233,TX,Hutchinson,0
48235,TX,Irion,0
48237,TX,Jack,0
48239,TX,Jackson,0
48241,TX,Jasper,.0282478
48243,TX,Jeff Davis,0
48245,TX,Jefferson,.0156278
48247,TX,Jim Hogg,0
48249,TX,Jim Wells,.024321999
48251,TX,Johnson,.0122763
48253,TX,Jones,0
48255,TX,Karnes,.065513626
48257,TX,Kaufman,.0254138
48259,TX,Kendall,.0238299
48261,TX,Kenedy,0
48263,TX,Kent,0
48265,TX,Kerr,.019494699
48267,TX,Kimble,0
48269,TX,King,0
48271,TX,Kinney,0
48273,TX,Kleberg,.031900998
48275,TX,Knox,0
48277,TX,Lamar,.0201755
48279,TX,Lamb,0
48281,TX,Lampasas,.0484097
48283,TX,La Salle,0
48285,TX,Lavaca,0
48287,TX,Lee,0
48289,TX,Leon,0
48291,TX,Liberty,.024576999
48293,TX,Limestone,.0425044
48295,TX,Lipscomb,0
48297,TX,Live Oak,0
48299,TX,Llano,0
48301,TX,Loving,0
48303,TX,Lubbock,.0231557
48305,TX,Lynn,0
48307,TX,McCulloch,.12313755
48309,TX,McLennan,.0161631
48311,TX,McMullen,0
48313,TX,Madison,0
48315,TX,Marion,0
48317,TX,Martin,0
48319,TX,Mason,0
48321,TX,Matagorda,.0269418
48323,TX,Maverick,.0172446
48325,TX,Medina,.040653698
48327,TX,Menard,0
48329,TX,Midland,.0183517
48331,TX,Milam,.040428501
48333,TX,Mills,0
48335,TX,Mitchell,0
48337,TX,Montague,.051450901
48339,TX,Montgomery,.019836901
48341,TX,Moore,.045589201
48343,TX,Morris,0
48345,TX,Motley,0
48347,TX,Nacogdoches,.0152295
48349,TX,Navarro,.0206718
48351,TX,Newton,0
48353,TX,Nolan,.066809192
48355,TX,Nueces,.0165962
48357,TX,Ochiltree,0
48359,TX,Oldham,0
48361,TX,Orange,.0118332
48363,TX,Palo Pinto,.035546701
48365,TX,Panola,.042662099
48367,TX,Parker,.0155206
48369,TX,Parmer,0
48371,TX,Pecos,.062984191
48373,TX,Polk,.020949
48375,TX,Potter,.0331835
48377,TX,Presidio,0
48379,TX,Rains,0
48381,TX,Randall,.0301985
48383,TX,Reagan,0
48385,TX,Real,0
48387,TX,Red River,0
48389,TX,Reeves,0
48391,TX,Refugio,0
48393,TX,Roberts,0
48395,TX,Robertson,0
48397,TX,Rockwall,.042817801
48399,TX,Runnels,0
48401,TX,Rusk,.0189193
48403,TX,Sabine,0
48405,TX,San Augustine,0
48407,TX,San Jacinto,0
48409,TX,San Patricio,.0297345
48411,TX,San Saba,0
48413,TX,Schleicher,0
48415,TX,Scurry,0
48417,TX,Shackelford,0
48419,TX,Shelby,.038794301
48421,TX,Sherman,0
48423,TX,Smith,.0221921
48425,TX,Somervell,0
48427,TX,Starr,.0156419
48429,TX,Stephens,0
48431,TX,Sterling,0
48433,TX,Stonewall,0
48435,TX,Sutton,0
48437,TX,Swisher,0
48439,TX,Tarrant,.023247199
48441,TX,Taylor,.022065001
48443,TX,Terrell,0
48445,TX,Terry,0
48447,TX,Throckmorton,0
48449,TX,Titus,.061321501
48451,TX,Tom Green,.0339582
48453,TX,Travis,.0132826
48455,TX,Trinity,0
48457,TX,Tyler,.046654802
48459,TX,Upshur,.0244714
48461,TX,Upton,0
48463,TX,Uvalde,.036892202
48465,TX,Val Verde,.020427801
48467,TX,Van Zandt,.0183901
48469,TX,Victoria,.032474902
48471,TX,Walker,.0139468
48473,TX,Waller,0
48475,TX,Ward,0
48477,TX,Washington,.0287183
48479,TX,Webb,.0146842
48481,TX,Wharton,.0480377
48483,TX,Wheeler,0
48485,TX,Wichita,.0304623
48487,TX,Wilbarger,.077555455
48489,TX,Willacy,0
48491,TX,Williamson,.022737199
48493,TX,Wilson,.020751201
48495,TX,Winkler,0
48497,TX,Wise,.0155123
48499,TX,Wood,.0228191
48501,TX,Yoakum,0
48503,TX,Young,.055312801
48505,TX,Zapata,0
48507,TX,Zavala,0
49001,UT,Beaver,0
49003,UT,Box Elder,.018877201
49005,UT,Cache,.0326952
49007,UT,Carbon,.049089398
49009,UT,Daggett,0
49011,UT,Davis,.0263675
49013,UT,Duchesne,0
49015,UT,Emery,0
49017,UT,Garfield,0
49019,UT,Grand,0
49021,UT,Iron,.0200819
49023,UT,Juab,0
49025,UT,Kane,0
49027,UT,Millard,0
49029,UT,Morgan,0
49031,UT,Piute,0
49033,UT,Rich,0
49035,UT,Salt Lake,.025861001
49037,UT,San Juan,0
49039,UT,Sanpete,.0341262
49041,UT,Sevier,.047288001
49043,UT,Summit,.0247586
49045,UT,Tooele,.0154801
49047,UT,Uintah,.0276289
49049,UT,Utah,.0237097
49051,UT,Wasatch,.032710701
49053,UT,Washington,.0251198
49055,UT,Wayne,0
49057,UT,Weber,.024260201
50001,VT,Addison,0
50003,VT,Bennington,0
50005,VT,Caledonia,0
50007,VT,Chittenden,.0061911098
50009,VT,Essex,0
50011,VT,Franklin,.020419
50013,VT,Grand Isle,0
50015,VT,Lamoille,0
50017,VT,Orange,0
50019,VT,Orleans,0
50021,VT,Rutland,0
50023,VT,Washington,0
50025,VT,Windham,0
50027,VT,Windsor,0
51001,VA,Accomack,.0304711
51003,VA,Albemarle,.028190499
51005,VA,Alleghany,0
51007,VA,Amelia,0
51009,VA,Amherst,.0315786
51011,VA,Appomattox,.064495325
51013,VA,Arlington,.0043175998
51015,VA,Augusta,0
51017,VA,Bath,0
51019,VA,Bedford,0
51021,VA,Bland,0
51023,VA,Botetourt,0
51025,VA,Brunswick,0
51027,VA,Buchanan,.045244802
51029,VA,Buckingham,0
51031,VA,Campbell,.0181225
51033,VA,Caroline,0
51035,VA,Carroll,0
51036,VA,Charles City,0
51037,VA,Charlotte,0
51041,VA,Chesterfield,.017708801
51043,VA,Clarke,0
51045,VA,Craig,0
51047,VA,Culpeper,.0198677
51049,VA,Cumberland,0
51051,VA,Dickenson,0
51053,VA,Dinwiddie,0
51057,VA,Essex,.090122566
51059,VA,Fairfax,.0087363999
51061,VA,Fauquier,.0145383
51063,VA,Floyd,0
51065,VA,Fluvanna,0
51067,VA,Franklin,.017806601
51069,VA,Frederick,.035425801
51071,VA,Giles,.059217099
51073,VA,Gloucester,.0269535
51075,VA,Goochland,0
51077,VA,Grayson,0
51079,VA,Greene,.051730402
51081,VA,Greensville,0
51083,VA,Halifax,.028600801
51085,VA,Hanover,.0287502
51087,VA,Henrico,.0245288
51089,VA,Henry,0
51091,VA,Highland,0
51093,VA,Isle of Wight,0
51095,VA,James City,0
51097,VA,King and Queen,0
51099,VA,King George,.0385832
51101,VA,King William,0
51103,VA,Lancaster,.092781588
51105,VA,Lee,.0415783
51107,VA,Loudoun,.0155328
51109,VA,Louisa,.0283479
51111,VA,Lunenburg,0
51113,VA,Madison,0
51115,VA,Mathews,0
51117,VA,Mecklenburg,.0324823
51119,VA,Middlesex,0
51121,VA,Montgomery,.0101585
51125,VA,Nelson,0
51127,VA,New Kent,0
51131,VA,Northampton,0
51133,VA,Northumberland,0
51135,VA,Nottoway,.064474531
51137,VA,Orange,.028184099
51139,VA,Page,.042389002
51141,VA,Patrick,.0562778
51143,VA,Pittsylvania,0
51145,VA,Powhatan,.035213701
51147,VA,Prince Edward,.043434799
51149,VA,Prince George,0
51153,VA,Prince William,.0240932
51155,VA,Pulaski,.0584112
51157,VA,Rappahannock,0
51159,VA,Richmond,0
51161,VA,Roanoke,.0107109
51163,VA,Rockbridge,.044620901
51165,VA,Rockingham,.0126107
51167,VA,Russell,.036504298
51169,VA,Scott,0
51171,VA,Shenandoah,.023294801
51173,VA,Smyth,0
51175,VA,Southampton,0
51177,VA,Spotsylvania,.0304402
51179,VA,Stafford,.0209093
51181,VA,Surry,0
51183,VA,Sussex,0
51185,VA,Tazewell,.071350425
51187,VA,Warren,.025597701
51191,VA,Washington,.0368752
51193,VA,Westmoreland,0
51195,VA,Wise,0
51197,VA,Wythe,.0345519
51199,VA,York,.029523799
51510,VA,Alexandria,.0063577602
51515,VA,Bedford,0
51520,VA,Bristol,0
51530,VA,Buena Vista,0
51540,VA,Charlottesville,0
51550,VA,Chesapeake,.0294587
51570,VA,Colonial Heights,.11336583
51580,VA,Covington,.17914726
51590,VA,Danville,.048027299
51595,VA,Emporia,.18604651
51600,VA,Fairfax,.041969199
51610,VA,Falls Church,0
51620,VA,Franklin,.12153622
51630,VA,Fredericksburg,.0353719
51640,VA,Galax,.15006003
51650,VA,Hampton,.0147785
51660,VA,Harrisonburg,.037076201
51670,VA,Hopewell,0
51678,VA,Lexington,0
51680,VA,Lynchburg,.0375413
51683,VA,Manassas,.0241214
51685,VA,Manassas Park,0
51690,VA,Martinsville,.076225325
51700,VA,Newport News,.022174399
51710,VA,Norfolk,.020363901
51720,VA,Norton,.25075227
51730,VA,Petersburg,.031397201
51735,VA,Poquoson,0
51740,VA,Portsmouth,.0105266
51750,VA,Radford,0
51760,VA,Richmond,.0088775
51770,VA,Roanoke,.050128799
51775,VA,Salem,.039143499
51790,VA,Staunton,.041225199
51800,VA,Suffolk,.0223979
51810,VA,Virginia Beach,.0177225
51820,VA,Waynesboro,.045867398
51830,VA,Williamsburg,0
51840,VA,Winchester,.036276601
53001,WA,Adams,.051915701
53003,WA,Asotin,.13446885
53005,WA,Benton,.025841899
53007,WA,Chelan,.0263269
53009,WA,Clallam,.040486898
53011,WA,Clark,.034368102
53013,WA,Columbia,0
53015,WA,Cowlitz,.038183998
53017,WA,Douglas,.096918009
53019,WA,Ferry,0
53021,WA,Franklin,.0110724
53023,WA,Garfield,0
53025,WA,Grant,.0212983
53027,WA,Grays Harbor,.0139616
53029,WA,Island,0
53031,WA,Jefferson,0
53033,WA,King,.0162341
53035,WA,Kitsap,.019003499
53037,WA,Kittitas,.044515699
53039,WA,Klickitat,0
53041,WA,Lewis,.0130497
53043,WA,Lincoln,0
53045,WA,Mason,.032194201
53047,WA,Okanogan,.0241086
53049,WA,Pacific,0
53051,WA,Pend Oreille,0
53053,WA,Pierce,.023262501
53055,WA,San Juan,0
53057,WA,Skagit,.0243132
53059,WA,Skamania,0
53061,WA,Snohomish,.0228732
53063,WA,Spokane,.0221134
53065,WA,Stevens,.022617299
53067,WA,Thurston,.025554599
53069,WA,Wahkiakum,0
53071,WA,Walla Walla,.050006699
53073,WA,Whatcom,.0138713
53075,WA,Whitman,.0206067
53077,WA,Yakima,.032086901
54001,WV,Barbour,0
54003,WV,Berkeley,.0176569
54005,WV,Boone,0
54007,WV,Braxton,.069730148
54009,WV,Brooke,.044039302
54011,WV,Cabell,.0209054
54013,WV,Calhoun,0
54015,WV,Clay,0
54017,WV,Doddridge,0
54019,WV,Fayette,.0226747
54021,WV,Gilmer,0
54023,WV,Grant,0
54025,WV,Greenbrier,.028173801
54027,WV,Hampshire,0
54029,WV,Hancock,0
54031,WV,Hardy,.072827905
54033,WV,Harrison,.0292912
54035,WV,Jackson,.034279399
54037,WV,Jefferson,.017905699
54039,WV,Kanawha,.0214942
54041,WV,Lewis,.12275964
54043,WV,Lincoln,0
54045,WV,Logan,.029723
54047,WV,McDowell,0
54049,WV,Marion,.017706299
54051,WV,Marshall,.0315408
54053,WV,Mason,.0371623
54055,WV,Mercer,.016530599
54057,WV,Mineral,.0366005
54059,WV,Mingo,0
54061,WV,Monongalia,.0286339
54063,WV,Monroe,0
54065,WV,Morgan,0
54067,WV,Nicholas,.039539799
54069,WV,Ohio,.023475301
54071,WV,Pendleton,0
54073,WV,Pleasants,0
54075,WV,Pocahontas,0
54077,WV,Preston,.0296639
54079,WV,Putnam,.035278302
54081,WV,Raleigh,.039339598
54083,WV,Randolph,.034527998
54085,WV,Ritchie,0
54087,WV,Roane,.070781425
54089,WV,Summers,0
54091,WV,Taylor,.059007499
54093,WV,Tucker,0
54095,WV,Tyler,0
54097,WV,Upshur,0
54099,WV,Wayne,.024582099
54101,WV,Webster,0
54103,WV,Wetzel,.063934527
54105,WV,Wirt,0
54107,WV,Wood,.034998499
54109,WV,Wyoming,0
55001,WI,Adams,0
55003,WI,Ashland,.06396316
55005,WI,Barron,.0220911
55007,WI,Bayfield,0
55009,WI,Brown,.019261399
55011,WI,Buffalo,0
55013,WI,Burnett,0
55015,WI,Calumet,.040283602
55017,WI,Chippewa,.0157314
55019,WI,Clark,0
55021,WI,Columbia,.035153698
55023,WI,Crawford,.061425101
55025,WI,Dane,.0094293999
55027,WI,Dodge,.011438
55029,WI,Door,.036565699
55031,WI,Douglas,.0230457
55033,WI,Dunn,.0225596
55035,WI,Eau Claire,.029158801
55037,WI,Florence,0
55039,WI,Fond du Lac,.0097837998
55041,WI,Forest,0
55043,WI,Grant,.0192334
55045,WI,Green,.0271651
55047,WI,Green Lake,.053697001
55049,WI,Iowa,.042607602
55051,WI,Iron,0
55053,WI,Jackson,.048847198
55055,WI,Jefferson,.023655999
55057,WI,Juneau,0
55059,WI,Kenosha,.0238281
55061,WI,Kewaunee,0
55063,WI,La Crosse,.025483601
55065,WI,Lafayette,0
55067,WI,Langlade,.052394401
55069,WI,Lincoln,0
55071,WI,Manitowoc,.0126054
55073,WI,Marathon,.0221902
55075,WI,Marinette,.0248207
55077,WI,Marquette,0
55078,WI,Menominee,0
55079,WI,Milwaukee,.014654
55081,WI,Monroe,.044095598
55083,WI,Oconto,0
55085,WI,Oneida,.056538701
55087,WI,Outagamie,.0162466
55089,WI,Ozaukee,.034022499
55091,WI,Pepin,0
55093,WI,Pierce,0
55095,WI,Polk,.023096301
55097,WI,Portage,.0142474
55099,WI,Price,0
55101,WI,Racine,.0102559
55103,WI,Richland,.057077602
55105,WI,Rock,.0185849
55107,WI,Rusk,.07096225
55109,WI,St. Croix,.0114097
55111,WI,Sauk,.015722301
55113,WI,Sawyer,.061169598
55115,WI,Shawano,.0244254
55117,WI,Sheboygan,.026058201
55119,WI,Taylor,.0493218
55121,WI,Trempealeau,0
55123,WI,Vernon,.032740701
55125,WI,Vilas,0
55127,WI,Walworth,.02919
55129,WI,Washburn,0
55131,WI,Washington,.022326101
55133,WI,Waukesha,.0251114
55135,WI,Waupaca,0
55137,WI,Waushara,0
55139,WI,Winnebago,.0117956
55141,WI,Wood,.0136619
56001,WY,Albany,.026324799
56003,WY,Big Horn,0
56005,WY,Campbell,.020491799
56007,WY,Carbon,.063584916
56009,WY,Converse,0
56011,WY,Crook,0
56013,WY,Fremont,.0248478
56015,WY,Goshen,0
56017,WY,Hot Springs,0
56019,WY,Johnson,0
56021,WY,Laramie,.030622199
56023,WY,Lincoln,0
56025,WY,Natrona,.037086502
56027,WY,Niobrara,0
56029,WY,Park,.0339997
56031,WY,Platte,0
56033,WY,Sheridan,.033279002
56035,WY,Sublette,0
56037,WY,Sweetwater,.0226014
56039,WY,Teton,0
56041,WY,Uinta,.048283499
56043,WY,Washakie,0
56045,WY,Weston,0
