CountyFIPS,state,county,fmrktpth18
01001,AL,Autauga,.017985288
01003,AL,Baldwin,.018346772
01005,AL,Barbour,.16076525
01007,AL,Bibb,.044642858
01009,AL,Blount,.017289074
01011,AL,Bullock,.098638788
01013,AL,Butler,.10162602
01015,AL,Calhoun,.017501334
01017,AL,Chambers,.029748624
01019,AL,Cherokee,.038414259
01021,AL,Chilton,0
01023,AL,Choctaw,.077875555
01025,AL,Clarke,.08361204
01027,AL,Clay,.15065913
01029,AL,Cleburne,.066724494
01031,AL,Coffee,.038528964
01033,AL,Colbert,.036521677
01035,AL,Conecuh,.081453122
01037,AL,Coosa,0
01039,AL,Covington,.054074515
01041,AL,Crenshaw,.072337963
01043,AL,Cullman,.011984373
01045,AL,Dale,.040853012
01047,AL,Dallas,.026102845
01049,AL,DeKalb,.028017091
01051,AL,Elmore,.024423901
01053,AL,Escambia,.054424729
01055,AL,Etowah,.029268008
01057,AL,Fayette,.060853161
01059,AL,Franklin,.063769408
01061,AL,Geneva,0
01063,AL,Greene,.24292481
01065,AL,Hale,.067907102
01067,AL,Henry,.11621826
01069,AL,Houston,.028647276
01071,AL,Jackson,.0193289
01073,AL,Jefferson,.025784923
01075,AL,Lamar,.072233461
01077,AL,Lauderdale,.010824034
01079,AL,Lawrence,.030342568
01081,AL,Lee,.024399022
01083,AL,Limestone,.010397821
01085,AL,Lowndes,.10026067
01087,AL,Macon,.054232877
01089,AL,Madison,.0190986
01091,AL,Marengo,.15734816
01093,AL,Marion,.067197524
01095,AL,Marshall,.031214558
01097,AL,Mobile,.012084387
01099,AL,Monroe,.094935209
01101,AL,Montgomery,.013288272
01103,AL,Morgan,.025191244
01105,AL,Perry,.10940919
01107,AL,Pickens,.10031097
01109,AL,Pike,.029995801
01111,AL,Randolph,.088008799
01113,AL,Russell,.017306726
01115,AL,St. Clair,.011275228
01117,AL,Shelby,.037087344
01119,AL,Sumter,.078795999
01121,AL,Talladega,.012526933
01123,AL,Tallapoosa,.024693187
01125,AL,Tuscaloosa,.009573455
01127,AL,Walker,.015695877
01129,AL,Washington,.061057515
01131,AL,Wilcox,.28229982
01133,AL,Winston,.042265426
02013,AK,Aleutians East,0
02016,AK,Aleutians West,.17473353
02020,AK,Anchorage,.034300845
02050,AK,Bethel,0
02060,AK,Bristol Bay,0
02068,AK,Denali,0
02070,AK,Dillingham,.2
02090,AK,Fairbanks North Star,.03031191
02100,AK,Haines,.40420371
02105,AK,Hoonah-Angoon,0
02110,AK,Juneau,.062280074
02122,AK,Kenai Peninsula,.10250628
02130,AK,Ketchikan Gateway,0
02150,AK,Kodiak Island,0
02164,AK,Lake and Peninsula,0
02170,AK,Matanuska-Susitna,.065049715
02180,AK,Nome,0
02185,AK,North Slope,0
02188,AK,Northwest Arctic,0
02195,AK,Petersburg,.31046259
02198,AK,Prince of Wales-Hyder,0
02220,AK,Sitka,.11564705
02230,AK,Skagway,0
02240,AK,Southeast Fairbanks,.14455044
02261,AK,Valdez-Cordova,.32736796
02275,AK,Wrangell,0
02282,AK,Yakutat,0
02290,AK,Yukon-Koyukuk,.18772292
04001,AZ,Apache,.013924086
04003,AZ,Cochise,.023664905
04005,AZ,Coconino,.021000462
04007,AZ,Gila,.037113324
04009,AZ,Graham,.026266022
04011,AZ,Greenlee,0
04012,AZ,La Paz,0
04013,AZ,Maricopa,.0088418853
04015,AZ,Mohave,.0047721309
04017,AZ,Navajo,.027162841
04019,AZ,Pima,.023097511
04021,AZ,Pinal,.0022364459
04023,AZ,Santa Cruz,.10750145
04025,AZ,Yavapai,.034483798
04027,AZ,Yuma,0
05001,AR,Arkansas,.11255557
05003,AR,Ashley,.099770531
05005,AR,Baxter,.07208246
05007,AR,Benton,.029346168
05009,AR,Boone,.08004269
05011,AR,Bradley,0
05013,AR,Calhoun,0
05015,AR,Carroll,.10629629
05017,AR,Chicot,.095803797
05019,AR,Clark,.045328859
05021,AR,Clay,.067353673
05023,AR,Cleburne,.04005608
05025,AR,Cleveland,.12471938
05027,AR,Columbia,.042486299
05029,AR,Conway,.047867503
05031,AR,Craighead,.018423332
05033,AR,Crawford,.015771378
05035,AR,Crittenden,0
05037,AR,Cross,.059966419
05039,AR,Dallas,0
05041,AR,Desha,0
05043,AR,Drew,0
05045,AR,Faulkner,.040062178
05047,AR,Franklin,.056148231
05049,AR,Fulton,0
05051,AR,Garland,.030255966
05053,AR,Grant,.054981306
05055,AR,Greene,.022062879
05057,AR,Hempstead,.091992088
05059,AR,Hot Spring,0
05061,AR,Howard,.074956901
05063,AR,Independence,0
05065,AR,Izard,.073567279
05067,AR,Jackson,.059484862
05069,AR,Jefferson,.014681269
05071,AR,Johnson,.074788719
05073,AR,Lafayette,0
05075,AR,Lawrence,.12169892
05077,AR,Lee,.11129661
05079,AR,Lincoln,0
05081,AR,Little River,.08112932
05083,AR,Logan,.13801353
05085,AR,Lonoke,0
05087,AR,Madison,.06067593
05089,AR,Marion,.059801459
05091,AR,Miller,.045879979
05093,AR,Mississippi,.048497781
05095,AR,Monroe,0
05097,AR,Montgomery,.11205737
05099,AR,Nevada,.12010569
05101,AR,Newton,.256246
05103,AR,Ouachita,.042362113
05105,AR,Perry,.096599691
05107,AR,Phillips,.11093239
05109,AR,Pike,.093694367
05111,AR,Poinsett,.041711856
05113,AR,Polk,.0498778
05115,AR,Pope,.03125
05117,AR,Prairie,0
05119,AR,Pulaski,.028012631
05121,AR,Randolph,.055716515
05123,AR,St. Francis,.039309721
05125,AR,Saline,.0082358094
05127,AR,Scott,.19381723
05129,AR,Searcy,.12565972
05131,AR,Sebastian,.01565521
05133,AR,Sevier,0
05135,AR,Sharp,.11516757
05137,AR,Stone,.16055229
05139,AR,Union,.025558453
05141,AR,Van Buren,.06023008
05143,AR,Washington,.021100519
05145,AR,White,.025404245
05147,AR,Woodruff,0
05149,AR,Yell,0
06001,CA,Alameda,.020398943
06003,CA,Alpine,0
06005,CA,Amador,.10156666
06007,CA,Butte,.034593698
06009,CA,Calaveras,.065786585
06011,CA,Colusa,.092476994
06013,CA,Contra Costa,.021735067
06015,CA,Del Norte,.035935029
06017,CA,El Dorado,.052444436
06019,CA,Fresno,.015084473
06021,CA,Glenn,.10696331
06023,CA,Humboldt,.10265962
06025,CA,Imperial,.010999466
06027,CA,Inyo,.11119141
06029,CA,Kern,.01784193
06031,CA,Kings,.013213007
06033,CA,Lake,.10872604
06035,CA,Lassen,.032465424
06037,CA,Los Angeles,.012270524
06039,CA,Madera,.050738242
06041,CA,Marin,.057766516
06043,CA,Mariposa,.057237707
06045,CA,Mendocino,.091317944
06047,CA,Merced,.018197369
06049,CA,Modoc,.11393414
06051,CA,Mono,.14035088
06053,CA,Monterey,.027548589
06055,CA,Napa,.04303636
06057,CA,Nevada,.090274431
06059,CA,Orange,.0072191558
06061,CA,Placer,.048327733
06063,CA,Plumas,.053180173
06065,CA,Riverside,.0089768143
06067,CA,Sacramento,.017521374
06069,CA,San Benito,.016250387
06071,CA,San Bernardino,.010130765
06073,CA,San Diego,.013758598
06075,CA,San Francisco,.031699128
06077,CA,San Joaquin,.019929318
06079,CA,San Luis Obispo,.073941059
06081,CA,San Mateo,.029887792
06083,CA,Santa Barbara,.029113581
06085,CA,Santa Clara,.020128304
06087,CA,Santa Cruz,.036462415
06089,CA,Shasta,.077760495
06091,CA,Sierra,0
06093,CA,Siskiyou,.16009514
06095,CA,Solano,.01119545
06097,CA,Sonoma,.050005801
06099,CA,Stanislaus,.021825524
06101,CA,Sutter,.020659663
06103,CA,Tehama,.062582143
06105,CA,Trinity,.15955324
06107,CA,Tulare,.023612194
06109,CA,Tuolumne,.07334201
06111,CA,Ventura,.011751337
06113,CA,Yolo,.027222242
06115,CA,Yuba,.038441334
08001,CO,Adams,.011721772
08003,CO,Alamosa,.059941258
08005,CO,Arapahoe,.007677956
08007,CO,Archuleta,.14529604
08009,CO,Baca,0
08011,CO,Bent,.34002039
08013,CO,Boulder,.018400505
08014,CO,Broomfield,.014436889
08015,CO,Chaffee,.14979777
08017,CO,Cheyenne,0
08019,CO,Clear Creek,.20822488
08021,CO,Conejos,0
08023,CO,Costilla,.26123303
08025,CO,Crowley,0
08027,CO,Custer,.40371418
08029,CO,Delta,.032307047
08031,CO,Denver,.019539647
08033,CO,Dolores,0
08035,CO,Douglas,.014586786
08037,CO,Eagle,.090920664
08039,CO,Elbert,.038048856
08041,CO,El Paso,.025215169
08043,CO,Fremont,.062472668
08045,CO,Garfield,.083654009
08047,CO,Gilpin,0
08049,CO,Grand,.19323671
08051,CO,Gunnison,.11596892
08053,CO,Hinsdale,0
08055,CO,Huerfano,.43547684
08057,CO,Jackson,0
08059,CO,Jefferson,.020681348
08061,CO,Kiowa,0
08063,CO,Kit Carson,0
08065,CO,Lake,0
08067,CO,La Plata,.03551767
08069,CO,Larimer,.037087966
08071,CO,Las Animas,.068951249
08073,CO,Lincoln,0
08075,CO,Logan,0
08077,CO,Mesa,.026108468
08079,CO,Mineral,1.2886598
08081,CO,Moffat,.075826511
08083,CO,Montezuma,.15291689
08085,CO,Montrose,.023688823
08087,CO,Morgan,.035016458
08089,CO,Otero,0
08091,CO,Ouray,.41382164
08093,CO,Park,.053890925
08095,CO,Phillips,0
08097,CO,Pitkin,.055710308
08099,CO,Prowers,0
08101,CO,Pueblo,.023876464
08103,CO,Rio Blanco,.15782829
08105,CO,Rio Grande,.17777778
08107,CO,Routt,.11658182
08109,CO,Saguache,0
08111,CO,San Juan,0
08113,CO,San Miguel,.36625564
08115,CO,Sedgwick,0
08117,CO,Summit,.032250781
08119,CO,Teller,.079735279
08121,CO,Washington,0
08123,CO,Weld,.031816229
08125,CO,Yuma,0
09001,CT,Fairfield,.031785622
09003,CT,Hartford,.039207034
09005,CT,Litchfield,.088343613
09007,CT,Middlesex,.073763542
09009,CT,New Haven,.032648493
09011,CT,New London,.071218662
09013,CT,Tolland,.066259831
09015,CT,Windham,.059815258
10001,DE,Kent,.022402689
10003,DE,New Castle,.028605398
10005,DE,Sussex,.074143209
11001,DC,District of Columbia,.082567565
12001,FL,Alachua,.029634459
12003,FL,Baker,0
12005,FL,Bay,.026985163
12007,FL,Bradford,.072118849
12009,FL,Brevard,.010052794
12011,FL,Broward,.0056373831
12013,FL,Calhoun,0
12015,FL,Charlotte,.016216392
12017,FL,Citrus,.0067599998
12019,FL,Clay,.0046280869
12021,FL,Collier,.023778826
12023,FL,Columbia,.014183793
12027,FL,DeSoto,0
12029,FL,Dixie,0
12031,FL,Duval,.01052431
12033,FL,Escambia,.015846154
12035,FL,Flagler,.017846467
12037,FL,Franklin,0
12039,FL,Gadsden,.02178934
12041,FL,Gilchrist,0
12043,FL,Glades,0
12045,FL,Gulf,.12373175
12047,FL,Hamilton,0
12049,FL,Hardee,0
12051,FL,Hendry,0
12053,FL,Hernando,.02095722
12055,FL,Highlands,.0094855074
12057,FL,Hillsborough,.0069594849
12059,FL,Holmes,0
12061,FL,Indian River,.019058146
12063,FL,Jackson,.02070179
12065,FL,Jefferson,.069988802
12067,FL,Lafayette,.1145213
12069,FL,Lake,.014025442
12071,FL,Lee,.019877817
12073,FL,Leon,.037606582
12075,FL,Levy,.024527838
12077,FL,Liberty,0
12079,FL,Madison,.053969454
12081,FL,Manatee,.0075977258
12083,FL,Marion,.011111821
12085,FL,Martin,.0062145768
12086,FL,Miami-Dade,.0126739
12087,FL,Monroe,.013328535
12089,FL,Nassau,.023301333
12091,FL,Okaloosa,.019298593
12093,FL,Okeechobee,.024074921
12095,FL,Orange,.0072429921
12097,FL,Osceola,.010869861
12099,FL,Palm Beach,.0080756908
12101,FL,Pasco,.0074124858
12103,FL,Pinellas,.013329505
12105,FL,Polk,.007062057
12107,FL,Putnam,.026967626
12109,FL,St. Johns,.015731866
12111,FL,St. Lucie,.003114023
12113,FL,Santa Rosa,.011151442
12115,FL,Sarasota,.014060808
12117,FL,Seminole,.0064125578
12119,FL,Sumter,.031066995
12121,FL,Suwannee,.067887127
12123,FL,Taylor,.04624705
12125,FL,Union,.066934407
12127,FL,Volusia,.0073054289
12129,FL,Wakulla,0
12131,FL,Walton,.098073557
12133,FL,Washington,.040192924
13001,GA,Appling,0
13003,GA,Atkinson,0
13005,GA,Bacon,0
13007,GA,Baker,0
13009,GA,Baldwin,.089239903
13011,GA,Banks,0
13013,GA,Barrow,.024749719
13015,GA,Bartow,.0093977898
13017,GA,Ben Hill,.059569906
13019,GA,Berrien,.051942654
13021,GA,Bibb,.019595675
13023,GA,Bleckley,.077893756
13025,GA,Brantley,0
13027,GA,Brooks,0
13029,GA,Bryan,0
13031,GA,Bulloch,.01293728
13033,GA,Burke,0
13035,GA,Butts,0
13037,GA,Calhoun,0
13039,GA,Camden,.018629953
13043,GA,Candler,0
13045,GA,Carroll,.016931791
13047,GA,Catoosa,0
13049,GA,Charlton,0
13051,GA,Chatham,.013831498
13053,GA,Chattahoochee,0
13055,GA,Chattooga,0
13057,GA,Cherokee,.015738798
13059,GA,Clarke,.039268043
13061,GA,Clay,.34638032
13063,GA,Clayton,.0069057201
13065,GA,Clinch,0
13067,GA,Cobb,.0079274373
13069,GA,Coffee,0
13071,GA,Colquitt,0
13073,GA,Columbia,.0064812601
13075,GA,Cook,0
13077,GA,Coweta,.0068557011
13079,GA,Crawford,0
13081,GA,Crisp,.044245832
13083,GA,Dade,.061629485
13085,GA,Dawson,.079735279
13087,GA,Decatur,.037629351
13089,GA,DeKalb,.017183084
13091,GA,Dodge,.048297513
13093,GA,Dooly,0
13095,GA,Dougherty,.010959744
13097,GA,Douglas,.006880844
13099,GA,Early,0
13101,GA,Echols,0
13103,GA,Effingham,0
13105,GA,Elbert,0
13107,GA,Emanuel,0
13109,GA,Evans,0
13111,GA,Fannin,0
13113,GA,Fayette,.017627513
13115,GA,Floyd,.010211688
13117,GA,Forsyth,.0084526567
13119,GA,Franklin,.043434825
13121,GA,Fulton,.015236441
13123,GA,Gilmer,.032450676
13125,GA,Glascock,0
13127,GA,Glynn,0
13129,GA,Gordon,.017335529
13131,GA,Grady,.040407307
13133,GA,Greene,0
13135,GA,Gwinnett,.0086227246
13137,GA,Habersham,.044064511
13139,GA,Hall,.019787483
13141,GA,Hancock,0
13143,GA,Haralson,.033860426
13145,GA,Harris,.058013052
13147,GA,Hart,.038315643
13149,GA,Heard,0
13151,GA,Henry,0
13153,GA,Houston,.019296451
13155,GA,Irwin,0
13157,GA,Jackson,.028400216
13159,GA,Jasper,0
13161,GA,Jeff Davis,0
13163,GA,Jefferson,0
13165,GA,Jenkins,.11516757
13167,GA,Johnson,0
13169,GA,Jones,0
13171,GA,Lamar,.052631579
13173,GA,Lanier,0
13175,GA,Laurens,.02113048
13177,GA,Lee,0
13179,GA,Liberty,0
13181,GA,Lincoln,0
13183,GA,Long,0
13185,GA,Lowndes,.025790701
13187,GA,Lumpkin,.03034441
13189,GA,McDuffie,0
13191,GA,McIntosh,0
13193,GA,Macon,.076086126
13195,GA,Madison,0
13197,GA,Marion,0
13199,GA,Meriwether,0
13201,GA,Miller,0
13205,GA,Mitchell,0
13207,GA,Monroe,.036337208
13209,GA,Montgomery,0
13211,GA,Morgan,0
13213,GA,Murray,0
13215,GA,Muscogee,.010300783
13217,GA,Newton,0
13219,GA,Oconee,.050926868
13221,GA,Oglethorpe,.066427529
13223,GA,Paulding,.012191851
13225,GA,Peach,.036634061
13227,GA,Pickens,.031269543
13229,GA,Pierce,0
13231,GA,Pike,.10733069
13233,GA,Polk,.023546033
13235,GA,Pulaski,.18068479
13237,GA,Putnam,.045852631
13239,GA,Quitman,0
13241,GA,Rabun,.17786209
13243,GA,Randolph,0
13245,GA,Richmond,.014884349
13247,GA,Rockdale,0
13249,GA,Schley,0
13251,GA,Screven,0
13253,GA,Seminole,0
13255,GA,Spalding,.015128593
13257,GA,Stephens,0
13259,GA,Stewart,0
13261,GA,Sumter,.033632666
13263,GA,Talbot,0
13265,GA,Taliaferro,0
13267,GA,Tattnall,0
13269,GA,Taylor,0
13271,GA,Telfair,.062988155
13273,GA,Terrell,0
13275,GA,Thomas,.0224982
13277,GA,Tift,.073944442
13279,GA,Toombs,0
13281,GA,Towns,.084373944
13283,GA,Treutlen,0
13285,GA,Troup,0
13287,GA,Turner,0
13289,GA,Twiggs,0
13291,GA,Union,.041664932
13293,GA,Upson,.076292202
13295,GA,Walker,.028814292
13297,GA,Walton,.021389687
13299,GA,Ware,.028026905
13301,GA,Warren,0
13303,GA,Washington,0
13305,GA,Wayne,.033548042
13307,GA,Webster,0
13309,GA,Wheeler,0
13311,GA,White,.033366699
13313,GA,Whitfield,.0096096545
13315,GA,Wilcox,0
13317,GA,Wilkes,.10125557
13319,GA,Wilkinson,0
13321,GA,Worth,.049263511
15001,HI,Hawaii,.1542419
15003,HI,Honolulu,.043873969
15005,HI,Kalawao,0
15007,HI,Kauai,.19408593
15009,HI,Maui,.059806108
16001,ID,Ada,.014894694
16003,ID,Adams,0
16005,ID,Bannock,.034428149
16007,ID,Bear Lake,0
16009,ID,Benewah,.10838933
16011,ID,Bingham,0
16013,ID,Blaine,.088491663
16015,ID,Boise,.13099292
16017,ID,Bonner,.089431442
16019,ID,Bonneville,.0085576884
16021,ID,Boundary,.083696015
16023,ID,Butte,0
16025,ID,Camas,0
16027,ID,Canyon,.017897172
16029,ID,Caribou,.14164306
16031,ID,Cassia,0
16033,ID,Clark,0
16035,ID,Clearwater,.11418132
16037,ID,Custer,.46728972
16039,ID,Elmore,.036685131
16041,ID,Franklin,0
16043,ID,Fremont,.075941674
16045,ID,Gem,.05670863
16047,ID,Gooding,.065806791
16049,ID,Idaho,.060558349
16051,ID,Jefferson,0
16053,ID,Jerome,0
16055,ID,Kootenai,.037150554
16057,ID,Latah,.14949918
16059,ID,Lemhi,.12561236
16061,ID,Lewis,.25900027
16063,ID,Lincoln,.18656716
16065,ID,Madison,.025442703
16067,ID,Minidoka,.048019208
16069,ID,Nez Perce,.024747575
16071,ID,Oneida,0
16073,ID,Owyhee,.085521251
16075,ID,Payette,.042461041
16077,ID,Power,0
16079,ID,Shoshone,.078149423
16081,ID,Teton,.17182131
16083,ID,Twin Falls,.046467863
16085,ID,Valley,.18114302
16087,ID,Washington,.19683102
17001,IL,Adams,.03044557
17003,IL,Alexander,0
17005,IL,Bond,0
17007,IL,Boone,.03732945
17009,IL,Brown,.15253203
17011,IL,Bureau,.030309459
17013,IL,Calhoun,0
17015,IL,Carroll,.13974287
17017,IL,Cass,0
17019,IL,Champaign,.028573742
17021,IL,Christian,.061235111
17023,IL,Clark,0
17025,IL,Clay,.075454615
17027,IL,Clinton,.026568187
17029,IL,Coles,.078608625
17031,IL,Cook,.021812595
17033,IL,Crawford,.053171691
17035,IL,Cumberland,0
17037,IL,DeKalb,.019204363
17039,IL,De Witt,.063415565
17041,IL,Douglas,.051337339
17043,IL,DuPage,.018307345
17045,IL,Edgar,.057603687
17047,IL,Edwards,.15644556
17049,IL,Effingham,0
17051,IL,Fayette,0
17053,IL,Ford,.15078408
17055,IL,Franklin,.051678251
17057,IL,Fulton,.057398692
17059,IL,Gallatin,0
17061,IL,Greene,.1533272
17063,IL,Grundy,.019618614
17065,IL,Hamilton,0
17067,IL,Hancock,.056041248
17069,IL,Hardin,0
17071,IL,Henderson,0
17073,IL,Henry,0
17075,IL,Iroquois,.036226634
17077,IL,Jackson,.17415838
17079,IL,Jasper,0
17081,IL,Jefferson,0
17083,IL,Jersey,.045772877
17085,IL,Jo Daviess,.32762334
17087,IL,Johnson,.080282591
17089,IL,Kane,.020590922
17091,IL,Kankakee,.054533556
17093,IL,Kendall,.015635382
17095,IL,Knox,.0399106
17097,IL,Lake,.025683759
17099,IL,LaSalle,.073106095
17101,IL,Lawrence,.06343165
17103,IL,Lee,.029220115
17105,IL,Livingston,.055926848
17107,IL,Logan,.10371651
17109,IL,McDonough,.033383407
17111,IL,McHenry,.025926046
17113,IL,McLean,.023144398
17115,IL,Macon,.019100009
17117,IL,Macoupin,0
17119,IL,Madison,.015125103
17121,IL,Marion,.026581606
17123,IL,Marshall,0
17125,IL,Mason,0
17127,IL,Massac,0
17129,IL,Menard,.16276042
17131,IL,Mercer,.064098455
17133,IL,Monroe,.0582496
17135,IL,Montgomery,.069927625
17137,IL,Morgan,.029432541
17139,IL,Moultrie,0
17141,IL,Ogle,.13746244
17143,IL,Peoria,.011072909
17145,IL,Perry,.094455466
17147,IL,Piatt,.060990486
17149,IL,Pike,.064057395
17151,IL,Pope,.23741691
17153,IL,Pulaski,0
17155,IL,Putnam,0
17157,IL,Randolph,.031146826
17159,IL,Richland,.12687939
17161,IL,Rock Island,.020909274
17163,IL,St. Clair,.011491655
17165,IL,Saline,0
17167,IL,Sangamon,.010238139
17169,IL,Schuyler,.14478065
17171,IL,Scott,0
17173,IL,Shelby,.045996044
17175,IL,Stark,0
17177,IL,Stephenson,.089379482
17179,IL,Tazewell,.030227918
17181,IL,Union,.059378896
17183,IL,Vermilion,.013019816
17185,IL,Wabash,0
17187,IL,Warren,.058713011
17189,IL,Washington,.14290819
17191,IL,Wayne,.06122949
17193,IL,White,0
17195,IL,Whiteside,.071908817
17197,IL,Will,.011555517
17199,IL,Williamson,.059651636
17201,IL,Winnebago,.031681105
17203,IL,Woodford,.025999011
18001,IN,Adams,.028061511
18003,IN,Allen,.021313384
18005,IN,Bartholomew,.048336618
18007,IN,Benton,0
18009,IN,Blackford,0
18011,IN,Boone,.044776786
18013,IN,Brown,.13128528
18015,IN,Carroll,0
18017,IN,Cass,.026346989
18019,IN,Clark,.017041581
18021,IN,Clay,0
18023,IN,Clinton,.031007752
18025,IN,Crawford,.18942982
18027,IN,Daviess,0
18029,IN,Dearborn,.040348612
18031,IN,Decatur,.037321787
18033,IN,DeKalb,.023134224
18035,IN,Delaware,.026138779
18037,IN,Dubois,.02349348
18039,IN,Elkhart,.024323799
18041,IN,Fayette,.043389596
18043,IN,Floyd,.03856983
18045,IN,Fountain,0
18047,IN,Franklin,.043983109
18049,IN,Fulton,.049771052
18051,IN,Gibson,.059787158
18053,IN,Grant,.060664888
18055,IN,Greene,.062488284
18057,IN,Hamilton,.021206595
18059,IN,Hancock,.039292216
18061,IN,Harrison,.049566295
18063,IN,Hendricks,.029938506
18065,IN,Henry,.041432746
18067,IN,Howard,.012140932
18069,IN,Huntington,.082781456
18071,IN,Jackson,.045340165
18073,IN,Jasper,.059934072
18075,IN,Jay,.096320555
18077,IN,Jefferson,.031048186
18079,IN,Jennings,.036217451
18081,IN,Johnson,.012802049
18083,IN,Knox,.054207888
18085,IN,Kosciusko,.037810043
18087,IN,LaGrange,.076277651
18089,IN,Lake,.014450539
18091,IN,LaPorte,.045451652
18093,IN,Lawrence,.021897171
18095,IN,Madison,.038568046
18097,IN,Marion,.020949647
18099,IN,Marshall,.086490229
18101,IN,Martin,0
18103,IN,Miami,.028115951
18105,IN,Monroe,.027226256
18107,IN,Montgomery,.02607834
18109,IN,Morgan,.02852416
18111,IN,Newton,0
18113,IN,Noble,.063115373
18115,IN,Ohio,.17111568
18117,IN,Orange,.15393299
18119,IN,Owen,.047973134
18121,IN,Parke,.11815443
18123,IN,Perry,.10470108
18125,IN,Pike,.080580175
18127,IN,Porter,.017689304
18129,IN,Posey,.078308538
18131,IN,Pulaski,0
18133,IN,Putnam,.079409197
18135,IN,Randolph,.04023983
18137,IN,Ripley,.070118852
18139,IN,Rush,.060013201
18141,IN,St. Joseph,.018465789
18143,IN,Scott,.041879553
18145,IN,Shelby,.022425044
18147,IN,Spencer,0
18149,IN,Starke,.043601483
18151,IN,Steuben,.028913433
18153,IN,Sullivan,0
18155,IN,Switzerland,.093309693
18157,IN,Tippecanoe,.020720236
18159,IN,Tipton,.066102594
18161,IN,Union,0
18163,IN,Vanderburgh,.016576966
18165,IN,Vermillion,0
18167,IN,Vigo,.0093122013
18169,IN,Wabash,.063938618
18171,IN,Warren,0
18173,IN,Warrick,.031965733
18175,IN,Washington,.035787139
18177,IN,Wayne,.030332444
18179,IN,Wells,.03545345
18181,IN,White,.041437037
18183,IN,Whitley,0
19001,IA,Adair,.28316578
19003,IA,Adams,.27434841
19005,IA,Allamakee,.14459226
19007,IA,Appanoose,0
19009,IA,Audubon,.18162005
19011,IA,Benton,.19499259
19013,IA,Black Hawk,.045314483
19015,IA,Boone,.037956428
19017,IA,Bremer,.12025494
19019,IA,Buchanan,.047172036
19021,IA,Buena Vista,.050316997
19023,IA,Butler,0
19025,IA,Calhoun,.30931023
19027,IA,Carroll,.099235885
19029,IA,Cass,.30935809
19031,IA,Cedar,.16105653
19033,IA,Cerro Gordo,.070344925
19035,IA,Cherokee,0
19037,IA,Chickasaw,.083584085
19039,IA,Clarke,.10612331
19041,IA,Clay,.12396182
19043,IA,Clayton,.3417635
19045,IA,Clinton,.064491168
19047,IA,Crawford,.1165637
19049,IA,Dallas,.044355731
19051,IA,Davis,.11090163
19053,IA,Decatur,.25348541
19055,IA,Delaware,.11717148
19057,IA,Des Moines,.076651849
19059,IA,Dickinson,.058298841
19061,IA,Dubuque,.030974457
19063,IA,Emmet,.10807306
19065,IA,Fayette,.2034588
19067,IA,Floyd,.1268955
19069,IA,Franklin,.098775186
19071,IA,Fremont,.14300014
19073,IA,Greene,.11134618
19075,IA,Grundy,.081274383
19077,IA,Guthrie,.18656716
19079,IA,Hamilton,.066880688
19081,IA,Hancock,.373413
19083,IA,Hardin,.23713541
19085,IA,Harrison,.14150275
19087,IA,Henry,.049833059
19089,IA,Howard,.54424733
19091,IA,Humboldt,.10474495
19093,IA,Ida,.14617746
19095,IA,Iowa,.12390806
19097,IA,Jackson,.15438452
19099,IA,Jasper,.080760226
19101,IA,Jefferson,.054404005
19103,IA,Johnson,.026444532
19105,IA,Jones,.14462014
19107,IA,Keokuk,0
19109,IA,Kossuth,.20123424
19111,IA,Lee,.11745705
19113,IA,Linn,.044265613
19115,IA,Louisa,.08953353
19117,IA,Lucas,.1156738
19119,IA,Lyon,.16933367
19121,IA,Madison,.06154225
19123,IA,Mahaska,.090909094
19125,IA,Marion,.089801535
19127,IA,Marshall,.10004752
19129,IA,Mills,.06638784
19131,IA,Mitchell,.283849
19133,IA,Monona,0
19135,IA,Monroe,.25673941
19137,IA,Montgomery,.099970005
19139,IA,Muscatine,.069882832
19141,IA,O'Brien,.216763
19143,IA,Osceola,.16556291
19145,IA,Page,.13115615
19147,IA,Palo Alto,.11199462
19149,IA,Plymouth,.11954573
19151,IA,Pocahontas,.44510385
19153,IA,Polk,.030787924
19155,IA,Pottawattamie,.021382827
19157,IA,Poweshiek,.053478796
19159,IA,Ringgold,0
19161,IA,Sac,0
19163,IA,Scott,.028854532
19165,IA,Shelby,.086370707
19167,IA,Sioux,.057291817
19169,IA,Story,.050965801
19171,IA,Tama,.11831519
19173,IA,Taylor,0
19175,IA,Union,.080912694
19177,IA,Van Buren,.42735043
19179,IA,Wapello,.085215166
19181,IA,Warren,.058759011
19183,IA,Washington,.090330154
19185,IA,Wayne,0
19187,IA,Webster,.05513135
19189,IA,Winnebago,.19015022
19191,IA,Winneshiek,.099855207
19193,IA,Woodbury,.029257162
19195,IA,Worth,.26834831
19197,IA,Wright,.15760441
20001,KS,Allen,.24108005
20003,KS,Anderson,.12693577
20005,KS,Atchison,.06175508
20007,KS,Barber,.22361359
20009,KS,Barton,.038298037
20011,KS,Bourbon,.068245411
20013,KS,Brown,.10418838
20015,KS,Butler,.029955816
20017,KS,Chase,0
20019,KS,Chautauqua,0
20021,KS,Cherokee,0
20023,KS,Cheyenne,0
20025,KS,Clark,0
20027,KS,Clay,0
20029,KS,Cloud,.22912131
20031,KS,Coffey,.36438721
20033,KS,Comanche,0
20035,KS,Cowley,.056789141
20037,KS,Crawford,.025628541
20039,KS,Decatur,.34831068
20041,KS,Dickinson,.053427365
20043,KS,Doniphan,0
20045,KS,Douglas,.049408741
20047,KS,Edwards,.35100034
20049,KS,Elk,0
20051,KS,Ellis,.069662139
20053,KS,Ellsworth,0
20055,KS,Finney,.027314195
20057,KS,Ford,.029508971
20059,KS,Franklin,.039015256
20061,KS,Geary,.092041478
20063,KS,Gove,0
20065,KS,Graham,0
20067,KS,Grant,0
20069,KS,Gray,0
20071,KS,Greeley,.81499594
20073,KS,Greenwood,.33030555
20075,KS,Hamilton,.38358265
20077,KS,Harper,.36324009
20079,KS,Harvey,.058462437
20081,KS,Haskell,0
20083,KS,Hodgeman,0
20085,KS,Jackson,.075301208
20087,KS,Jefferson,.052700922
20089,KS,Jewell,0
20091,KS,Johnson,.015061375
20093,KS,Kearny,0
20095,KS,Kingman,0
20097,KS,Kiowa,0
20099,KS,Labette,.050090164
20101,KS,Lane,0
20103,KS,Leavenworth,.012292261
20105,KS,Lincoln,0
20107,KS,Linn,0
20109,KS,Logan,0
20111,KS,Lyon,.029934742
20113,KS,McPherson,.10512668
20115,KS,Marion,.16736402
20117,KS,Marshall,.20571899
20119,KS,Meade,0
20121,KS,Miami,.029691212
20123,KS,Mitchell,0
20125,KS,Montgomery,.093399748
20127,KS,Morris,0
20129,KS,Morton,0
20131,KS,Nemaha,.19694732
20133,KS,Neosho,.12538399
20135,KS,Ness,0
20137,KS,Norton,.18416207
20139,KS,Osage,.12546264
20141,KS,Osborne,.28776979
20143,KS,Ottawa,0
20145,KS,Pawnee,0
20147,KS,Phillips,0
20149,KS,Pottawatomie,0
20151,KS,Pratt,0
20153,KS,Rawlins,0
20155,KS,Reno,.04812165
20157,KS,Republic,.42881647
20159,KS,Rice,.10492078
20161,KS,Riley,.027135938
20163,KS,Rooks,0
20165,KS,Rush,.3233107
20167,KS,Russell,.14478065
20169,KS,Saline,.036764029
20171,KS,Scott,0
20173,KS,Sedgwick,.015576112
20175,KS,Seward,.091827363
20177,KS,Shawnee,.033803008
20179,KS,Sheridan,.3947888
20181,KS,Sherman,.16952026
20183,KS,Smith,.2775465
20185,KS,Stafford,.23934898
20187,KS,Stanton,0
20189,KS,Stevens,0
20191,KS,Sumner,.043485824
20193,KS,Thomas,.12968487
20195,KS,Trego,0
20197,KS,Wabaunsee,0
20199,KS,Wallace,0
20201,KS,Washington,.36900368
20203,KS,Wichita,.47505939
20205,KS,Wilson,0
20207,KS,Woodson,0
20209,KS,Wyandotte,.030243643
21001,KY,Adair,.10408535
21003,KY,Allen,0
21005,KY,Anderson,.044124786
21007,KY,Ballard,.12532899
21009,KY,Barren,.090546906
21011,KY,Bath,.080755875
21013,KY,Bell,0
21015,KY,Boone,.0076026549
21017,KY,Bourbon,.049544193
21019,KY,Boyd,.021168502
21021,KY,Boyle,.03322259
21023,KY,Bracken,0
21025,KY,Breathitt,.078579284
21027,KY,Breckinridge,.049048461
21029,KY,Bullitt,0
21031,KY,Butler,0
21033,KY,Caldwell,0
21035,KY,Calloway,.025552575
21037,KY,Campbell,.064410858
21039,KY,Carlisle,.20959966
21041,KY,Carroll,.093135886
21043,KY,Carter,.03703155
21045,KY,Casey,0
21047,KY,Christian,.027905289
21049,KY,Clark,.027586969
21051,KY,Clay,0
21053,KY,Clinton,.09798158
21055,KY,Crittenden,.1121705
21057,KY,Cumberland,0
21059,KY,Daviess,.0098908059
21061,KY,Edmonson,.08147303
21063,KY,Elliott,.13319126
21065,KY,Estill,.070432454
21067,KY,Fayette,.015442585
21069,KY,Fleming,.069290467
21071,KY,Floyd,.027897894
21073,KY,Franklin,.019679228
21075,KY,Fulton,0
21077,KY,Gallatin,0
21079,KY,Garrard,.056947608
21081,KY,Grant,.119422
21083,KY,Graves,.053594876
21085,KY,Grayson,.037992477
21087,KY,Green,0
21089,KY,Greenup,.028354315
21091,KY,Hancock,0
21093,KY,Hardin,.027184747
21095,KY,Harlan,.037865881
21097,KY,Harrison,.053253807
21099,KY,Hart,.052893262
21101,KY,Henderson,.021934154
21103,KY,Henry,.062088661
21105,KY,Hickman,0
21107,KY,Hopkins,0
21109,KY,Jackson,.07439369
21111,KY,Jefferson,.022063108
21113,KY,Jessamine,.018545995
21115,KY,Johnson,.044670776
21117,KY,Kenton,.012044492
21119,KY,Knott,0
21121,KY,Knox,0
21123,KY,Larue,0
21125,KY,Laurel,.016482882
21127,KY,Lawrence,.064221948
21129,KY,Lee,0
21131,KY,Leslie,0
21133,KY,Letcher,.045664184
21135,KY,Lewis,.075431846
21137,KY,Lincoln,.040577829
21139,KY,Livingston,0
21141,KY,Logan,.037052132
21143,KY,Lyon,0
21145,KY,McCracken,.015303155
21147,KY,McCreary,0
21149,KY,McLean,.10808474
21151,KY,Madison,.01082626
21153,KY,Magoffin,0
21155,KY,Marion,.051535767
21157,KY,Marshall,0
21159,KY,Martin,0
21161,KY,Mason,0
21163,KY,Meade,.034825005
21165,KY,Menifee,0
21167,KY,Mercer,.045926332
21169,KY,Metcalfe,.099700898
21171,KY,Monroe,.093300991
21173,KY,Montgomery,.03545722
21175,KY,Morgan,0
21177,KY,Muhlenberg,.064989924
21179,KY,Nelson,.021809775
21181,KY,Nicholas,0
21183,KY,Ohio,.04151617
21185,KY,Oldham,.030088762
21187,KY,Owen,.091911763
21189,KY,Owsley,.22361359
21191,KY,Pendleton,.06882786
21193,KY,Perry,.038325924
21195,KY,Pike,.017122701
21197,KY,Powell,.08037293
21199,KY,Pulaski,.030948734
21201,KY,Robertson,.46838409
21203,KY,Rockcastle,.11940298
21205,KY,Rowan,.040678516
21207,KY,Russell,.056113575
21209,KY,Scott,.017847262
21211,KY,Shelby,.041221816
21213,KY,Simpson,.053969454
21215,KY,Spencer,.05320847
21217,KY,Taylor,.039140474
21219,KY,Todd,.081228167
21221,KY,Trigg,.068292014
21223,KY,Trimble,0
21225,KY,Union,0
21227,KY,Warren,.03047294
21229,KY,Washington,.082754053
21231,KY,Wayne,.048856754
21233,KY,Webster,0
21235,KY,Whitley,0
21237,KY,Wolfe,.13933398
21239,KY,Woodford,.11306675
22001,LA,Acadia,0
22003,LA,Allen,.039054871
22005,LA,Ascension,0
22007,LA,Assumption,0
22009,LA,Avoyelles,.074143641
22011,LA,Beauregard,.080530427
22013,LA,Bienville,0
22015,LA,Bossier,.031450249
22017,LA,Caddo,.0082330974
22019,LA,Calcasieu,.014770176
22021,LA,Caldwell,0
22023,LA,Cameron,0
22025,LA,Catahoula,0
22027,LA,Claiborne,0
22029,LA,Concordia,0
22031,LA,De Soto,.03644846
22033,LA,East Baton Rouge,.0181424
22035,LA,East Carroll,.14210601
22037,LA,East Feliciana,0
22039,LA,Evangeline,.029901624
22041,LA,Franklin,0
22043,LA,Grant,0
22045,LA,Iberia,.042288661
22047,LA,Iberville,0
22049,LA,Jackson,0
22051,LA,Jefferson,.0069116298
22053,LA,Jefferson Davis,.09499082
22055,LA,Lafayette,.024713529
22057,LA,Lafourche,.030576365
22059,LA,La Salle,.067037605
22061,LA,Lincoln,.021188237
22063,LA,Livingston,.007165018
22065,LA,Madison,0
22067,LA,Morehouse,0
22069,LA,Natchitoches,.025867198
22071,LA,Orleans,.02301755
22073,LA,Ouachita,.012947079
22075,LA,Plaquemines,0
22077,LA,Pointe Coupee,0
22079,LA,Rapides,.015318393
22081,LA,Red River,0
22083,LA,Richland,0
22085,LA,Sabine,.041611183
22087,LA,St. Bernard,.021403652
22089,LA,St. Charles,.037822198
22091,LA,St. Helena,0
22093,LA,St. James,0
22095,LA,St. John the Baptist,.023156725
22097,LA,St. Landry,.012082548
22099,LA,St. Martin,.037298821
22101,LA,St. Mary,.020090811
22103,LA,St. Tammany,.019371511
22105,LA,Tangipahoa,.007475127
22107,LA,Tensas,0
22109,LA,Terrebonne,.01801461
22111,LA,Union,.044782802
22113,LA,Vermilion,.016714023
22115,LA,Vernon,.040933277
22117,LA,Washington,0
22119,LA,Webster,0
22121,LA,West Baton Rouge,0
22123,LA,West Carroll,0
22125,LA,West Feliciana,.06468305
22127,LA,Winn,.070751376
23001,ME,Androscoggin,.055721171
23003,ME,Aroostook,.044702061
23005,ME,Cumberland,.05791039
23007,ME,Franklin,.16724086
23009,ME,Hancock,.18244512
23011,ME,Kennebec,.06552919
23013,ME,Knox,.1005758
23015,ME,Lincoln,.029118864
23017,ME,Oxford,.10413413
23019,ME,Penobscot,.046328161
23021,ME,Piscataquis,.05952381
23023,ME,Sagadahoc,.05612617
23025,ME,Somerset,.079063885
23027,ME,Waldo,.2015418
23029,ME,Washington,.15878056
23031,ME,York,.053338762
24001,MD,Allegany,.042268403
24003,MD,Anne Arundel,.026040265
24005,MD,Baltimore,.020520719
24009,MD,Calvert,.043476842
24011,MD,Caroline,.060052846
24013,MD,Carroll,.029686099
24015,MD,Cecil,.019450333
24017,MD,Charles,.024767341
24019,MD,Dorchester,.031251952
24021,MD,Frederick,.058674429
24023,MD,Garrett,.034290027
24025,MD,Harford,.01181307
24027,MD,Howard,.018564586
24029,MD,Kent,.051591601
24031,MD,Montgomery,.019001165
24033,MD,Prince George's,.024194222
24035,MD,Queen Anne's,.059700303
24037,MD,St. Mary's,.035503797
24039,MD,Somerset,.11684518
24041,MD,Talbot,0
24043,MD,Washington,.026503054
24045,MD,Wicomico,.029071176
24047,MD,Worcester,.057889353
24510,MD,Baltimore,.033195294
25001,MA,Barnstable,.089029253
25003,MA,Berkshire,.15037832
25005,MA,Bristol,.042551532
25007,MA,Dukes,.17289074
25009,MA,Essex,.030355232
25011,MA,Franklin,.15501036
25013,MA,Hampden,.04039064
25015,MA,Hampshire,.080567695
25017,MA,Middlesex,.037158284
25019,MA,Nantucket,.17656925
25021,MA,Norfolk,.03260617
25023,MA,Plymouth,.034740184
25025,MA,Suffolk,.037163116
25027,MA,Worcester,.072216161
26001,MI,Alcona,.2895194
26003,MI,Alger,.10992635
26005,MI,Allegan,.042615935
26007,MI,Alpena,.070521861
26009,MI,Antrim,.21399529
26011,MI,Arenac,.13296989
26013,MI,Baraga,.1201923
26015,MI,Barry,.032702714
26017,MI,Bay,.028867528
26019,MI,Benzie,.28164253
26021,MI,Berrien,.038925398
26023,MI,Branch,0
26025,MI,Calhoun,.059485305
26027,MI,Cass,.019359959
26029,MI,Charlevoix,.11431184
26031,MI,Cheboygan,.078699879
26033,MI,Chippewa,.053309165
26035,MI,Clare,.097538769
26037,MI,Clinton,.063026272
26039,MI,Crawford,.14387454
26041,MI,Delta,.055777114
26043,MI,Dickinson,.039396446
26045,MI,Eaton,.04552656
26047,MI,Emmet,.12009127
26049,MI,Genesee,.014745927
26051,MI,Gladwin,.039467972
26053,MI,Gogebic,0
26055,MI,Grand Traverse,.075616002
26057,MI,Gratiot,.073893443
26059,MI,Hillsdale,.021858402
26061,MI,Houghton,.11043927
26063,MI,Huron,.032086249
26065,MI,Ingham,.040992707
26067,MI,Ionia,.046721693
26069,MI,Iosco,.15948327
26071,MI,Iron,.089952327
26073,MI,Isabella,.028343868
26075,MI,Jackson,.018888952
26077,MI,Kalamazoo,.037754372
26079,MI,Kalkaska,.11220826
26081,MI,Kent,.03059105
26083,MI,Keweenaw,0
26085,MI,Lake,0
26087,MI,Lapeer,.056800108
26089,MI,Leelanau,.27568462
26091,MI,Lenawee,.040705841
26093,MI,Livingston,.031376816
26095,MI,Luce,.15915963
26097,MI,Mackinac,.18540837
26099,MI,Macomb,.0091453763
26101,MI,Manistee,.040769733
26103,MI,Marquette,.060135908
26105,MI,Mason,.068728521
26107,MI,Mecosta,.045929499
26109,MI,Menominee,.26106253
26111,MI,Midland,.024035862
26113,MI,Missaukee,0
26115,MI,Monroe,.033236064
26117,MI,Montcalm,.078164086
26119,MI,Montmorency,.10793308
26121,MI,Muskegon,.028803835
26123,MI,Newaygo,.040906489
26125,MI,Oakland,.022236323
26127,MI,Oceana,.037558686
26129,MI,Ogemaw,.09545628
26131,MI,Ontonagon,.17256255
26133,MI,Osceola,.12852919
26135,MI,Oscoda,0
26137,MI,Otsego,.040543281
26139,MI,Ottawa,.030981706
26141,MI,Presque Isle,.15701053
26143,MI,Roscommon,.041869033
26145,MI,Saginaw,.036687631
26147,MI,St. Clair,.018828019
26149,MI,St. Joseph,.03276379
26151,MI,Sanilac,.024282454
26153,MI,Schoolcraft,.12394646
26155,MI,Shiawassee,.11731581
26157,MI,Tuscola,.038083632
26159,MI,Van Buren,.066270806
26161,MI,Washtenaw,.037739612
26163,MI,Wayne,.016534647
26165,MI,Wexford,.029881073
27001,MN,Aitkin,0
27003,MN,Anoka,.01695811
27005,MN,Becker,.058188587
27007,MN,Beltrami,.04269217
27009,MN,Benton,0
27011,MN,Big Stone,0
27013,MN,Blue Earth,.014830854
27015,MN,Brown,0
27017,MN,Carlton,.055808242
27019,MN,Carver,.0096570766
27021,MN,Cass,.13550594
27023,MN,Chippewa,.083864473
27025,MN,Chisago,.1072923
27027,MN,Clay,.046907984
27029,MN,Clearwater,.11350738
27031,MN,Cook,.18542555
27033,MN,Cottonwood,0
27035,MN,Crow Wing,.030821865
27037,MN,Dakota,.018804813
27039,MN,Dodge,.048026126
27041,MN,Douglas,.052681487
27043,MN,Faribault,0
27045,MN,Fillmore,.094975784
27047,MN,Freeborn,.032847196
27049,MN,Goodhue,.021550331
27051,MN,Grant,0
27053,MN,Hennepin,.034142483
27055,MN,Houston,.053827107
27057,MN,Hubbard,.093755856
27059,MN,Isanti,.050042536
27061,MN,Itasca,.022169016
27063,MN,Jackson,0
27065,MN,Kanabec,.061701734
27067,MN,Kandiyohi,.070003502
27069,MN,Kittson,0
27071,MN,Koochiching,0
27073,MN,Lac qui Parle,.30039051
27075,MN,Lake,0
27077,MN,Lake of the Woods,.26609898
27079,MN,Le Sueur,.035095107
27081,MN,Lincoln,.35254714
27083,MN,Lyon,.039018299
27085,MN,McLeod,.083628356
27087,MN,Mahnomen,.18119225
27089,MN,Marshall,.21299255
27091,MN,Martin,0
27093,MN,Meeker,.043213345
27095,MN,Mille Lacs,.076514021
27097,MN,Morrison,.060297266
27099,MN,Mower,.049986254
27101,MN,Murray,.12083132
27103,MN,Nicollet,.029222677
27105,MN,Nobles,0
27107,MN,Norman,0
27109,MN,Olmsted,.025595577
27111,MN,Otter Tail,0
27113,MN,Pennington,.070531808
27115,MN,Pine,.033917852
27117,MN,Pipestone,0
27119,MN,Polk,.12686732
27121,MN,Pope,.18022889
27123,MN,Ramsey,.023627343
27125,MN,Red Lake,0
27127,MN,Redwood,0
27129,MN,Renville,0
27131,MN,Rice,.045097183
27133,MN,Rock,.10622478
27135,MN,Roseau,.066006601
27137,MN,St. Louis,.06007389
27139,MN,Scott,.0067851348
27141,MN,Sherburne,.010412762
27143,MN,Sibley,.13308491
27145,MN,Stearns,.037675191
27147,MN,Steele,.054343395
27149,MN,Stevens,.10253255
27151,MN,Swift,.1070091
27153,MN,Todd,.040680174
27155,MN,Traverse,0
27157,MN,Wabasha,.046200044
27159,MN,Wadena,.072605826
27161,MN,Waseca,0
27163,MN,Washington,.023148058
27165,MN,Watonwan,.18214937
27167,MN,Wilkin,0
27169,MN,Winona,.039350715
27171,MN,Wright,.029336482
27173,MN,Yellow Medicine,.10209291
28001,MS,Adams,0
28003,MS,Alcorn,.054163847
28005,MS,Amite,0
28007,MS,Attala,.054451402
28009,MS,Benton,0
28011,MS,Bolivar,.063830465
28013,MS,Calhoun,.069271266
28015,MS,Carroll,.10089799
28017,MS,Chickasaw,0
28019,MS,Choctaw,.24160425
28021,MS,Claiborne,0
28023,MS,Clarke,0
28025,MS,Clay,.051583618
28027,MS,Coahoma,.088386074
28029,MS,Copiah,.070069723
28031,MS,Covington,0
28033,MS,DeSoto,.016483426
28035,MS,Forrest,.066634685
28037,MS,Franklin,0
28039,MS,George,0
28041,MS,Greene,0
28043,MS,Grenada,.14248396
28045,MS,Hancock,0
28047,MS,Harrison,.0338737
28049,MS,Hinds,.021089483
28051,MS,Holmes,0
28053,MS,Humphreys,0
28055,MS,Issaquena,0
28057,MS,Itawamba,.085044861
28059,MS,Jackson,.020938462
28061,MS,Jasper,0
28063,MS,Jefferson,0
28065,MS,Jefferson Davis,0
28067,MS,Jones,.014606857
28069,MS,Kemper,0
28071,MS,Lafayette,.054751519
28073,MS,Lamar,.016013579
28075,MS,Lauderdale,.013277215
28077,MS,Lawrence,0
28079,MS,Leake,0
28081,MS,Lee,.011736814
28083,MS,Leflore,0
28085,MS,Lincoln,.029235492
28087,MS,Lowndes,.016969286
28089,MS,Madison,.028401023
28091,MS,Marion,.040461257
28093,MS,Marshall,.028207948
28095,MS,Monroe,.028118322
28097,MS,Montgomery,0
28099,MS,Neshoba,.034334764
28101,MS,Newton,0
28103,MS,Noxubee,.094921693
28105,MS,Oktibbeha,.040323395
28107,MS,Panola,.029258586
28109,MS,Pearl River,.018054778
28111,MS,Perry,0
28113,MS,Pike,.050552282
28115,MS,Pontotoc,0
28117,MS,Prentiss,.039502271
28119,MS,Quitman,.14182386
28121,MS,Rankin,0
28123,MS,Scott,0
28125,MS,Sharkey,0
28127,MS,Simpson,0
28129,MS,Smith,0
28131,MS,Stone,.053427365
28133,MS,Sunflower,.038857587
28135,MS,Tallahatchie,0
28137,MS,Tate,.034771722
28139,MS,Tippah,.045464877
28141,MS,Tishomingo,.10280662
28143,MS,Tunica,0
28145,MS,Union,.034957699
28147,MS,Walthall,.069132388
28149,MS,Warren,.021656271
28151,MS,Washington,.044382308
28153,MS,Wayne,0
28155,MS,Webster,.10216592
28157,MS,Wilkinson,0
28159,MS,Winston,.055050921
28161,MS,Yalobusha,.080697224
28163,MS,Yazoo,.035400737
29001,MO,Adair,.039464857
29003,MO,Andrew,0
29005,MO,Atchison,0
29007,MO,Audrain,.039257254
29009,MO,Barry,.055732042
29011,MO,Barton,.084760129
29013,MO,Bates,0
29015,MO,Benton,.0518726
29017,MO,Bollinger,.082176022
29019,MO,Boone,.055554014
29021,MO,Buchanan,.022580754
29023,MO,Butler,.093810834
29025,MO,Caldwell,.10979359
29027,MO,Callaway,.066831514
29029,MO,Camden,.087307647
29031,MO,Cape Girardeau,.063489646
29033,MO,Carroll,.22875443
29035,MO,Carter,0
29037,MO,Cass,.057167903
29039,MO,Cedar,.14119308
29041,MO,Chariton,0
29043,MO,Christian,.057482496
29045,MO,Clark,.14615609
29047,MO,Clay,.028413126
29049,MO,Clinton,.048851978
29051,MO,Cole,.065107554
29053,MO,Cooper,.056808498
29055,MO,Crawford,.12522437
29057,MO,Dade,0
29059,MO,Dallas,.1193175
29061,MO,Daviess,0
29063,MO,DeKalb,0
29065,MO,Dent,.064762644
29067,MO,Douglas,.074777536
29069,MO,Dunklin,.033987015
29071,MO,Franklin,.067521945
29073,MO,Gasconade,.20401224
29075,MO,Gentry,0
29077,MO,Greene,.027404487
29079,MO,Grundy,.10086746
29081,MO,Harrison,.11884954
29083,MO,Henry,.1376652
29085,MO,Hickory,.10516353
29087,MO,Holt,0
29089,MO,Howard,.098648518
29091,MO,Howell,.12476295
29093,MO,Iron,.098260783
29095,MO,Jackson,.025703013
29097,MO,Jasper,.024868198
29099,MO,Jefferson,.022286903
29101,MO,Johnson,.07455454
29103,MO,Knox,0
29105,MO,Laclede,.056002017
29107,MO,Lafayette,.18406036
29109,MO,Lawrence,.15641701
29111,MO,Lewis,0
29113,MO,Lincoln,.034670457
29115,MO,Linn,.16615435
29117,MO,Livingston,.066024035
29119,MO,McDonald,.12999393
29121,MO,Macon,.065993533
29123,MO,Madison,.16409583
29125,MO,Maries,0
29127,MO,Marion,.034974817
29129,MO,Mercer,.27464983
29131,MO,Miller,.078939058
29133,MO,Mississippi,.074985005
29135,MO,Moniteau,0
29137,MO,Monroe,.23084027
29139,MO,Montgomery,.086700194
29141,MO,Morgan,.098241478
29143,MO,New Madrid,0
29145,MO,Newton,.034325335
29147,MO,Nodaway,.044835009
29149,MO,Oregon,.094867662
29151,MO,Osage,.072918184
29153,MO,Ozark,.11090163
29155,MO,Pemiscot,0
29157,MO,Perry,0
29159,MO,Pettis,.023506181
29161,MO,Phelps,.067066081
29163,MO,Pike,.16212711
29165,MO,Platte,.029130455
29167,MO,Polk,.031054936
29169,MO,Pulaski,.057676781
29171,MO,Putnam,.21021652
29173,MO,Ralls,0
29175,MO,Randolph,.12114849
29177,MO,Ray,.043700565
29179,MO,Reynolds,0
29181,MO,Ripley,.074621297
29183,MO,St. Charles,.012525615
29185,MO,St. Clair,0
29186,MO,Ste. Genevieve,.1118068
29187,MO,St. Francois,.014994302
29189,MO,St. Louis,.016049029
29195,MO,Saline,.043677658
29197,MO,Schuyler,.21743858
29199,MO,Scotland,.40273863
29201,MO,Scott,.026002392
29203,MO,Shannon,.24423006
29205,MO,Shelby,.16528925
29207,MO,Stoddard,.034239538
29209,MO,Stone,.094491161
29211,MO,Sullivan,0
29213,MO,Taney,.071617849
29215,MO,Texas,.078213602
29217,MO,Vernon,.048713952
29219,MO,Warren,.11523724
29221,MO,Washington,0
29223,MO,Wayne,0
29225,MO,Webster,.025569562
29227,MO,Worth,.49019608
29229,MO,Wright,.10882577
29510,MO,St. Louis,.029718859
30001,MT,Beaverhead,.10633773
30003,MT,Big Horn,.074973762
30005,MT,Blaine,0
30007,MT,Broadwater,0
30009,MT,Carbon,.093335822
30011,MT,Carter,0
30013,MT,Cascade,.024496894
30015,MT,Chouteau,.1740644
30017,MT,Custer,.086311065
30019,MT,Daniels,0
30021,MT,Dawson,.23041475
30023,MT,Deer Lodge,.10951703
30025,MT,Fallon,0
30027,MT,Fergus,.0899847
30029,MT,Flathead,.048968717
30031,MT,Gallatin,.071507737
30033,MT,Garfield,0
30035,MT,Glacier,0
30037,MT,Golden Valley,0
30039,MT,Granite,0
30041,MT,Hill,.061173305
30043,MT,Jefferson,.16533025
30045,MT,Judith Basin,.51229507
30047,MT,Lake,.0661157
30049,MT,Lewis and Clark,.014556041
30051,MT,Liberty,.82304525
30053,MT,Lincoln,.10104072
30055,MT,McCone,.5970149
30057,MT,Madison,.45620438
30059,MT,Meagher,0
30061,MT,Mineral,0
30063,MT,Missoula,.050508875
30065,MT,Musselshell,0
30067,MT,Park,.11950286
30069,MT,Petroleum,0
30071,MT,Phillips,0
30073,MT,Pondera,0
30075,MT,Powder River,0
30077,MT,Powell,.1435132
30079,MT,Prairie,0
30081,MT,Ravalli,.092652649
30083,MT,Richland,.091633834
30085,MT,Roosevelt,.090424091
30087,MT,Rosebud,0
30089,MT,Sanders,.33772373
30091,MT,Sheridan,0
30093,MT,Silver Bow,.028577143
30095,MT,Stillwater,.10488777
30097,MT,Sweet Grass,.26954177
30099,MT,Teton,.16228497
30101,MT,Toole,.20605811
30103,MT,Treasure,1.472754
30105,MT,Valley,.26892564
30107,MT,Wheatland,0
30109,MT,Wibaux,0
30111,MT,Yellowstone,.01873396
31001,NE,Adams,.063469902
31003,NE,Antelope,.47348484
31005,NE,Arthur,0
31007,NE,Banner,1.369863
31009,NE,Blaine,0
31011,NE,Boone,0
31013,NE,Box Butte,.092833273
31015,NE,Boyd,0
31017,NE,Brown,1.0090817
31019,NE,Buffalo,.080620781
31021,NE,Burt,.1541307
31023,NE,Butler,.12410028
31025,NE,Cass,.038227759
31027,NE,Cedar,.11839924
31029,NE,Chase,0
31031,NE,Cherry,.17358097
31033,NE,Cheyenne,.10741138
31035,NE,Clay,.16092694
31037,NE,Colfax,.091903314
31039,NE,Cuming,.22371365
31041,NE,Custer,.092250921
31043,NE,Dakota,.049793359
31045,NE,Dawes,.11473153
31047,NE,Dawson,.21089038
31049,NE,Deuel,0
31051,NE,Dixon,0
31053,NE,Dodge,.05436112
31055,NE,Douglas,.017640417
31057,NE,Dundy,0
31059,NE,Fillmore,.18092997
31061,NE,Franklin,0
31063,NE,Frontier,.38343558
31065,NE,Furnas,0
31067,NE,Gage,.13958032
31069,NE,Garden,0
31071,NE,Garfield,.50327128
31073,NE,Gosper,0
31075,NE,Grant,0
31077,NE,Greeley,0
31079,NE,Hall,.032463845
31081,NE,Hamilton,0
31083,NE,Harlan,.58806235
31085,NE,Hayes,0
31087,NE,Hitchcock,0
31089,NE,Holt,0
31091,NE,Hooker,0
31093,NE,Howard,0
31095,NE,Jefferson,.14090461
31097,NE,Johnson,0
31099,NE,Kearney,.30562347
31101,NE,Keith,.12467273
31103,NE,Keya Paha,0
31105,NE,Kimball,0
31107,NE,Knox,.11877895
31109,NE,Lancaster,.025214957
31111,NE,Lincoln,.056842405
31113,NE,Logan,0
31115,NE,Loup,0
31117,NE,McPherson,0
31119,NE,Madison,.08476492
31121,NE,Merrick,0
31123,NE,Morrill,.21340162
31125,NE,Nance,0
31127,NE,Nemaha,.28743893
31129,NE,Nuckolls,0
31131,NE,Otoe,.1251173
31133,NE,Pawnee,0
31135,NE,Perkins,0
31137,NE,Phelps,.11116052
31139,NE,Pierce,.14001681
31141,NE,Platte,.029973324
31143,NE,Polk,.1894657
31145,NE,Red Willow,.093231402
31147,NE,Richardson,0
31149,NE,Rock,.7352941
31151,NE,Saline,0
31153,NE,Sarpy,.010842518
31155,NE,Saunders,.14082524
31157,NE,Scotts Bluff,.083358802
31159,NE,Seward,.057743389
31161,NE,Sheridan,.38535646
31163,NE,Sherman,.32916391
31165,NE,Sioux,0
31167,NE,Stanton,0
31169,NE,Thayer,.59535623
31171,NE,Thomas,0
31173,NE,Thurston,0
31175,NE,Valley,.23866348
31177,NE,Washington,.048386317
31179,NE,Wayne,.10634904
31181,NE,Webster,.28304556
31183,NE,Wheeler,0
31185,NE,York,.072611094
32001,NV,Churchill,.12274959
32003,NV,Clark,.004929095
32005,NV,Douglas,.061897784
32007,NV,Elko,.019062143
32009,NV,Esmeralda,0
32011,NV,Eureka,.49925113
32013,NV,Humboldt,.059573453
32015,NV,Lander,0
32017,NV,Lincoln,.57681215
32019,NV,Lyon,.053755734
32021,NV,Mineral,.22153302
32023,NV,Nye,0
32027,NV,Pershing,0
32029,NV,Storey,.24820055
32031,NV,Washoe,.01717715
32033,NV,White Pine,.10554089
32510,NV,Carson City,.036091961
33001,NH,Belknap,.2622005
33003,NH,Carroll,.14350438
33005,NH,Cheshire,.065365456
33007,NH,Coos,.094969764
33009,NH,Grafton,.089100748
33011,NH,Hillsborough,.040939488
33013,NH,Merrimack,.086017519
33015,NH,Rockingham,.045281652
33017,NH,Strafford,.07686986
33019,NH,Sullivan,.069534585
34001,NJ,Atlantic,.01883743
34003,NJ,Bergen,.013878629
34005,NJ,Burlington,.017962027
34007,NJ,Camden,.023664998
34009,NJ,Cape May,.054019015
34011,NJ,Cumberland,.01324749
34013,NJ,Essex,.013754006
34015,NJ,Gloucester,.003431615
34017,NJ,Hudson,.011833251
34019,NJ,Hunterdon,.040091731
34021,NJ,Mercer,.037857175
34023,NJ,Middlesex,.0084369369
34025,NJ,Monmouth,.014484497
34027,NJ,Morris,.026303649
34029,NJ,Ocean,.019945119
34031,NJ,Passaic,.011921083
34033,NJ,Salem,.015972655
34035,NJ,Somerset,.01509826
34037,NJ,Sussex,.021306969
34039,NJ,Union,.010751397
34041,NJ,Warren,.037814688
35001,NM,Bernalillo,.011787223
35003,NM,Catron,0
35005,NM,Chaves,.015458579
35006,NM,Cibola,.037388768
35007,NM,Colfax,.16515277
35009,NM,Curry,.020227764
35011,NM,De Baca,.56148231
35013,NM,DoÃ±a Ana,.022986181
35015,NM,Eddy,.017271157
35017,NM,Grant,.073136836
35019,NM,Guadalupe,0
35021,NM,Harding,0
35023,NM,Hidalgo,0
35025,NM,Lea,0
35027,NM,Lincoln,.2045408
35028,NM,Los Alamos,.052353282
35029,NM,Luna,.041731004
35031,NM,McKinley,.027666343
35033,NM,Mora,.22192632
35035,NM,Otero,.089845911
35037,NM,Quay,.12116806
35039,NM,Rio Arriba,.076911241
35041,NM,Roosevelt,.05335325
35043,NM,Sandoval,.048216339
35045,NM,San Juan,.023991747
35047,NM,San Miguel,.072487406
35049,NM,Santa Fe,.033320893
35051,NM,Sierra,.091174327
35053,NM,Socorro,.11951001
35055,NM,Taos,.12182122
35057,NM,Torrance,.064139567
35059,NM,Union,.24283633
35061,NM,Valencia,.026158836
36001,NY,Albany,.05209741
36003,NY,Allegany,.12922679
36005,NY,Bronx,.029326906
36007,NY,Broome,.041740801
36009,NY,Cattaraugus,.052056219
36011,NY,Cayuga,.07777562
36013,NY,Chautauqua,.062529802
36015,NY,Chemung,.047475491
36017,NY,Chenango,.10518344
36019,NY,Clinton,.074354053
36021,NY,Columbia,.13352026
36023,NY,Cortland,.08364176
36025,NY,Delaware,.17966627
36027,NY,Dutchess,.054474019
36029,NY,Erie,.026094927
36031,NY,Essex,.26809651
36033,NY,Franklin,.13918439
36035,NY,Fulton,.05597955
36037,NY,Genesee,.069551915
36039,NY,Greene,.084226482
36041,NY,Hamilton,.45106
36043,NY,Herkimer,.080862969
36045,NY,Jefferson,.14317033
36047,NY,Kings,.017035577
36049,NY,Lewis,.15124589
36051,NY,Livingston,.11071219
36053,NY,Madison,.11300233
36055,NY,Monroe,.039058607
36057,NY,Montgomery,.14154282
36059,NY,Nassau,.017668586
36061,NY,New York,.028243367
36063,NY,Niagara,.038016852
36065,NY,Oneida,.078405067
36067,NY,Onondaga,.032480963
36069,NY,Ontario,.072817303
36071,NY,Orange,.041890189
36073,NY,Orleans,.049246527
36075,NY,Oswego,.042409539
36077,NY,Otsego,.13389346
36079,NY,Putnam,.030336125
36081,NY,Queens,.0087761404
36083,NY,Rensselaer,.062718734
36085,NY,Richmond,.0084002027
36087,NY,Rockland,.024562858
36089,NY,St. Lawrence,.12957324
36091,NY,Saratoga,.052136965
36093,NY,Schenectady,.025748311
36095,NY,Schoharie,.12862977
36097,NY,Schuyler,.22331397
36099,NY,Seneca,.11661807
36101,NY,Steuben,.062633097
36103,NY,Suffolk,.015529072
36105,NY,Sullivan,.10596307
36107,NY,Tioga,.061779242
36109,NY,Tompkins,.058369733
36111,NY,Ulster,.078387894
36113,NY,Warren,.10892399
36115,NY,Washington,.11438469
36117,NY,Wayne,.066619292
36119,NY,Westchester,.035138052
36121,NY,Wyoming,.099787951
36123,NY,Yates,.12076809
37001,NC,Alamance,.024033261
37003,NC,Alexander,.026771611
37005,NC,Alleghany,.089597709
37007,NC,Anson,.08039555
37009,NC,Ashe,.036888119
37011,NC,Avery,.057126537
37013,NC,Beaufort,.021240894
37015,NC,Bertie,0
37017,NC,Bladen,0
37019,NC,Brunswick,.014625871
37021,NC,Buncombe,.065610975
37023,NC,Burke,.033192448
37025,NC,Cabarrus,.023658335
37027,NC,Caldwell,.03657243
37029,NC,Camden,0
37031,NC,Carteret,.028767044
37033,NC,Caswell,.044056743
37035,NC,Catawba,.044121727
37037,NC,Chatham,.054690383
37039,NC,Cherokee,.070464715
37041,NC,Chowan,.071280919
37043,NC,Clay,.089774668
37045,NC,Cleveland,.020482359
37047,NC,Columbus,.035935674
37049,NC,Craven,.01943408
37051,NC,Cumberland,.0030090569
37053,NC,Currituck,0
37055,NC,Dare,.054793019
37057,NC,Davidson,.01800569
37059,NC,Davie,.070203356
37061,NC,Duplin,0
37063,NC,Durham,.018943042
37065,NC,Edgecombe,.01922892
37067,NC,Forsyth,.018464833
37069,NC,Franklin,.014801658
37071,NC,Gaston,.022437019
37073,NC,Gates,0
37075,NC,Graham,.11786893
37077,NC,Granville,.04990435
37079,NC,Greene,.047591854
37081,NC,Guilford,.0074952692
37083,NC,Halifax,.019773006
37085,NC,Harnett,.022352362
37087,NC,Haywood,.064546317
37089,NC,Henderson,.03426183
37091,NC,Hertford,0
37093,NC,Hoke,.018260172
37095,NC,Hyde,0
37097,NC,Iredell,.044834252
37099,NC,Jackson,.092321187
37101,NC,Johnston,.014802023
37103,NC,Jones,0
37105,NC,Lee,0
37107,NC,Lenoir,.017864799
37109,NC,Lincoln,.035812344
37111,NC,McDowell,.021974642
37113,NC,Macon,.028340654
37115,NC,Madison,.13784865
37117,NC,Martin,.088218428
37119,NC,Mecklenburg,.014626552
37121,NC,Mitchell,.13333334
37123,NC,Montgomery,.07333798
37125,NC,Moore,.03040068
37127,NC,Nash,.010636487
37129,NC,New Hanover,.017221041
37131,NC,Northampton,0
37133,NC,Onslow,.015175812
37135,NC,Orange,.041088291
37137,NC,Pamlico,.078926601
37139,NC,Pasquotank,.025227679
37141,NC,Pender,.016086999
37143,NC,Perquimans,0
37145,NC,Person,.025311969
37147,NC,Pitt,.033349268
37149,NC,Polk,.097035564
37151,NC,Randolph,.020927653
37153,NC,Richmond,.022278165
37155,NC,Robeson,.0075854692
37157,NC,Rockingham,.044106297
37159,NC,Rowan,.028316179
37161,NC,Rutherford,.044892706
37163,NC,Sampson,.015716845
37165,NC,Scotland,.028727377
37167,NC,Stanly,.03221909
37169,NC,Stokes,.043987948
37171,NC,Surry,.055595707
37173,NC,Swain,.21060021
37175,NC,Transylvania,.029226948
37177,NC,Tyrrell,0
37179,NC,Union,.0084778816
37181,NC,Vance,.022430578
37183,NC,Wake,.012816933
37185,NC,Warren,.050487202
37187,NC,Washington,.084324144
37189,NC,Watauga,.071498796
37191,NC,Wayne,.0081137223
37193,NC,Wilkes,.014586402
37195,NC,Wilson,.036830153
37197,NC,Yadkin,.079908371
37199,NC,Yancey,.055856559
38001,ND,Adams,0
38003,ND,Barnes,.094858661
38005,ND,Benson,.14363688
38007,ND,Billings,0
38009,ND,Bottineau,.15598191
38011,ND,Bowman,.32509753
38013,ND,Burke,.95238096
38015,ND,Burleigh,.052480765
38017,ND,Cass,.022036625
38019,ND,Cavalier,.26116478
38021,ND,Dickey,0
38023,ND,Divide,.43802014
38025,ND,Dunn,.23084027
38027,ND,Eddy,0
38029,ND,Emmons,0
38031,ND,Foster,0
38033,ND,Golden Valley,.56529111
38035,ND,Grand Forks,.028260563
38037,ND,Grant,0
38039,ND,Griggs,.44802868
38041,ND,Hettinger,0
38043,ND,Kidder,0
38045,ND,LaMoure,.49236828
38047,ND,Logan,0
38049,ND,McHenry,.51581842
38051,ND,McIntosh,.3868472
38053,ND,McKenzie,.073356807
38055,ND,McLean,.10481082
38057,ND,Mercer,.3628886
38059,ND,Morton,.096478537
38061,ND,Mountrail,.19573303
38063,ND,Nelson,0
38065,ND,Oliver,0
38067,ND,Pembina,.43184108
38069,ND,Pierce,.24503799
38071,ND,Ramsey,.17420085
38073,ND,Ransom,.38189805
38075,ND,Renville,.42122999
38077,ND,Richland,.061580148
38079,ND,Rolette,.069925182
38081,ND,Sargent,0
38083,ND,Sheridan,.74128985
38085,ND,Sioux,.22946306
38087,ND,Slope,0
38089,ND,Stark,.032261185
38091,ND,Steele,0
38093,ND,Stutsman,.143424
38095,ND,Towner,.45620438
38097,ND,Traill,0
38099,ND,Walsh,.093747072
38101,ND,Ward,.059045818
38103,ND,Wells,.25271669
38105,ND,Williams,.08486563
39001,OH,Adams,0
39003,OH,Allen,.038962431
39005,OH,Ashland,.037212763
39007,OH,Ashtabula,.082057171
39009,OH,Athens,.030386824
39011,OH,Auglaize,.04366431
39013,OH,Belmont,.05925487
39015,OH,Brown,.091738909
39017,OH,Butler,.015691279
39019,OH,Carroll,.073852517
39021,OH,Champaign,.077411361
39023,OH,Clark,.014860497
39025,OH,Clermont,.014600956
39027,OH,Clinton,.023777254
39029,OH,Columbiana,0
39031,OH,Coshocton,.027300773
39033,OH,Crawford,.048134778
39035,OH,Cuyahoga,.024118528
39037,OH,Darke,.019484442
39039,OH,Defiance,.078606054
39041,OH,Delaware,.024410963
39043,OH,Erie,.026804263
39045,OH,Fairfield,.019257681
39047,OH,Fayette,.034884531
39049,OH,Franklin,.022895521
39051,OH,Fulton,.047308166
39053,OH,Gallia,.066713363
39055,OH,Geauga,.031904373
39057,OH,Greene,.071430698
39059,OH,Guernsey,.05125314
39061,OH,Hamilton,.019591421
39063,OH,Hancock,.026340051
39065,OH,Hardin,.063532405
39067,OH,Harrison,.065902203
39069,OH,Henry,0
39071,OH,Highland,.092897952
39073,OH,Hocking,0
39075,OH,Holmes,.15948236
39077,OH,Huron,.034185696
39079,OH,Jackson,0
39081,OH,Jefferson,.045615584
39083,OH,Knox,.048470747
39085,OH,Lake,.03470505
39087,OH,Lawrence,0
39089,OH,Licking,.039824996
39091,OH,Logan,.022046827
39093,OH,Lorain,.016157124
39095,OH,Lucas,.0093045114
39097,OH,Madison,.067547791
39099,OH,Mahoning,.02177302
39101,OH,Marion,.015324261
39103,OH,Medina,.033492234
39105,OH,Meigs,0
39107,OH,Mercer,.024414659
39109,OH,Miami,.056485474
39111,OH,Monroe,0
39113,OH,Montgomery,.022542365
39115,OH,Morgan,.13694878
39117,OH,Morrow,.056960583
39119,OH,Muskingum,.034809649
39121,OH,Noble,0
39123,OH,Ottawa,.02452844
39125,OH,Paulding,0
39127,OH,Perry,.083257012
39129,OH,Pickaway,.017215852
39131,OH,Pike,.10688709
39133,OH,Portage,.024550872
39135,OH,Preble,.048784059
39137,OH,Putnam,.029603316
39139,OH,Richland,.066061653
39141,OH,Ross,.012998661
39143,OH,Sandusky,.017007092
39145,OH,Scioto,.013244682
39147,OH,Seneca,.018113645
39149,OH,Shelby,.020564707
39151,OH,Stark,.04036881
39153,OH,Summit,.031370059
39155,OH,Trumbull,.020138249
39157,OH,Tuscarawas,.010848811
39159,OH,Union,.034581136
39161,OH,Van Wert,.070718855
39163,OH,Vinton,0
39165,OH,Warren,.012921399
39167,OH,Washington,.049871165
39169,OH,Wayne,.051738858
39171,OH,Williams,.02717096
39173,OH,Wood,.030605374
39175,OH,Wyandot,.045589242
40001,OK,Adair,0
40003,OK,Alfalfa,0
40005,OK,Atoka,0
40007,OK,Beaver,0
40009,OK,Beckham,.046063844
40011,OK,Blaine,0
40013,OK,Bryan,0
40015,OK,Caddo,0
40017,OK,Canadian,.013845908
40019,OK,Carter,.020756792
40021,OK,Cherokee,.020544427
40023,OK,Choctaw,.068175621
40025,OK,Cimarron,0
40027,OK,Cleveland,.0035502659
40029,OK,Coal,0
40031,OK,Comanche,.0083041303
40033,OK,Cotton,0
40035,OK,Craig,.069900744
40037,OK,Creek,0
40039,OK,Custer,.034440007
40041,OK,Delaware,0
40043,OK,Dewey,0
40045,OK,Ellis,0
40047,OK,Garfield,.016416857
40049,OK,Garvin,0
40051,OK,Grady,.036002953
40053,OK,Grant,.23116043
40055,OK,Greer,.17179179
40057,OK,Harmon,0
40059,OK,Harper,0
40061,OK,Haskell,.078939058
40063,OK,Hughes,0
40065,OK,Jackson,.040081766
40067,OK,Jefferson,0
40069,OK,Johnston,0
40071,OK,Kay,.045288831
40073,OK,Kingfisher,0
40075,OK,Kiowa,.11456066
40077,OK,Latimer,.097742155
40079,OK,Le Flore,.040016007
40081,OK,Lincoln,0
40083,OK,Logan,0
40085,OK,Love,0
40087,OK,McClain,.050018758
40089,OK,McCurtain,.06115647
40091,OK,McIntosh,.050466817
40093,OK,Major,0
40095,OK,Marshall,0
40097,OK,Mayes,.024326757
40099,OK,Murray,0
40101,OK,Muskogee,.01462801
40103,OK,Noble,.088581808
40105,OK,Nowata,.19573303
40107,OK,Okfuskee,0
40109,OK,Oklahoma,.015140389
40111,OK,Okmulgee,.026085822
40113,OK,Osage,0
40115,OK,Ottawa,.064153969
40117,OK,Pawnee,0
40119,OK,Payne,.048756704
40121,OK,Pittsburg,.022790983
40123,OK,Pontotoc,.026145842
40125,OK,Pottawatomie,.027518265
40127,OK,Pushmataha,0
40129,OK,Roger Mills,0
40131,OK,Rogers,0
40133,OK,Seminole,0
40135,OK,Sequoyah,0
40137,OK,Stephens,0
40139,OK,Texas,0
40141,OK,Tillman,0
40143,OK,Tulsa,.016965883
40145,OK,Wagoner,.012482836
40147,OK,Washington,.019289007
40149,OK,Washita,0
40151,OK,Woods,.11239744
40153,OK,Woodward,.049451094
41001,OR,Baker,.062476572
41003,OR,Benton,.021715291
41005,OR,Clackamas,.040858019
41007,OR,Clatsop,.1005935
41009,OR,Columbia,.038184699
41011,OR,Coos,.046591811
41013,OR,Crook,.041898858
41015,OR,Curry,.087669313
41017,OR,Deschutes,.010416884
41019,OR,Douglas,.054405484
41021,OR,Gilliam,.52798313
41023,OR,Grant,.27870679
41025,OR,Harney,.13644426
41027,OR,Hood River,.17073587
41029,OR,Jackson,.040990327
41031,OR,Jefferson,.041335978
41033,OR,Josephine,.034327693
41035,OR,Klamath,.059125241
41037,OR,Lake,.25383931
41039,OR,Lane,.034245584
41041,OR,Lincoln,.121487
41043,OR,Linn,.031413201
41045,OR,Malheur,.065093569
41047,OR,Marion,.028829411
41049,OR,Morrow,0
41051,OR,Multnomah,.033256147
41053,OR,Polk,.023464814
41055,OR,Sherman,1.1709602
41057,OR,Tillamook,.14932616
41059,OR,Umatilla,.064502813
41061,OR,Union,.037791468
41063,OR,Wallowa,.42366898
41065,OR,Wasco,.11318619
41067,OR,Washington,.023423318
41069,OR,Wheeler,0
41071,OR,Yamhill,.03738248
42001,PA,Adams,.019453172
42003,PA,Allegheny,.019697124
42005,PA,Armstrong,0
42007,PA,Beaver,.02428039
42009,PA,Bedford,.041514449
42011,PA,Berks,.011900455
42013,PA,Blair,.040818993
42015,PA,Bradford,0
42017,PA,Bucks,.017510487
42019,PA,Butler,.010644639
42021,PA,Cambria,.030365141
42023,PA,Cameron,0
42025,PA,Carbon,.015569776
42027,PA,Centre,.073707812
42029,PA,Chester,.02681756
42031,PA,Clarion,.025787152
42033,PA,Clearfield,.037789088
42035,PA,Clinton,.02585048
42037,PA,Columbia,.030554876
42039,PA,Crawford,.035267979
42041,PA,Cumberland,.031818885
42043,PA,Dauphin,.021653067
42045,PA,Delaware,.010624151
42047,PA,Elk,0
42049,PA,Erie,.025729524
42051,PA,Fayette,.045997806
42053,PA,Forest,.13738151
42055,PA,Franklin,.012916977
42057,PA,Fulton,.1377126
42059,PA,Greene,.054785516
42061,PA,Huntingdon,.044279136
42063,PA,Indiana,.023668358
42065,PA,Jefferson,.022914233
42067,PA,Juniata,0
42069,PA,Lackawanna,.033207934
42071,PA,Lancaster,.023916535
42073,PA,Lawrence,.05801541
42075,PA,Lebanon,.021229319
42077,PA,Lehigh,.016299918
42079,PA,Luzerne,.0094444761
42081,PA,Lycoming,.043989301
42083,PA,McKean,0
42085,PA,Mercer,.036139246
42087,PA,Mifflin,.064904161
42089,PA,Monroe,.023597846
42091,PA,Montgomery,.016895888
42093,PA,Montour,0
42095,PA,Northampton,.022965351
42097,PA,Northumberland,.021957994
42099,PA,Perry,0
42101,PA,Philadelphia,.031562906
42103,PA,Pike,.017878532
42105,PA,Potter,.12032247
42107,PA,Schuylkill,.021116797
42109,PA,Snyder,.024666995
42111,PA,Somerset,.013522285
42113,PA,Sullivan,.16471751
42115,PA,Susquehanna,0
42117,PA,Tioga,.049064104
42119,PA,Union,.044657808
42121,PA,Venango,.039012212
42123,PA,Warren,.025317738
42125,PA,Washington,.014468569
42127,PA,Wayne,.019502301
42129,PA,Westmoreland,.028521638
42131,PA,Wyoming,.036974043
42133,PA,York,.020077052
44001,RI,Bristol,.06166622
44003,RI,Kent,.024410933
44005,RI,Newport,.036345132
44007,RI,Providence,.028298149
44009,RI,Washington,.06340199
45001,SC,Abbeville,.081496269
45003,SC,Aiken,.0059031532
45005,SC,Allendale,.11232169
45007,SC,Anderson,.024939895
45009,SC,Bamberg,0
45011,SC,Barnwell,.094732851
45013,SC,Beaufort,.042391967
45015,SC,Berkeley,.018092098
45017,SC,Calhoun,.068870522
45019,SC,Charleston,.027099937
45021,SC,Cherokee,.017519886
45023,SC,Chester,.031006791
45025,SC,Chesterfield,.065568037
45027,SC,Clarendon,.059347183
45029,SC,Colleton,.053106744
45031,SC,Darlington,.014969612
45033,SC,Dillon,0
45035,SC,Dorchester,.0062248278
45037,SC,Edgefield,.073931687
45039,SC,Fairfield,0
45041,SC,Florence,.014476075
45043,SC,Georgetown,.048193544
45045,SC,Greenville,.017502476
45047,SC,Greenwood,.04240822
45049,SC,Hampton,.10335383
45051,SC,Horry,.02324588
45053,SC,Jasper,.034517277
45055,SC,Kershaw,.015245762
45057,SC,Lancaster,.010484378
45059,SC,Laurens,.01492671
45061,SC,Lee,0
45063,SC,Lexington,.030505165
45065,SC,McCormick,.10626993
45067,SC,Marion,.032217532
45069,SC,Marlboro,.037881657
45071,SC,Newberry,.02596054
45073,SC,Oconee,.025518667
45075,SC,Orangeburg,.046011917
45077,SC,Pickens,.040020172
45079,SC,Richland,.043417852
45081,SC,Saluda,.048676014
45083,SC,Spartanburg,.012743399
45085,SC,Sumter,.02816584
45087,SC,Union,.036483034
45089,SC,Williamsburg,.032673333
45091,SC,York,.014592255
46003,SD,Aurora,0
46005,SD,Beadle,.052957688
46007,SD,Bennett,0
46009,SD,Bon Homme,0
46011,SD,Brookings,.028383289
46013,SD,Brown,.025434937
46015,SD,Brule,.19124116
46017,SD,Buffalo,0
46019,SD,Butte,.097828217
46021,SD,Campbell,.72621644
46023,SD,Charles Mix,.10708931
46025,SD,Clark,0
46027,SD,Clay,.14243999
46029,SD,Codington,.071390323
46031,SD,Corson,0
46033,SD,Custer,.11460005
46035,SD,Davison,0
46037,SD,Day,0
46039,SD,Deuel,0
46041,SD,Dewey,0
46043,SD,Douglas,0
46045,SD,Edmunds,0
46047,SD,Fall River,.14797278
46049,SD,Faulk,0
46051,SD,Grant,.13991885
46053,SD,Gregory,.23741691
46055,SD,Haakon,0
46057,SD,Hamlin,.16363934
46059,SD,Hand,0
46061,SD,Hanson,0
46063,SD,Harding,0
46065,SD,Hughes,.16997167
46067,SD,Hutchinson,0
46069,SD,Hyde,.7800312
46071,SD,Jackson,0
46073,SD,Jerauld,.48947626
46075,SD,Jones,0
46077,SD,Kingsbury,0
46079,SD,Lake,0
46081,SD,Lawrence,.15539412
46083,SD,Lincoln,0
46085,SD,Lyman,0
46087,SD,McCook,0
46089,SD,McPherson,0
46091,SD,Marshall,.19561815
46093,SD,Meade,.070686363
46095,SD,Mellette,.48971596
46097,SD,Miner,0
46099,SD,Minnehaha,.025923392
46101,SD,Moody,0
46103,SD,Pennington,.035800911
46105,SD,Perkins,0
46107,SD,Potter,0
46109,SD,Roberts,.09572126
46111,SD,Sanborn,0
46115,SD,Spink,0
46117,SD,Stanley,0
46119,SD,Sully,0
46121,SD,Todd,0
46123,SD,Tripp,0
46125,SD,Turner,0
46127,SD,Union,0
46129,SD,Walworth,0
46135,SD,Yankton,.043727316
46137,SD,Ziebach,0
47001,TN,Anderson,.026149943
47003,TN,Bedford,0
47005,TN,Benton,0
47007,TN,Bledsoe,0
47009,TN,Blount,.007613305
47011,TN,Bradley,.0093697002
47013,TN,Campbell,0
47015,TN,Cannon,0
47017,TN,Carroll,0
47019,TN,Carter,0
47021,TN,Cheatham,.024728604
47023,TN,Chester,0
47025,TN,Claiborne,.031490114
47027,TN,Clay,0
47029,TN,Cocke,.027953262
47031,TN,Coffee,.053859964
47033,TN,Crockett,.069793411
47035,TN,Cumberland,.016757999
47037,TN,Davidson,.020214068
47039,TN,Decatur,0
47041,TN,DeKalb,.049657363
47043,TN,Dickson,.018710474
47045,TN,Dyer,.026795285
47047,TN,Fayette,.024687091
47049,TN,Fentress,0
47051,TN,Franklin,.023872046
47053,TN,Gibson,.020389438
47055,TN,Giles,.033894859
47057,TN,Grainger,0
47059,TN,Greene,.028949006
47061,TN,Grundy,.07492882
47063,TN,Hamblen,.015487309
47065,TN,Hamilton,.019215671
47067,TN,Hancock,0
47069,TN,Hardeman,0
47071,TN,Hardin,.077591561
47073,TN,Hawkins,.017689722
47075,TN,Haywood,0
47077,TN,Henderson,0
47079,TN,Henry,.03090426
47081,TN,Hickman,.079798907
47083,TN,Houston,0
47085,TN,Humphreys,0
47087,TN,Jackson,0
47089,TN,Jefferson,.037028808
47091,TN,Johnson,.22499719
47093,TN,Knox,.021492019
47095,TN,Lake,0
47097,TN,Lauderdale,0
47099,TN,Lawrence,.045731012
47101,TN,Lewis,.082740359
47103,TN,Lincoln,0
47105,TN,Loudon,0
47107,TN,McMinn,.037534013
47109,TN,McNairy,0
47111,TN,Macon,.04121162
47113,TN,Madison,.010245377
47115,TN,Marion,0
47117,TN,Marshall,.059377134
47119,TN,Maury,.010599958
47121,TN,Meigs,0
47123,TN,Monroe,.021571714
47125,TN,Montgomery,.0097110951
47127,TN,Moore,0
47129,TN,Morgan,.046341352
47131,TN,Obion,.033039283
47133,TN,Overton,0
47135,TN,Perry,.12400793
47137,TN,Pickett,0
47139,TN,Polk,0
47141,TN,Putnam,.012683434
47143,TN,Rhea,.030262681
47145,TN,Roane,.018818216
47147,TN,Robertson,.014082127
47149,TN,Rutherford,.012311859
47151,TN,Scott,.04537411
47153,TN,Sequatchie,0
47155,TN,Sevier,.020430679
47157,TN,Shelby,.012823747
47159,TN,Smith,.10029084
47161,TN,Stewart,0
47163,TN,Sullivan,.019027323
47165,TN,Sumner,.010686672
47167,TN,Tipton,.016238775
47169,TN,Trousdale,0
47171,TN,Unicoi,.11260627
47173,TN,Union,.050792363
47175,TN,Van Buren,0
47177,TN,Warren,.024463037
47179,TN,Washington,.038878132
47181,TN,Wayne,0
47183,TN,Weakley,.05985336
47185,TN,White,.036890838
47187,TN,Williamson,.017261542
47189,TN,Wilson,.014222222
48001,TX,Anderson,0
48003,TX,Andrews,0
48005,TX,Angelina,.011482111
48007,TX,Aransas,.042030934
48009,TX,Archer,0
48011,TX,Armstrong,0
48013,TX,Atascosa,0
48015,TX,Austin,0
48017,TX,Bailey,0
48019,TX,Bandera,.04381353
48021,TX,Bastrop,.02299485
48023,TX,Baylor,0
48025,TX,Bee,0
48027,TX,Bell,.0084354496
48029,TX,Bexar,.01107727
48031,TX,Blanco,0
48033,TX,Borden,0
48035,TX,Bosque,.053501684
48037,TX,Bowie,.010601755
48039,TX,Brazoria,.0054024849
48041,TX,Brazos,.0044099879
48043,TX,Brewster,0
48045,TX,Briscoe,0
48047,TX,Brooks,0
48049,TX,Brown,.026368527
48051,TX,Burleson,0
48053,TX,Burnet,0
48055,TX,Caldwell,.023122991
48057,TX,Calhoun,0
48059,TX,Callahan,.071459197
48061,TX,Cameron,.011795012
48063,TX,Camp,0
48065,TX,Carson,0
48067,TX,Cass,0
48069,TX,Castro,0
48071,TX,Chambers,0
48073,TX,Cherokee,0
48075,TX,Childress,0
48077,TX,Clay,.095638871
48079,TX,Cochran,0
48081,TX,Coke,0
48083,TX,Coleman,0
48085,TX,Collin,.0039795209
48087,TX,Collingsworth,0
48089,TX,Colorado,0
48091,TX,Comal,.006739771
48093,TX,Comanche,0
48095,TX,Concho,0
48097,TX,Cooke,0
48099,TX,Coryell,0
48101,TX,Cottle,0
48103,TX,Crane,0
48105,TX,Crockett,0
48107,TX,Crosby,0
48109,TX,Culberson,0
48111,TX,Dallam,0
48113,TX,Dallas,.0041701859
48115,TX,Dawson,0
48117,TX,Deaf Smith,.053304903
48119,TX,Delta,0
48121,TX,Denton,.0058202879
48123,TX,DeWitt,.049536832
48125,TX,Dickens,0
48127,TX,Dimmit,0
48129,TX,Donley,0
48131,TX,Duval,0
48133,TX,Eastland,0
48135,TX,Ector,0
48137,TX,Edwards,0
48139,TX,Ellis,.011146035
48141,TX,El Paso,.015462237
48143,TX,Erath,0
48145,TX,Falls,0
48147,TX,Fannin,0
48149,TX,Fayette,.039449289
48151,TX,Fisher,0
48153,TX,Floyd,0
48155,TX,Foard,0
48157,TX,Fort Bend,.002538529
48159,TX,Franklin,.18577002
48161,TX,Freestone,0
48163,TX,Frio,0
48165,TX,Gaines,0
48167,TX,Galveston,.014797715
48169,TX,Garza,0
48171,TX,Gillespie,.037307866
48173,TX,Glasscock,0
48175,TX,Goliad,0
48177,TX,Gonzales,0
48179,TX,Gray,0
48181,TX,Grayson,.022389563
48183,TX,Gregg,.0080836173
48185,TX,Grimes,.035260931
48187,TX,Guadalupe,.024435837
48189,TX,Hale,0
48191,TX,Hall,0
48193,TX,Hamilton,0
48195,TX,Hansford,0
48197,TX,Hardeman,0
48199,TX,Hardin,0
48201,TX,Harris,.0025539419
48203,TX,Harrison,0
48205,TX,Hartley,0
48207,TX,Haskell,0
48209,TX,Hays,.022458687
48211,TX,Hemphill,0
48213,TX,Henderson,.012150816
48215,TX,Hidalgo,.0046192631
48217,TX,Hill,0
48219,TX,Hockley,0
48221,TX,Hood,0
48223,TX,Hopkins,.02716653
48225,TX,Houston,0
48227,TX,Howard,0
48229,TX,Hudspeth,0
48231,TX,Hunt,.010363446
48233,TX,Hutchinson,0
48235,TX,Irion,0
48237,TX,Jack,0
48239,TX,Jackson,0
48241,TX,Jasper,.027876895
48243,TX,Jeff Davis,0
48245,TX,Jefferson,.0078431061
48247,TX,Jim Hogg,0
48249,TX,Jim Wells,.024496594
48251,TX,Johnson,.011671267
48253,TX,Jones,0
48255,TX,Karnes,0
48257,TX,Kaufman,.00777472
48259,TX,Kendall,.043820251
48261,TX,Kenedy,0
48263,TX,Kent,0
48265,TX,Kerr,.019082149
48267,TX,Kimble,0
48269,TX,King,0
48271,TX,Kinney,0
48273,TX,Kleberg,0
48275,TX,Knox,0
48277,TX,Lamar,.020109395
48279,TX,Lamb,.075999394
48281,TX,Lampasas,.047105376
48283,TX,La Salle,0
48285,TX,Lavaca,0
48287,TX,Lee,0
48289,TX,Leon,0
48291,TX,Liberty,0
48293,TX,Limestone,0
48295,TX,Lipscomb,0
48297,TX,Live Oak,0
48299,TX,Llano,0
48301,TX,Loving,0
48303,TX,Lubbock,.019517781
48305,TX,Lynn,0
48307,TX,McCulloch,0
48309,TX,McLennan,.007855244
48311,TX,McMullen,0
48313,TX,Madison,0
48315,TX,Marion,0
48317,TX,Martin,0
48319,TX,Mason,0
48321,TX,Matagorda,0
48323,TX,Maverick,0
48325,TX,Medina,0
48327,TX,Menard,0
48329,TX,Midland,.011588963
48331,TX,Milam,0
48333,TX,Mills,0
48335,TX,Mitchell,0
48337,TX,Montague,.051030822
48339,TX,Montgomery,.003384524
48341,TX,Moore,.046544101
48343,TX,Morris,0
48345,TX,Motley,0
48347,TX,Nacogdoches,.015218153
48349,TX,Navarro,.020175528
48351,TX,Newton,0
48353,TX,Nolan,0
48355,TX,Nueces,.011041641
48357,TX,Ochiltree,0
48359,TX,Oldham,0
48361,TX,Orange,0
48363,TX,Palo Pinto,0
48365,TX,Panola,0
48367,TX,Parker,.0072269482
48369,TX,Parmer,0
48371,TX,Pecos,0
48373,TX,Polk,.019987607
48375,TX,Potter,.0083578499
48377,TX,Presidio,0
48379,TX,Rains,0
48381,TX,Randall,0
48383,TX,Reagan,0
48385,TX,Real,0
48387,TX,Red River,0
48389,TX,Reeves,0
48391,TX,Refugio,0
48393,TX,Roberts,0
48395,TX,Robertson,0
48397,TX,Rockwall,.009934729
48399,TX,Runnels,0
48401,TX,Rusk,0
48403,TX,Sabine,0
48405,TX,San Augustine,0
48407,TX,San Jacinto,0
48409,TX,San Patricio,0
48411,TX,San Saba,0
48413,TX,Schleicher,0
48415,TX,Scurry,0
48417,TX,Shackelford,0
48419,TX,Shelby,0
48421,TX,Sherman,0
48423,TX,Smith,.017374611
48425,TX,Somervell,0
48427,TX,Starr,0
48429,TX,Stephens,0
48431,TX,Sterling,0
48433,TX,Stonewall,0
48435,TX,Sutton,0
48437,TX,Swisher,0
48439,TX,Tarrant,.0062352181
48441,TX,Taylor,.0072653298
48443,TX,Terrell,0
48445,TX,Terry,0
48447,TX,Throckmorton,0
48449,TX,Titus,.030272758
48451,TX,Tom Green,.0084610246
48453,TX,Travis,.010410469
48455,TX,Trinity,0
48457,TX,Tyler,0
48459,TX,Upshur,0
48461,TX,Upton,0
48463,TX,Uvalde,0
48465,TX,Val Verde,0
48467,TX,Van Zandt,0
48469,TX,Victoria,.010865431
48471,TX,Walker,.01379691
48473,TX,Waller,0
48475,TX,Ward,0
48477,TX,Washington,.028483536
48479,TX,Webb,.0036243701
48481,TX,Wharton,.024027487
48483,TX,Wheeler,0
48485,TX,Wichita,.02271626
48487,TX,Wilbarger,.078003123
48489,TX,Willacy,0
48491,TX,Williamson,.021174515
48493,TX,Wilson,0
48495,TX,Winkler,0
48497,TX,Wise,0
48499,TX,Wood,.022158701
48501,TX,Yoakum,0
48503,TX,Young,0
48505,TX,Zapata,0
48507,TX,Zavala,0
49001,UT,Beaver,0
49003,UT,Box Elder,.018198362
49005,UT,Cache,.023609405
49007,UT,Carbon,.049336426
49009,UT,Daggett,0
49011,UT,Davis,.0085296817
49013,UT,Duchesne,.050090164
49015,UT,Emery,0
49017,UT,Garfield,.39370078
49019,UT,Grand,.10241704
49021,UT,Iron,.03789673
49023,UT,Juab,0
49025,UT,Kane,.12971851
49027,UT,Millard,0
49029,UT,Morgan,0
49031,UT,Piute,0
49033,UT,Rich,0
49035,UT,Salt Lake,.010410946
49037,UT,San Juan,0
49039,UT,Sanpete,.065310389
49041,UT,Sevier,0
49043,UT,Summit,.047695134
49045,UT,Tooele,.014304719
49047,UT,Uintah,.028218297
49049,UT,Utah,.011250167
49051,UT,Wasatch,.030084236
49053,UT,Washington,.011648224
49055,UT,Wayne,.37174723
49057,UT,Weber,.0039007801
50001,VT,Addison,.13523382
50003,VT,Bennington,.14032724
50005,VT,Caledonia,.26400897
50007,VT,Chittenden,.097221881
50009,VT,Essex,0
50011,VT,Franklin,.080937251
50013,VT,Grand Isle,.42313117
50015,VT,Lamoille,.15810277
50017,VT,Orange,.13793579
50019,VT,Orleans,.26015535
50021,VT,Rutland,.10226343
50023,VT,Washington,.1375989
50025,VT,Windham,.2338853
50027,VT,Windsor,.19896539
51001,VA,Accomack,.092558309
51003,VA,Albemarle,.045990545
51005,VA,Alleghany,0
51007,VA,Amelia,.076846227
51009,VA,Amherst,.031579614
51011,VA,Appomattox,.12625466
51013,VA,Arlington,.050521847
51015,VA,Augusta,.013252581
51017,VA,Bath,.23299161
51019,VA,Bedford,.025397792
51021,VA,Bland,.15890673
51023,VA,Botetourt,.060101572
51025,VA,Brunswick,.061035156
51027,VA,Buchanan,0
51029,VA,Buckingham,.05882699
51031,VA,Campbell,.018190749
51033,VA,Caroline,.064994149
51035,VA,Carroll,.067485489
51036,VA,Charles City,0
51037,VA,Charlotte,0
51041,VA,Chesterfield,.022951836
51043,VA,Clarke,.068856299
51045,VA,Craig,0
51047,VA,Culpeper,.038566113
51049,VA,Cumberland,0
51051,VA,Dickenson,.068856299
51053,VA,Dinwiddie,0
51057,VA,Essex,.091583475
51059,VA,Fairfax,.019986184
51061,VA,Fauquier,.070746377
51063,VA,Floyd,.063311175
51065,VA,Fluvanna,.037337117
51067,VA,Franklin,.035590354
51069,VA,Frederick,0
51071,VA,Giles,.05936832
51073,VA,Gloucester,.053548958
51075,VA,Goochland,.12906556
51077,VA,Grayson,.063975431
51079,VA,Greene,.050558675
51081,VA,Greensville,0
51083,VA,Halifax,.058616646
51085,VA,Hanover,.018649932
51087,VA,Henrico,.012148418
51089,VA,Henry,0
51091,VA,Highland,.45248869
51093,VA,Isle of Wight,.054122806
51095,VA,James City,.013089519
51097,VA,King and Queen,.14200512
51099,VA,King George,.037629351
51101,VA,King William,.059035361
51103,VA,Lancaster,.092738569
51105,VA,Lee,.042479079
51107,VA,Loudoun,.022121174
51109,VA,Louisa,.054380335
51111,VA,Lunenburg,.082740359
51113,VA,Madison,.075216249
51115,VA,Mathews,.11361054
51117,VA,Mecklenburg,.032626428
51119,VA,Middlesex,.27857739
51121,VA,Montgomery,.040410165
51125,VA,Nelson,.20221084
51127,VA,New Kent,.044660803
51131,VA,Northampton,.085215166
51133,VA,Northumberland,.082324855
51135,VA,Nottoway,.064850844
51137,VA,Orange,.054579195
51139,VA,Page,.12534994
51141,VA,Patrick,.11316698
51143,VA,Pittsylvania,.01640716
51145,VA,Powhatan,.034259479
51147,VA,Prince Edward,.043572985
51149,VA,Prince George,.026259124
51153,VA,Prince William,.017093616
51155,VA,Pulaski,.058709566
51157,VA,Rappahannock,0
51159,VA,Richmond,.11064395
51161,VA,Roanoke,.021260085
51163,VA,Rockbridge,.087904356
51165,VA,Rockingham,.012308601
51167,VA,Russell,.037385974
51169,VA,Scott,.092876382
51171,VA,Shenandoah,.06897027
51173,VA,Smyth,.065634027
51175,VA,Southampton,0
51177,VA,Spotsylvania,.022348367
51179,VA,Stafford,.020005334
51181,VA,Surry,.15446401
51183,VA,Sussex,0
51185,VA,Tazewell,.09790723
51187,VA,Warren,.024998125
51191,VA,Washington,.036763355
51193,VA,Westmoreland,.1121705
51195,VA,Wise,.10522993
51197,VA,Wythe,.069555543
51199,VA,York,.014739263
51510,VA,Alexandria,.031146826
51520,VA,Bristol,0
51530,VA,Buena Vista,.1603335
51540,VA,Charlottesville,.041565351
51550,VA,Chesapeake,.0082428679
51570,VA,Colonial Heights,.056075815
51580,VA,Covington,.18315019
51590,VA,Danville,.024574252
51595,VA,Emporia,.19527435
51600,VA,Fairfax,0
51610,VA,Falls Church,.06769564
51620,VA,Franklin,.1247972
51630,VA,Fredericksburg,.034312379
51640,VA,Galax,.46707147
51650,VA,Hampton,.014890592
51660,VA,Harrisonburg,.037014417
51670,VA,Hopewell,0
51678,VA,Lexington,.14013453
51680,VA,Lynchburg,.012176412
51683,VA,Manassas,.048029587
51685,VA,Manassas Park,0
51690,VA,Martinsville,.077507362
51700,VA,Newport News,.022393156
51710,VA,Norfolk,.004097085
51720,VA,Norton,.25201613
51730,VA,Petersburg,.031678651
51735,VA,Poquoson,0
51740,VA,Portsmouth,.01056725
51750,VA,Radford,.054528601
51760,VA,Richmond,.048080496
51770,VA,Roanoke,.020016013
51775,VA,Salem,.038996998
51790,VA,Staunton,.040125191
51800,VA,Suffolk,.021933433
51810,VA,Virginia Beach,.011106446
51820,VA,Waynesboro,.044193037
51830,VA,Williamsburg,.067132115
51840,VA,Winchester,.035577059
53001,WA,Adams,.050609849
53003,WA,Asotin,0
53005,WA,Benton,.024767557
53007,WA,Chelan,.051923774
53009,WA,Clallam,.026063047
53011,WA,Clark,.012451827
53013,WA,Columbia,0
53015,WA,Cowlitz,.027526218
53017,WA,Douglas,0
53019,WA,Ferry,0
53021,WA,Franklin,.010599171
53023,WA,Garfield,0
53025,WA,Grant,.010274219
53027,WA,Grays Harbor,.013531617
53029,WA,Island,.071039543
53031,WA,Jefferson,.063033819
53033,WA,King,.018359609
53035,WA,Kitsap,.029651044
53037,WA,Kittitas,.042226162
53039,WA,Klickitat,.090469085
53041,WA,Lewis,.037686549
53043,WA,Lincoln,.093109868
53045,WA,Mason,.030531088
53047,WA,Okanogan,.094939716
53049,WA,Pacific,.13614085
53051,WA,Pend Oreille,.073518597
53053,WA,Pierce,.021317201
53055,WA,San Juan,.1751518
53057,WA,Skagit,.038999736
53059,WA,Skamania,.083864473
53061,WA,Snohomish,.013498573
53063,WA,Spokane,.023317678
53065,WA,Stevens,.088378258
53067,WA,Thurston,.024439719
53069,WA,Wahkiakum,.22593763
53071,WA,Walla Walla,.016414432
53073,WA,Whatcom,.013292864
53075,WA,Whitman,.020083951
53077,WA,Yakima,.011930991
54001,WV,Barbour,.12095555
54003,WV,Berkeley,.0085380329
54005,WV,Boone,0
54007,WV,Braxton,.14195472
54009,WV,Brooke,.13511688
54011,WV,Cabell,.021453703
54013,WV,Calhoun,.27570996
54015,WV,Clay,.115848
54017,WV,Doddridge,.11896265
54019,WV,Fayette,.046492167
54021,WV,Gilmer,.12459507
54023,WV,Grant,.086014107
54025,WV,Greenbrier,.14373599
54027,WV,Hampshire,.042832054
54029,WV,Hancock,.068742692
54031,WV,Hardy,0
54033,WV,Harrison,.059211891
54035,WV,Jackson,.034835923
54037,WV,Jefferson,.088011123
54039,WV,Kanawha,.011083157
54041,WV,Lewis,.062406391
54043,WV,Lincoln,.048546046
54045,WV,Logan,.030668261
54047,WV,McDowell,0
54049,WV,Marion,.053478796
54051,WV,Marshall,.03248335
54053,WV,Mason,.11228386
54055,WV,Mercer,.050734811
54057,WV,Mineral,.074239053
54059,WV,Mingo,.042043306
54061,WV,Monongalia,.01879346
54063,WV,Monroe,.075301208
54065,WV,Morgan,.056220837
54067,WV,Nicholas,.040254407
54069,WV,Ohio,.047898456
54071,WV,Pendleton,.14291839
54073,WV,Pleasants,.26641801
54075,WV,Pocahontas,.35654861
54077,WV,Preston,.088655099
54079,WV,Putnam,.017642286
54081,WV,Raleigh,.013467288
54083,WV,Randolph,.06938903
54085,WV,Ritchie,.10287008
54087,WV,Roane,.21533161
54089,WV,Summers,.078369908
54091,WV,Taylor,.11860989
54093,WV,Tucker,.43134436
54095,WV,Tyler,.22867596
54097,WV,Upshur,.040958427
54099,WV,Wayne,.0500701
54101,WV,Webster,.12070006
54103,WV,Wetzel,.065487884
54105,WV,Wirt,0
54107,WV,Wood,.023752123
54109,WV,Wyoming,.048109304
55001,WI,Adams,.049144879
55003,WI,Ashland,.064102568
55005,WI,Barron,.11070764
55007,WI,Bayfield,.33240262
55009,WI,Brown,.030374594
55011,WI,Buffalo,.076190479
55013,WI,Burnett,.25987527
55015,WI,Calumet,.059809804
55017,WI,Chippewa,.031184221
55019,WI,Clark,.17286582
55021,WI,Columbia,.13947488
55023,WI,Crawford,.24553435
55025,WI,Dane,.073751211
55027,WI,Dodge,.056917138
55029,WI,Door,.10865629
55031,WI,Douglas,.13886318
55033,WI,Dunn,.044315439
55035,WI,Eau Claire,.038265061
55037,WI,Florence,0
55039,WI,Fond du Lac,.038810082
55041,WI,Forest,0
55043,WI,Grant,.096985683
55045,WI,Green,.05415798
55047,WI,Green Lake,.15857913
55049,WI,Iowa,.12620419
55051,WI,Iron,.17618041
55053,WI,Jackson,.19533157
55055,WI,Jefferson,.070481271
55057,WI,Juneau,0
55059,WI,Kenosha,.047256187
55061,WI,Kewaunee,.09812098
55063,WI,La Crosse,.059206631
55065,WI,Lafayette,.120012
55067,WI,Langlade,.051899523
55069,WI,Lincoln,.10834628
55071,WI,Manitowoc,.025292763
55073,WI,Marathon,.051687982
55075,WI,Marinette,.049463324
55077,WI,Marquette,0
55078,WI,Menominee,0
55079,WI,Milwaukee,.026365718
55081,WI,Monroe,.065145165
55083,WI,Oconto,0
55085,WI,Oneida,.056385677
55087,WI,Outagamie,.037360232
55089,WI,Ozaukee,.033652283
55091,WI,Pepin,.27438605
55093,WI,Pierce,.070497006
55095,WI,Polk,.11468416
55097,WI,Portage,.042288065
55099,WI,Price,.22393073
55101,WI,Racine,.030521303
55103,WI,Richland,.11509466
55105,WI,Rock,.049040943
55107,WI,Rusk,.14137273
55109,WI,St. Croix,.055745088
55111,WI,Sauk,.077822223
55113,WI,Sawyer,.18193947
55115,WI,Shawano,.024512207
55117,WI,Sheboygan,.025983924
55119,WI,Taylor,.09798158
55121,WI,Trempealeau,.067930169
55123,WI,Vernon,.1299334
55125,WI,Vilas,.091166012
55127,WI,Walworth,.057849169
55129,WI,Washburn,.062980227
55131,WI,Washington,.036847886
55133,WI,Waukesha,.029771356
55135,WI,Waupaca,.019558754
55137,WI,Waushara,0
55139,WI,Winnebago,.046778154
55141,WI,Wood,.068441585
56001,WY,Albany,.051812131
56003,WY,Big Horn,.25250399
56005,WY,Campbell,.021673169
56007,WY,Carbon,.066795804
56009,WY,Converse,.07331378
56011,WY,Crook,0
56013,WY,Fremont,.15177962
56015,WY,Goshen,.22428229
56017,WY,Hot Springs,.21953897
56019,WY,Johnson,.11820331
56021,WY,Laramie,.030310377
56023,WY,Lincoln,.10291242
56025,WY,Natrona,.037919484
56027,WY,Niobrara,.41876048
56029,WY,Park,.13640703
56031,WY,Platte,.35022181
56033,WY,Sheridan,.066152878
56035,WY,Sublette,.10190564
56037,WY,Sweetwater,.046456527
56039,WY,Teton,.12997703
56041,WY,Uinta,.098527022
56043,WY,Washakie,.25364617
56045,WY,Weston,.28706759
