CountyFIPS,state,county,freshveg_acres12
01005,AL,Barbour,41
01007,AL,Bibb,12
01009,AL,Blount,654
01011,AL,Bullock,70
01013,AL,Butler,100
01021,AL,Chilton,453
01023,AL,Choctaw,59
01033,AL,Colbert,58
01039,AL,Covington,55
01043,AL,Cullman,911
01051,AL,Elmore,103
01055,AL,Etowah,223
01057,AL,Fayette,92
01059,AL,Franklin,46
01061,AL,Geneva,488
01063,AL,Greene,62
01065,AL,Hale,109
01067,AL,Henry,17
01077,AL,Lauderdale,93
01079,AL,Lawrence,76
01081,AL,Lee,18
01083,AL,Limestone,75
01089,AL,Madison,89
01091,AL,Marengo,63
01093,AL,Marion,33
01095,AL,Marshall,54
01099,AL,Monroe,30
01101,AL,Montgomery,74
01105,AL,Perry,80
01109,AL,Pike,8
01113,AL,Russell,72
01115,AL,St. Clair,487
01119,AL,Sumter,67
01121,AL,Talladega,15
01123,AL,Tallapoosa,19
01125,AL,Tuscaloosa,125
01129,AL,Washington,46
01131,AL,Wilcox,72
01133,AL,Winston,24
02122,AK,Kenai Peninsula,35
04001,AZ,Apache,2201
04011,AZ,Greenlee,0
04015,AZ,Mohave,23
04017,AZ,Navajo,888
04021,AZ,Pinal,6227
04027,AZ,Yuma,95364
05003,AR,Ashley,438
05007,AR,Benton,75
05009,AR,Boone,7
05013,AR,Calhoun,13
05015,AR,Carroll,19
05025,AR,Cleveland,2
05029,AR,Conway,2
05031,AR,Craighead,61
05035,AR,Crittenden,10
05043,AR,Drew,46
05049,AR,Fulton,16
05055,AR,Greene,3
05057,AR,Hempstead,55
05059,AR,Hot Spring,28
05061,AR,Howard,4
05063,AR,Independence,34
05065,AR,Izard,29
05069,AR,Jefferson,38
05071,AR,Johnson,27
05083,AR,Logan,12
05087,AR,Madison,28
05089,AR,Marion,4
05093,AR,Mississippi,286
05095,AR,Monroe,0
05099,AR,Nevada,101
05101,AR,Newton,6
05107,AR,Phillips,28
05111,AR,Poinsett,3
05113,AR,Polk,24
05119,AR,Pulaski,205
05121,AR,Randolph,8
05123,AR,St. Francis,229
05125,AR,Saline,34
05127,AR,Scott,0
05133,AR,Sevier,0
05135,AR,Sharp,49
05139,AR,Union,49
05141,AR,Van Buren,14
06003,CA,Alpine,0
06005,CA,Amador,33
06007,CA,Butte,185
06009,CA,Calaveras,44
06011,CA,Colusa,3328
06015,CA,Del Norte,54
06017,CA,El Dorado,212
06019,CA,Fresno,66448
06023,CA,Humboldt,594
06025,CA,Imperial,105268
06029,CA,Kern,60196
06031,CA,Kings,5319
06033,CA,Lake,108
06035,CA,Lassen,630
06037,CA,Los Angeles,17410
06039,CA,Madera,3264
06041,CA,Marin,186
06043,CA,Mariposa,1
06045,CA,Mendocino,334
06047,CA,Merced,35867
06049,CA,Modoc,1420
06053,CA,Monterey,247332
06055,CA,Napa,70
06057,CA,Nevada,206
06061,CA,Placer,158
06063,CA,Plumas,26
06065,CA,Riverside,35441
06067,CA,Sacramento,1603
06069,CA,San Benito,8557
06071,CA,San Bernardino,1028
06073,CA,San Diego,1958
06075,CA,San Francisco,0
06077,CA,San Joaquin,28938
06079,CA,San Luis Obispo,24134
06081,CA,San Mateo,1224
06083,CA,Santa Barbara,58527
06085,CA,Santa Clara,8683
06087,CA,Santa Cruz,17097
06089,CA,Shasta,131
06091,CA,Sierra,0
06093,CA,Siskiyou,3303
06095,CA,Solano,1917
06097,CA,Sonoma,1100
06099,CA,Stanislaus,7592
06101,CA,Sutter,4655
06103,CA,Tehama,78
06105,CA,Trinity,57
06107,CA,Tulare,2652
06111,CA,Ventura,30005
06113,CA,Yolo,3590
06115,CA,Yuba,72
08001,CO,Adams,108
08007,CO,Archuleta,5
08009,CO,Baca,0
08013,CO,Boulder,800
08017,CO,Cheyenne,0
08019,CO,Clear Creek,0
08023,CO,Costilla,4681
08027,CO,Custer,0
08033,CO,Dolores,9
08035,CO,Douglas,14
08039,CO,Elbert,4
08041,CO,El Paso,17
08045,CO,Garfield,9
08047,CO,Gilpin,0
08049,CO,Grand,0
08051,CO,Gunnison,0
08053,CO,Hinsdale,0
08055,CO,Huerfano,3
08057,CO,Jackson,0
08061,CO,Kiowa,0
08063,CO,Kit Carson,1
08065,CO,Lake,0
08067,CO,La Plata,20
08069,CO,Larimer,1388
08071,CO,Las Animas,5
08073,CO,Lincoln,0
08075,CO,Logan,5
08077,CO,Mesa,550
08079,CO,Mineral,0
08081,CO,Moffat,8
08083,CO,Montezuma,59
08085,CO,Montrose,3063
08091,CO,Ouray,2
08093,CO,Park,0
08095,CO,Phillips,0
08099,CO,Prowers,1510
08111,CO,San Juan,0
08113,CO,San Miguel,3
08117,CO,Summit,0
08121,CO,Washington,0
08123,CO,Weld,9755
09001,CT,Fairfield,278
09003,CT,Hartford,4284
09005,CT,Litchfield,740
09009,CT,New Haven,1605
09013,CT,Tolland,973
09015,CT,Windham,329
10001,DE,Kent,4717
10003,DE,New Castle,312
10005,DE,Sussex,4679
12001,FL,Alachua,2878
12003,FL,Baker,138
12005,FL,Bay,4
12007,FL,Bradford,73
12009,FL,Brevard,112
12015,FL,Charlotte,3442
12019,FL,Clay,26
12023,FL,Columbia,355
12031,FL,Duval,18
12033,FL,Escambia,375
12037,FL,Franklin,0
12039,FL,Gadsden,866
12057,FL,Hillsborough,13085
12059,FL,Holmes,115
12063,FL,Jackson,1909
12073,FL,Leon,38
12075,FL,Levy,1312
12077,FL,Liberty,0
12081,FL,Manatee,24769
12086,FL,Miami-Dade,26908
12087,FL,Monroe,0
12089,FL,Nassau,51
12091,FL,Okaloosa,70
12095,FL,Orange,46
12099,FL,Palm Beach,59985
12101,FL,Pasco,111
12107,FL,Putnam,3096
12109,FL,St. Johns,7060
12111,FL,St. Lucie,21
12117,FL,Seminole,43
12121,FL,Suwannee,7542
12123,FL,Taylor,13
12125,FL,Union,211
12129,FL,Wakulla,51
12133,FL,Washington,53
13001,GA,Appling,99
13003,GA,Atkinson,37
13015,GA,Bartow,22
13017,GA,Ben Hill,173
13019,GA,Berrien,1815
13025,GA,Brantley,10
13027,GA,Brooks,3898
13029,GA,Bryan,23
13031,GA,Bulloch,671
13033,GA,Burke,53
13035,GA,Butts,17
13037,GA,Calhoun,95
13045,GA,Carroll,61
13047,GA,Catoosa,94
13053,GA,Chattahoochee,0
13059,GA,Clarke,8
13063,GA,Clayton,0
13067,GA,Cobb,20
13071,GA,Colquitt,12872
13073,GA,Columbia,11
13075,GA,Cook,2151
13081,GA,Crisp,2901
13083,GA,Dade,5
13089,GA,DeKalb,6
13093,GA,Dooly,117
13095,GA,Dougherty,6
13097,GA,Douglas,6
13105,GA,Elbert,21
13107,GA,Emanuel,29
13115,GA,Floyd,97
13119,GA,Franklin,31
13121,GA,Fulton,40
13131,GA,Grady,1936
13133,GA,Greene,17
13135,GA,Gwinnett,21
13141,GA,Hancock,28
13143,GA,Haralson,13
13145,GA,Harris,55
13147,GA,Hart,101
13149,GA,Heard,17
13155,GA,Irwin,223
13157,GA,Jackson,108
13159,GA,Jasper,5
13161,GA,Jeff Davis,98
13165,GA,Jenkins,16
13167,GA,Johnson,18
13169,GA,Jones,6
13173,GA,Lanier,3
13175,GA,Laurens,86
13179,GA,Liberty,0
13181,GA,Lincoln,0
13185,GA,Lowndes,619
13189,GA,McDuffie,7
13191,GA,McIntosh,6
13195,GA,Madison,45
13197,GA,Marion,342
13199,GA,Meriwether,5
13211,GA,Morgan,8
13213,GA,Murray,100
13215,GA,Muscogee,0
13217,GA,Newton,51
13221,GA,Oglethorpe,38
13227,GA,Pickens,51
13231,GA,Pike,24
13233,GA,Polk,12
13237,GA,Putnam,0
13239,GA,Quitman,0
13243,GA,Randolph,0
13245,GA,Richmond,19
13247,GA,Rockdale,11
13259,GA,Stewart,0
13265,GA,Taliaferro,5
13269,GA,Taylor,44
13271,GA,Telfair,88
13273,GA,Terrell,111
13281,GA,Towns,4
13287,GA,Turner,893
13289,GA,Twiggs,17
13295,GA,Walker,21
13297,GA,Walton,101
13303,GA,Washington,84
13307,GA,Webster,28
13313,GA,Whitfield,20
13319,GA,Wilkinson,33
13321,GA,Worth,2795
15001,HI,Hawaii,1662
15003,HI,Honolulu,5242
15007,HI,Kauai,178
15009,HI,Maui,1798
16003,ID,Adams,1
16005,ID,Bannock,4113
16009,ID,Benewah,12
16011,ID,Bingham,45519
16017,ID,Bonner,31
16019,ID,Bonneville,19983
16021,ID,Boundary,11
16023,ID,Butte,232
16025,ID,Camas,9
16027,ID,Canyon,5740
16029,ID,Caribou,8751
16031,ID,Cassia,7612
16039,ID,Elmore,2624
16043,ID,Fremont,29231
16047,ID,Gooding,3758
16049,ID,Idaho,7
16051,ID,Jefferson,20060
16053,ID,Jerome,2061
16055,ID,Kootenai,147
16057,ID,Latah,21
16059,ID,Lemhi,17
16061,ID,Lewis,0
16063,ID,Lincoln,219
16065,ID,Madison,26572
16067,ID,Minidoka,11812
16069,ID,Nez Perce,27
16075,ID,Payette,1019
16083,ID,Twin Falls,1291
16085,ID,Valley,123
16087,ID,Washington,1398
17007,IL,Boone,126
17009,IL,Brown,0
17011,IL,Bureau,13
17013,IL,Calhoun,60
17017,IL,Cass,50
17023,IL,Clark,50
17027,IL,Clinton,0
17035,IL,Cumberland,90
17037,IL,DeKalb,385
17041,IL,Douglas,62
17043,IL,DuPage,17
17053,IL,Ford,0
17055,IL,Franklin,70
17057,IL,Fulton,7
17059,IL,Gallatin,0
17065,IL,Hamilton,10
17067,IL,Hancock,2
17077,IL,Jackson,44
17079,IL,Jasper,0
17097,IL,Lake,236
17099,IL,LaSalle,93
17103,IL,Lee,16
17107,IL,Logan,22
17111,IL,McHenry,1050
17113,IL,McLean,252
17117,IL,Macoupin,12
17119,IL,Madison,1286
17125,IL,Mason,887
17137,IL,Morgan,51
17139,IL,Moultrie,174
17141,IL,Ogle,18
17143,IL,Peoria,95
17145,IL,Perry,9
17149,IL,Pike,9
17157,IL,Randolph,6
17159,IL,Richland,10
17165,IL,Saline,0
17167,IL,Sangamon,75
17169,IL,Schuyler,0
17175,IL,Stark,15
17177,IL,Stephenson,22
17179,IL,Tazewell,438
17181,IL,Union,512
17183,IL,Vermilion,17
17185,IL,Wabash,0
17187,IL,Warren,0
17189,IL,Washington,19
17193,IL,White,49
17195,IL,Whiteside,731
17201,IL,Winnebago,191
18001,IN,Adams,159
18003,IN,Allen,124
18005,IN,Bartholomew,666
18007,IN,Benton,0
18013,IN,Brown,21
18017,IN,Cass,16
18023,IN,Clinton,18
18025,IN,Crawford,10
18027,IN,Daviess,453
18029,IN,Dearborn,30
18033,IN,DeKalb,27
18037,IN,Dubois,5
18043,IN,Floyd,59
18045,IN,Fountain,7
18055,IN,Greene,20
18059,IN,Hancock,79
18065,IN,Henry,50
18069,IN,Huntington,7
18077,IN,Jefferson,32
18079,IN,Jennings,33
18085,IN,Kosciusko,35
18087,IN,LaGrange,782
18091,IN,LaPorte,264
18097,IN,Marion,283
18101,IN,Martin,15
18105,IN,Monroe,22
18109,IN,Morgan,41
18113,IN,Noble,72
18117,IN,Orange,19
18119,IN,Owen,76
18121,IN,Parke,225
18127,IN,Porter,96
18129,IN,Posey,44
18133,IN,Putnam,2
18135,IN,Randolph,17
18137,IN,Ripley,110
18139,IN,Rush,52
18143,IN,Scott,4
18145,IN,Shelby,11
18147,IN,Spencer,22
18155,IN,Switzerland,20
18157,IN,Tippecanoe,170
18169,IN,Wabash,9
18173,IN,Warrick,15
18183,IN,Whitley,39
19001,IA,Adair,30
19007,IA,Appanoose,6
19009,IA,Audubon,0
19011,IA,Benton,144
19013,IA,Black Hawk,131
19015,IA,Boone,97
19017,IA,Bremer,15
19021,IA,Buena Vista,4
19023,IA,Butler,3
19025,IA,Calhoun,4
19027,IA,Carroll,21
19029,IA,Cass,21
19031,IA,Cedar,11
19037,IA,Chickasaw,217
19039,IA,Clarke,27
19041,IA,Clay,17
19043,IA,Clayton,22
19045,IA,Clinton,19
19049,IA,Dallas,284
19051,IA,Davis,62
19053,IA,Decatur,5
19055,IA,Delaware,34
19057,IA,Des Moines,3
19059,IA,Dickinson,4
19061,IA,Dubuque,57
19065,IA,Fayette,64
19067,IA,Floyd,107
19071,IA,Fremont,18
19073,IA,Greene,24
19075,IA,Grundy,12
19081,IA,Hancock,10
19083,IA,Hardin,8
19085,IA,Harrison,3
19087,IA,Henry,17
19091,IA,Humboldt,6
19097,IA,Jackson,33
19099,IA,Jasper,86
19101,IA,Jefferson,42
19103,IA,Johnson,136
19105,IA,Jones,27
19107,IA,Keokuk,8
19111,IA,Lee,73
19113,IA,Linn,274
19119,IA,Lyon,56
19121,IA,Madison,59
19123,IA,Mahaska,21
19125,IA,Marion,71
19127,IA,Marshall,41
19133,IA,Monona,2
19135,IA,Monroe,7
19137,IA,Montgomery,5
19141,IA,O'Brien,20
19143,IA,Osceola,5
19155,IA,Pottawattamie,49
19157,IA,Poweshiek,44
19159,IA,Ringgold,11
19163,IA,Scott,70
19165,IA,Shelby,13
19167,IA,Sioux,53
19169,IA,Story,94
19171,IA,Tama,18
19173,IA,Taylor,0
19175,IA,Union,2
19177,IA,Van Buren,36
19181,IA,Warren,125
19183,IA,Washington,63
19185,IA,Wayne,4
19187,IA,Webster,29
19193,IA,Woodbury,19
19197,IA,Wright,5
20001,KS,Allen,8
20007,KS,Barber,0
20009,KS,Barton,7
20013,KS,Brown,7
20015,KS,Butler,20
20019,KS,Chautauqua,0
20023,KS,Cheyenne,0
20025,KS,Clark,0
20029,KS,Cloud,11
20031,KS,Coffey,0
20035,KS,Cowley,19
20037,KS,Crawford,9
20039,KS,Decatur,3
20043,KS,Doniphan,40
20049,KS,Elk,0
20051,KS,Ellis,0
20053,KS,Ellsworth,3
20059,KS,Franklin,20
20063,KS,Gove,0
20065,KS,Graham,0
20071,KS,Greeley,0
20075,KS,Hamilton,0
20081,KS,Haskell,0
20083,KS,Hodgeman,0
20089,KS,Jewell,0
20097,KS,Kiowa,0
20107,KS,Linn,4
20109,KS,Logan,0
20117,KS,Marshall,0
20123,KS,Mitchell,0
20125,KS,Montgomery,13
20129,KS,Morton,0
20131,KS,Nemaha,1
20135,KS,Ness,0
20137,KS,Norton,0
20141,KS,Osborne,0
20149,KS,Pottawatomie,40
20153,KS,Rawlins,0
20155,KS,Reno,162
20159,KS,Rice,0
20163,KS,Rooks,0
20165,KS,Rush,0
20169,KS,Saline,3
20171,KS,Scott,0
20175,KS,Seward,0
20177,KS,Shawnee,58
20181,KS,Sherman,0
20187,KS,Stanton,0
20189,KS,Stevens,730
20193,KS,Thomas,0
20195,KS,Trego,0
20197,KS,Wabaunsee,11
20201,KS,Washington,12
20203,KS,Wichita,0
20207,KS,Woodson,12
20209,KS,Wyandotte,70
21001,KY,Adair,66
21007,KY,Ballard,5
21011,KY,Bath,19
21015,KY,Boone,121
21021,KY,Boyle,30
21023,KY,Bracken,7
21027,KY,Breckinridge,65
21031,KY,Butler,27
21037,KY,Campbell,108
21041,KY,Carroll,12
21043,KY,Carter,79
21045,KY,Casey,119
21047,KY,Christian,482
21049,KY,Clark,85
21051,KY,Clay,115
21055,KY,Crittenden,48
21057,KY,Cumberland,15
21059,KY,Daviess,382
21061,KY,Edmonson,9
21067,KY,Fayette,122
21069,KY,Fleming,28
21071,KY,Floyd,7
21075,KY,Fulton,0
21079,KY,Garrard,10
21083,KY,Graves,68
21085,KY,Grayson,59
21089,KY,Greenup,45
21093,KY,Hardin,78
21097,KY,Harrison,72
21101,KY,Henderson,37
21105,KY,Hickman,0
21109,KY,Jackson,41
21111,KY,Jefferson,60
21113,KY,Jessamine,37
21115,KY,Johnson,10
21117,KY,Kenton,47
21119,KY,Knott,0
21121,KY,Knox,31
21127,KY,Lawrence,61
21131,KY,Leslie,0
21133,KY,Letcher,6
21135,KY,Lewis,16
21143,KY,Lyon,14
21147,KY,McCreary,19
21149,KY,McLean,19
21151,KY,Madison,110
21155,KY,Marion,43
21157,KY,Marshall,41
21159,KY,Martin,5
21161,KY,Mason,48
21163,KY,Meade,37
21167,KY,Mercer,53
21169,KY,Metcalfe,55
21175,KY,Morgan,44
21177,KY,Muhlenberg,12
21181,KY,Nicholas,13
21183,KY,Ohio,19
21185,KY,Oldham,55
21187,KY,Owen,26
21189,KY,Owsley,66
21193,KY,Perry,9
21195,KY,Pike,8
21197,KY,Powell,22
21199,KY,Pulaski,259
21203,KY,Rockcastle,22
21209,KY,Scott,155
21211,KY,Shelby,254
21217,KY,Taylor,72
21219,KY,Todd,555
21221,KY,Trigg,123
21229,KY,Washington,31
21231,KY,Wayne,49
21237,KY,Wolfe,12
22005,LA,Ascension,5
22007,LA,Assumption,0
22009,LA,Avoyelles,1079
22011,LA,Beauregard,66
22013,LA,Bienville,76
22017,LA,Caddo,103
22021,LA,Caldwell,24
22023,LA,Cameron,3
22037,LA,East Feliciana,6
22043,LA,Grant,60
22055,LA,Lafayette,5
22057,LA,Lafourche,102
22059,LA,La Salle,0
22063,LA,Livingston,58
22069,LA,Natchitoches,15
22071,LA,Orleans,5
22073,LA,Ouachita,49
22077,LA,Pointe Coupee,32
22079,LA,Rapides,126
22085,LA,Sabine,18
22087,LA,St. Bernard,7
22089,LA,St. Charles,20
22095,LA,St. John the Baptist,0
22097,LA,St. Landry,127
22099,LA,St. Martin,21
22101,LA,St. Mary,6
22103,LA,St. Tammany,41
22105,LA,Tangipahoa,282
22107,LA,Tensas,29
22109,LA,Terrebonne,8
22115,LA,Vernon,62
22117,LA,Washington,127
22121,LA,West Baton Rouge,0
22123,LA,West Carroll,468
22125,LA,West Feliciana,10
22127,LA,Winn,39
23001,ME,Androscoggin,749
23003,ME,Aroostook,28778
23005,ME,Cumberland,602
23009,ME,Hancock,153
23011,ME,Kennebec,321
23015,ME,Lincoln,197
23025,ME,Somerset,257
23027,ME,Waldo,357
23029,ME,Washington,103
23031,ME,York,898
24005,MD,Baltimore,954
24009,MD,Calvert,260
24011,MD,Caroline,2154
24013,MD,Carroll,513
24015,MD,Cecil,89
24017,MD,Charles,335
24019,MD,Dorchester,1658
24021,MD,Frederick,366
24025,MD,Harford,561
24027,MD,Howard,110
24033,MD,Prince George's,429
24035,MD,Queen Anne's,1107
24041,MD,Talbot,273
25003,MA,Berkshire,384
25005,MA,Bristol,1594
25009,MA,Essex,833
25011,MA,Franklin,3556
25013,MA,Hampden,1051
25015,MA,Hampshire,4845
25017,MA,Middlesex,1545
25023,MA,Plymouth,768
25025,MA,Suffolk,10
25027,MA,Worcester,1424
26001,MI,Alcona,16
26003,MI,Alger,25
26005,MI,Allegan,3789
26007,MI,Alpena,40
26015,MI,Barry,143
26017,MI,Bay,1532
26021,MI,Berrien,6410
26023,MI,Branch,752
26027,MI,Cass,1680
26029,MI,Charlevoix,163
26033,MI,Chippewa,36
26035,MI,Clare,67
26039,MI,Crawford,12
26047,MI,Emmet,229
26055,MI,Grand Traverse,180
26057,MI,Gratiot,282
26061,MI,Houghton,48
26067,MI,Ionia,539
26073,MI,Isabella,131
26075,MI,Jackson,360
26077,MI,Kalamazoo,524
26079,MI,Kalkaska,1331
26081,MI,Kent,2148
26083,MI,Keweenaw,0
26085,MI,Lake,20
26087,MI,Lapeer,2725
26091,MI,Lenawee,432
26095,MI,Luce,5
26101,MI,Manistee,66
26103,MI,Marquette,40
26105,MI,Mason,290
26107,MI,Mecosta,440
26111,MI,Midland,64
26113,MI,Missaukee,322
26115,MI,Monroe,3574
26117,MI,Montcalm,721
26119,MI,Montmorency,7
26123,MI,Newaygo,2883
26125,MI,Oakland,198
26127,MI,Oceana,3329
26131,MI,Ontonagon,8
26139,MI,Ottawa,3345
26145,MI,Saginaw,647
26147,MI,St. Clair,498
26149,MI,St. Joseph,3927
26151,MI,Sanilac,239
26153,MI,Schoolcraft,12
26157,MI,Tuscola,850
26163,MI,Wayne,552
27001,MN,Aitkin,47
27005,MN,Becker,30
27007,MN,Beltrami,22
27013,MN,Blue Earth,313
27015,MN,Brown,81
27019,MN,Carver,184
27023,MN,Chippewa,6
27031,MN,Cook,3
27033,MN,Cottonwood,7
27035,MN,Crow Wing,43
27037,MN,Dakota,1851
27039,MN,Dodge,12
27041,MN,Douglas,47
27043,MN,Faribault,47
27045,MN,Fillmore,68
27049,MN,Goodhue,56
27053,MN,Hennepin,450
27055,MN,Houston,12
27061,MN,Itasca,134
27063,MN,Jackson,17
27065,MN,Kanabec,64
27067,MN,Kandiyohi,423
27071,MN,Koochiching,11
27073,MN,Lac qui Parle,5
27077,MN,Lake of the Woods,52
27079,MN,Le Sueur,199
27083,MN,Lyon,7
27085,MN,McLeod,125
27091,MN,Martin,10
27093,MN,Meeker,52
27095,MN,Mille Lacs,126
27099,MN,Mower,40
27101,MN,Murray,10
27103,MN,Nicollet,76
27105,MN,Nobles,129
27107,MN,Norman,112
27109,MN,Olmsted,306
27111,MN,Otter Tail,1569
27115,MN,Pine,71
27117,MN,Pipestone,39
27119,MN,Polk,3615
27121,MN,Pope,15
27123,MN,Ramsey,200
27127,MN,Redwood,12
27129,MN,Renville,481
27131,MN,Rice,201
27133,MN,Rock,13
27137,MN,St. Louis,109
27141,MN,Sherburne,3264
27143,MN,Sibley,144
27145,MN,Stearns,596
27147,MN,Steele,21
27157,MN,Wabasha,530
27159,MN,Wadena,2500
27161,MN,Waseca,14
27163,MN,Washington,1030
27165,MN,Watonwan,7
27167,MN,Wilkin,3
27169,MN,Winona,186
27173,MN,Yellow Medicine,8
28003,MS,Alcorn,10
28005,MS,Amite,23
28007,MS,Attala,7
28009,MS,Benton,19
28013,MS,Calhoun,11034
28015,MS,Carroll,65
28017,MS,Chickasaw,3101
28021,MS,Claiborne,19
28023,MS,Clarke,24
28025,MS,Clay,15
28031,MS,Covington,150
28035,MS,Forrest,164
28037,MS,Franklin,9
28039,MS,George,265
28041,MS,Greene,783
28043,MS,Grenada,50
28047,MS,Harrison,47
28049,MS,Hinds,287
28051,MS,Holmes,121
28055,MS,Issaquena,0
28059,MS,Jackson,42
28061,MS,Jasper,21
28063,MS,Jefferson,362
28065,MS,Jefferson Davis,88
28067,MS,Jones,227
28071,MS,Lafayette,259
28073,MS,Lamar,74
28075,MS,Lauderdale,77
28077,MS,Lawrence,48
28081,MS,Lee,21
28083,MS,Leflore,20
28085,MS,Lincoln,55
28089,MS,Madison,12
28091,MS,Marion,37
28093,MS,Marshall,551
28097,MS,Montgomery,20
28099,MS,Neshoba,38
28103,MS,Noxubee,41
28105,MS,Oktibbeha,32
28107,MS,Panola,85
28109,MS,Pearl River,78
28111,MS,Perry,129
28113,MS,Pike,30
28115,MS,Pontotoc,612
28119,MS,Quitman,26
28121,MS,Rankin,59
28123,MS,Scott,61
28125,MS,Sharkey,0
28127,MS,Simpson,156
28135,MS,Tallahatchie,33
28139,MS,Tippah,50
28143,MS,Tunica,0
28145,MS,Union,27
28147,MS,Walthall,24
28149,MS,Warren,4
28153,MS,Wayne,67
28155,MS,Webster,1002
28159,MS,Winston,103
28161,MS,Yalobusha,78
28163,MS,Yazoo,21
29003,MO,Andrew,152
29005,MO,Atchison,0
29011,MO,Barton,151
29013,MO,Bates,81
29017,MO,Bollinger,13
29019,MO,Boone,70
29025,MO,Caldwell,3
29031,MO,Cape Girardeau,12
29033,MO,Carroll,11
29035,MO,Carter,14
29043,MO,Christian,14
29051,MO,Cole,42
29055,MO,Crawford,6
29057,MO,Dade,13
29059,MO,Dallas,119
29065,MO,Dent,26
29071,MO,Franklin,178
29073,MO,Gasconade,57
29075,MO,Gentry,19
29077,MO,Greene,22
29083,MO,Henry,47
29095,MO,Jackson,99
29097,MO,Jasper,18
29101,MO,Johnson,69
29103,MO,Knox,14
29107,MO,Lafayette,15
29109,MO,Lawrence,30
29115,MO,Linn,7
29119,MO,McDonald,98
29123,MO,Madison,0
29125,MO,Maries,31
29131,MO,Miller,0
29133,MO,Mississippi,920
29135,MO,Moniteau,157
29139,MO,Montgomery,20
29141,MO,Morgan,79
29157,MO,Perry,29
29159,MO,Pettis,6
29161,MO,Phelps,0
29167,MO,Polk,57
29169,MO,Pulaski,31
29171,MO,Putnam,0
29175,MO,Randolph,14
29177,MO,Ray,76
29181,MO,Ripley,0
29185,MO,St. Clair,57
29195,MO,Saline,39
29199,MO,Scotland,11
29205,MO,Shelby,3
29207,MO,Stoddard,32
29211,MO,Sullivan,3
29213,MO,Taney,4
29217,MO,Vernon,874
29219,MO,Warren,178
29225,MO,Webster,41
29227,MO,Worth,0
29229,MO,Wright,14
30001,MT,Beaverhead,899
30005,MT,Blaine,8
30019,MT,Daniels,0
30023,MT,Deer Lodge,0
30025,MT,Fallon,0
30029,MT,Flathead,287
30031,MT,Gallatin,4122
30033,MT,Garfield,0
30037,MT,Golden Valley,0
30039,MT,Granite,0
30047,MT,Lake,1378
30051,MT,Liberty,24
30053,MT,Lincoln,16
30057,MT,Madison,952
30059,MT,Meagher,0
30061,MT,Mineral,0
30063,MT,Missoula,50
30067,MT,Park,15
30069,MT,Petroleum,0
30075,MT,Powder River,0
30077,MT,Powell,0
30081,MT,Ravalli,78
30085,MT,Roosevelt,0
30087,MT,Rosebud,7
30089,MT,Sanders,30
30093,MT,Silver Bow,0
30095,MT,Stillwater,0
30097,MT,Sweet Grass,0
30099,MT,Teton,37
30101,MT,Toole,0
30103,MT,Treasure,0
30105,MT,Valley,0
30107,MT,Wheatland,19
31001,NE,Adams,15
31003,NE,Antelope,0
31005,NE,Arthur,0
31007,NE,Banner,0
31009,NE,Blaine,0
31011,NE,Boone,0
31015,NE,Boyd,0
31017,NE,Brown,0
31019,NE,Buffalo,43
31023,NE,Butler,62
31027,NE,Cedar,3
31033,NE,Cheyenne,0
31037,NE,Colfax,0
31041,NE,Custer,17
31043,NE,Dakota,20
31047,NE,Dawson,8
31049,NE,Deuel,0
31053,NE,Dodge,72
31055,NE,Douglas,313
31059,NE,Fillmore,7
31061,NE,Franklin,0
31063,NE,Frontier,0
31067,NE,Gage,27
31069,NE,Garden,0
31071,NE,Garfield,0
31075,NE,Grant,0
31077,NE,Greeley,0
31079,NE,Hall,6
31081,NE,Hamilton,2
31083,NE,Harlan,6
31087,NE,Hitchcock,2
31091,NE,Hooker,0
31093,NE,Howard,297
31095,NE,Jefferson,0
31097,NE,Johnson,1
31099,NE,Kearney,7
31105,NE,Kimball,0
31107,NE,Knox,2
31109,NE,Lancaster,116
31115,NE,Loup,0
31117,NE,McPherson,0
31119,NE,Madison,92
31125,NE,Nance,0
31127,NE,Nemaha,5
31131,NE,Otoe,23
31133,NE,Pawnee,5
31135,NE,Perkins,1
31139,NE,Pierce,12
31147,NE,Richardson,5
31149,NE,Rock,0
31153,NE,Sarpy,89
31155,NE,Saunders,523
31157,NE,Scotts Bluff,8
31165,NE,Sioux,7
31167,NE,Stanton,32
31171,NE,Thomas,0
31175,NE,Valley,0
31177,NE,Washington,52
31181,NE,Webster,0
31183,NE,Wheeler,0
32003,NV,Clark,242
32007,NV,Elko,51
32009,NV,Esmeralda,0
32011,NV,Eureka,0
32021,NV,Mineral,0
32027,NV,Pershing,0
32029,NV,Storey,0
32031,NV,Washoe,464
32510,NV,Carson City,0
33005,NH,Cheshire,288
33011,NH,Hillsborough,1227
33013,NH,Merrimack,665
33015,NH,Rockingham,546
33017,NH,Strafford,220
33019,NH,Sullivan,158
34003,NJ,Bergen,71
34005,NJ,Burlington,3472
34011,NJ,Cumberland,9012
34015,NJ,Gloucester,5738
34017,NJ,Hudson,0
34023,NJ,Middlesex,1356
34025,NJ,Monmouth,1714
34029,NJ,Ocean,708
34031,NJ,Passaic,101
34033,NJ,Salem,6631
34035,NJ,Somerset,233
34041,NJ,Warren,1720
35001,NM,Bernalillo,163
35003,NM,Catron,8
35005,NM,Chaves,50
35006,NM,Cibola,25
35007,NM,Colfax,0
35013,NM,DoÃ±a Ana,4978
35017,NM,Grant,21
35021,NM,Harding,0
35023,NM,Hidalgo,189
35027,NM,Lincoln,0
35028,NM,Los Alamos,0
35029,NM,Luna,2637
35031,NM,McKinley,124
35033,NM,Mora,7
35039,NM,Rio Arriba,313
35041,NM,Roosevelt,769
35043,NM,Sandoval,240
35047,NM,San Miguel,20
35049,NM,Santa Fe,238
35051,NM,Sierra,270
35055,NM,Taos,91
35061,NM,Valencia,62
36001,NY,Albany,683
36005,NY,Bronx,0
36009,NY,Cattaraugus,231
36011,NY,Cayuga,4106
36015,NY,Chemung,142
36017,NY,Chenango,260
36019,NY,Clinton,506
36021,NY,Columbia,595
36025,NY,Delaware,219
36027,NY,Dutchess,1006
36029,NY,Erie,2863
36031,NY,Essex,200
36037,NY,Genesee,4908
36041,NY,Hamilton,16
36045,NY,Jefferson,274
36047,NY,Kings,4
36049,NY,Lewis,74
36051,NY,Livingston,1270
36053,NY,Madison,730
36055,NY,Monroe,5118
36057,NY,Montgomery,344
36061,NY,New York,0
36065,NY,Oneida,893
36067,NY,Onondaga,1659
36069,NY,Ontario,2117
36071,NY,Orange,5691
36073,NY,Orleans,11999
36075,NY,Oswego,2390
36077,NY,Otsego,224
36083,NY,Rensselaer,1477
36085,NY,Richmond,0
36089,NY,St. Lawrence,473
36091,NY,Saratoga,333
36095,NY,Schoharie,816
36101,NY,Steuben,844
36103,NY,Suffolk,5686
36105,NY,Sullivan,125
36107,NY,Tioga,248
36111,NY,Ulster,2663
36113,NY,Warren,46
36115,NY,Washington,773
36117,NY,Wayne,4401
36121,NY,Wyoming,588
36123,NY,Yates,592
37001,NC,Alamance,162
37007,NC,Anson,49
37009,NC,Ashe,266
37013,NC,Beaufort,141
37015,NC,Bertie,205
37021,NC,Buncombe,702
37023,NC,Burke,112
37027,NC,Caldwell,116
37033,NC,Caswell,118
37035,NC,Catawba,294
37037,NC,Chatham,121
37041,NC,Chowan,1869
37043,NC,Clay,159
37047,NC,Columbus,2650
37053,NC,Currituck,117
37055,NC,Dare,0
37057,NC,Davidson,405
37061,NC,Duplin,4005
37065,NC,Edgecombe,1196
37067,NC,Forsyth,235
37069,NC,Franklin,130
37075,NC,Graham,18
37083,NC,Halifax,614
37085,NC,Harnett,1535
37087,NC,Haywood,446
37089,NC,Henderson,1563
37091,NC,Hertford,758
37095,NC,Hyde,3441
37097,NC,Iredell,134
37101,NC,Johnston,9930
37105,NC,Lee,81
37107,NC,Lenoir,1176
37109,NC,Lincoln,163
37111,NC,McDowell,38
37113,NC,Macon,101
37115,NC,Madison,172
37119,NC,Mecklenburg,81
37121,NC,Mitchell,45
37123,NC,Montgomery,290
37127,NC,Nash,7422
37129,NC,New Hanover,46
37131,NC,Northampton,75
37135,NC,Orange,153
37137,NC,Pamlico,3
37139,NC,Pasquotank,2239
37141,NC,Pender,291
37147,NC,Pitt,145
37151,NC,Randolph,332
37155,NC,Robeson,502
37157,NC,Rockingham,134
37161,NC,Rutherford,145
37163,NC,Sampson,14409
37165,NC,Scotland,26
37169,NC,Stokes,263
37171,NC,Surry,309
37173,NC,Swain,26
37175,NC,Transylvania,264
37177,NC,Tyrrell,217
37181,NC,Vance,104
37183,NC,Wake,1127
37189,NC,Watauga,130
37191,NC,Wayne,2451
37193,NC,Wilkes,62
37195,NC,Wilson,4849
37197,NC,Yadkin,38
37199,NC,Yancey,111
38001,ND,Adams,0
38005,ND,Benson,5
38011,ND,Bowman,0
38017,ND,Cass,12
38019,ND,Cavalier,9
38021,ND,Dickey,73
38023,ND,Divide,0
38033,ND,Golden Valley,0
38035,ND,Grand Forks,3398
38039,ND,Griggs,0
38041,ND,Hettinger,0
38047,ND,Logan,0
38051,ND,McIntosh,14
38055,ND,McLean,11
38059,ND,Morton,36
38061,ND,Mountrail,0
38063,ND,Nelson,0
38067,ND,Pembina,9450
38069,ND,Pierce,0
38075,ND,Renville,0
38083,ND,Sheridan,0
38085,ND,Sioux,0
38087,ND,Slope,0
38089,ND,Stark,5
38097,ND,Traill,943
38099,ND,Walsh,9971
38103,ND,Wells,0
39001,OH,Adams,37
39005,OH,Ashland,231
39013,OH,Belmont,95
39015,OH,Brown,78
39025,OH,Clermont,106
39029,OH,Columbiana,218
39033,OH,Crawford,40
39039,OH,Defiance,12
39041,OH,Delaware,101
39043,OH,Erie,547
39045,OH,Fairfield,245
39047,OH,Fayette,14
39049,OH,Franklin,157
39051,OH,Fulton,233
39053,OH,Gallia,131
39055,OH,Geauga,405
39057,OH,Greene,172
39059,OH,Guernsey,55
39061,OH,Hamilton,154
39065,OH,Hardin,33
39069,OH,Henry,946
39077,OH,Huron,4108
39079,OH,Jackson,120
39081,OH,Jefferson,36
39083,OH,Knox,136
39085,OH,Lake,202
39087,OH,Lawrence,97
39089,OH,Licking,251
39097,OH,Madison,124
39101,OH,Marion,16
39103,OH,Medina,380
39107,OH,Mercer,43
39115,OH,Morgan,20
39117,OH,Morrow,121
39119,OH,Muskingum,170
39121,OH,Noble,16
39123,OH,Ottawa,1142
39125,OH,Paulding,3
39137,OH,Putnam,68
39143,OH,Sandusky,1216
39145,OH,Scioto,87
39149,OH,Shelby,44
39151,OH,Stark,847
39153,OH,Summit,852
39155,OH,Trumbull,156
39157,OH,Tuscarawas,53
39161,OH,Van Wert,33
39163,OH,Vinton,10
39165,OH,Warren,286
39171,OH,Williams,590
39173,OH,Wood,666
39175,OH,Wyandot,12
40001,OK,Adair,70
40003,OK,Alfalfa,0
40005,OK,Atoka,106
40009,OK,Beckham,0
40013,OK,Bryan,16
40017,OK,Canadian,29
40021,OK,Cherokee,25
40027,OK,Cleveland,38
40029,OK,Coal,19
40033,OK,Cotton,22
40035,OK,Craig,41
40037,OK,Creek,28
40041,OK,Delaware,70
40043,OK,Dewey,0
40049,OK,Garvin,117
40051,OK,Grady,163
40053,OK,Grant,0
40055,OK,Greer,0
40057,OK,Harmon,0
40059,OK,Harper,0
40061,OK,Haskell,0
40063,OK,Hughes,76
40067,OK,Jefferson,127
40069,OK,Johnston,30
40071,OK,Kay,8
40075,OK,Kiowa,0
40077,OK,Latimer,16
40081,OK,Lincoln,14
40083,OK,Logan,26
40087,OK,McClain,122
40089,OK,McCurtain,123
40091,OK,McIntosh,16
40093,OK,Major,36
40095,OK,Marshall,10
40103,OK,Noble,0
40107,OK,Okfuskee,158
40111,OK,Okmulgee,52
40113,OK,Osage,21
40115,OK,Ottawa,4
40119,OK,Payne,30
40121,OK,Pittsburg,22
40123,OK,Pontotoc,18
40125,OK,Pottawatomie,79
40127,OK,Pushmataha,7
40129,OK,Roger Mills,0
40131,OK,Rogers,25
40133,OK,Seminole,7
40137,OK,Stephens,8
40145,OK,Wagoner,103
40147,OK,Washington,0
40151,OK,Woods,0
40153,OK,Woodward,14
41001,OR,Baker,26
41003,OR,Benton,268
41005,OR,Clackamas,2441
41009,OR,Columbia,31
41013,OR,Crook,9
41015,OR,Curry,15
41017,OR,Deschutes,77
41019,OR,Douglas,378
41021,OR,Gilliam,0
41025,OR,Harney,4
41029,OR,Jackson,387
41033,OR,Josephine,233
41035,OR,Klamath,4424
41037,OR,Lake,9
41039,OR,Lane,947
41041,OR,Lincoln,20
41043,OR,Linn,2079
41045,OR,Malheur,7545
41047,OR,Marion,2655
41049,OR,Morrow,6112
41051,OR,Multnomah,1465
41053,OR,Polk,503
41055,OR,Sherman,0
41057,OR,Tillamook,38
41059,OR,Umatilla,10891
41067,OR,Washington,1148
41071,OR,Yamhill,1317
42001,PA,Adams,440
42003,PA,Allegheny,444
42005,PA,Armstrong,156
42009,PA,Bedford,144
42011,PA,Berks,1142
42017,PA,Bucks,810
42019,PA,Butler,1068
42027,PA,Centre,605
42031,PA,Clarion,393
42033,PA,Clearfield,47
42037,PA,Columbia,1388
42039,PA,Crawford,403
42041,PA,Cumberland,1038
42043,PA,Dauphin,591
42045,PA,Delaware,39
42049,PA,Erie,613
42051,PA,Fayette,337
42053,PA,Forest,20
42055,PA,Franklin,1142
42057,PA,Fulton,28
42063,PA,Indiana,954
42065,PA,Jefferson,63
42071,PA,Lancaster,4965
42075,PA,Lebanon,759
42079,PA,Luzerne,880
42081,PA,Lycoming,435
42083,PA,McKean,41
42085,PA,Mercer,536
42089,PA,Monroe,346
42091,PA,Montgomery,299
42093,PA,Montour,131
42095,PA,Northampton,577
42097,PA,Northumberland,1103
42101,PA,Philadelphia,11
42103,PA,Pike,12
42105,PA,Potter,479
42107,PA,Schuylkill,1489
42109,PA,Snyder,947
42111,PA,Somerset,257
42113,PA,Sullivan,42
42115,PA,Susquehanna,157
42117,PA,Tioga,80
42119,PA,Union,233
42121,PA,Venango,43
42125,PA,Washington,513
42127,PA,Wayne,200
42129,PA,Westmoreland,517
42131,PA,Wyoming,303
42133,PA,York,1172
44009,RI,Washington,500
45003,SC,Aiken,284
45011,SC,Barnwell,1319
45013,SC,Beaufort,2267
45015,SC,Berkeley,132
45017,SC,Calhoun,31
45019,SC,Charleston,662
45023,SC,Chester,150
45027,SC,Clarendon,763
45031,SC,Darlington,129
45033,SC,Dillon,61
45037,SC,Edgefield,281
45039,SC,Fairfield,15
45043,SC,Georgetown,28
45045,SC,Greenville,817
45049,SC,Hampton,659
45057,SC,Lancaster,81
45059,SC,Laurens,141
45073,SC,Oconee,269
45079,SC,Richland,168
45083,SC,Spartanburg,353
45087,SC,Union,35
45089,SC,Williamsburg,238
45091,SC,York,228
46003,SD,Aurora,0
46007,SD,Bennett,0
46015,SD,Brule,0
46017,SD,Buffalo,0
46029,SD,Codington,23
46031,SD,Corson,0
46037,SD,Day,5
46039,SD,Deuel,6
46041,SD,Dewey,0
46043,SD,Douglas,0
46045,SD,Edmunds,1
46055,SD,Haakon,0
46057,SD,Hamlin,0
46059,SD,Hand,0
46063,SD,Harding,0
46065,SD,Hughes,82
46067,SD,Hutchinson,37
46069,SD,Hyde,0
46071,SD,Jackson,0
46073,SD,Jerauld,0
46075,SD,Jones,0
46077,SD,Kingsbury,3
46079,SD,Lake,6
46083,SD,Lincoln,23
46085,SD,Lyman,9
46089,SD,McPherson,0
46091,SD,Marshall,22
46097,SD,Miner,10
46103,SD,Pennington,12
46105,SD,Perkins,0
46107,SD,Potter,0
46111,SD,Sanborn,135
46113,SD,Shannon,0
46117,SD,Stanley,0
46119,SD,Sully,0
46121,SD,Todd,0
46123,SD,Tripp,0
46127,SD,Union,5
46129,SD,Walworth,0
46135,SD,Yankton,0
46137,SD,Ziebach,0
47001,TN,Anderson,19
47003,TN,Bedford,21
47005,TN,Benton,20
47009,TN,Blount,222
47011,TN,Bradley,129
47013,TN,Campbell,23
47015,TN,Cannon,12
47017,TN,Carroll,11
47019,TN,Carter,71
47021,TN,Cheatham,22
47023,TN,Chester,34
47025,TN,Claiborne,41
47029,TN,Cocke,803
47031,TN,Coffee,34
47035,TN,Cumberland,6910
47037,TN,Davidson,129
47039,TN,Decatur,18
47041,TN,DeKalb,25
47043,TN,Dickson,38
47045,TN,Dyer,97
47051,TN,Franklin,39
47053,TN,Gibson,56
47055,TN,Giles,22
47057,TN,Grainger,508
47059,TN,Greene,489
47061,TN,Grundy,70
47065,TN,Hamilton,96
47067,TN,Hancock,25
47069,TN,Hardeman,178
47071,TN,Hardin,14
47073,TN,Hawkins,108
47075,TN,Haywood,34
47077,TN,Henderson,74
47079,TN,Henry,42
47081,TN,Hickman,31
47083,TN,Houston,23
47087,TN,Jackson,13
47089,TN,Jefferson,110
47091,TN,Johnson,36
47093,TN,Knox,38
47095,TN,Lake,0
47099,TN,Lawrence,470
47103,TN,Lincoln,598
47105,TN,Loudon,13
47107,TN,McMinn,91
47109,TN,McNairy,45
47111,TN,Macon,14
47113,TN,Madison,48
47117,TN,Marshall,28
47119,TN,Maury,34
47123,TN,Monroe,48
47125,TN,Montgomery,53
47129,TN,Morgan,34
47131,TN,Obion,10
47133,TN,Overton,179
47135,TN,Perry,8
47137,TN,Pickett,10
47139,TN,Polk,61
47141,TN,Putnam,52
47143,TN,Rhea,1208
47145,TN,Roane,66
47147,TN,Robertson,144
47149,TN,Rutherford,85
47151,TN,Scott,7
47155,TN,Sevier,58
47157,TN,Shelby,76
47159,TN,Smith,47
47161,TN,Stewart,15
47163,TN,Sullivan,29
47165,TN,Sumner,37
47167,TN,Tipton,145
47173,TN,Union,31
47177,TN,Warren,96
47179,TN,Washington,839
47181,TN,Wayne,18
47183,TN,Weakley,91
47185,TN,White,21
47187,TN,Williamson,183
47189,TN,Wilson,114
48001,TX,Anderson,452
48003,TX,Andrews,0
48005,TX,Angelina,147
48007,TX,Aransas,0
48009,TX,Archer,0
48011,TX,Armstrong,0
48015,TX,Austin,34
48017,TX,Bailey,772
48019,TX,Bandera,11
48021,TX,Bastrop,81
48023,TX,Baylor,0
48025,TX,Bee,9
48027,TX,Bell,47
48031,TX,Blanco,30
48033,TX,Borden,0
48035,TX,Bosque,3
48039,TX,Brazoria,1045
48041,TX,Brazos,49
48053,TX,Burnet,90
48055,TX,Caldwell,87
48059,TX,Callahan,21
48061,TX,Cameron,2653
48063,TX,Camp,43
48065,TX,Carson,0
48067,TX,Cass,84
48069,TX,Castro,339
48073,TX,Cherokee,410
48075,TX,Childress,0
48077,TX,Clay,141
48087,TX,Collingsworth,0
48089,TX,Colorado,2
48091,TX,Comal,4
48093,TX,Comanche,543
48095,TX,Concho,0
48097,TX,Cooke,54
48099,TX,Coryell,249
48103,TX,Crane,0
48105,TX,Crockett,0
48107,TX,Crosby,0
48111,TX,Dallam,1125
48113,TX,Dallas,51
48115,TX,Dawson,0
48117,TX,Deaf Smith,0
48119,TX,Delta,25
48123,TX,DeWitt,16
48125,TX,Dickens,0
48129,TX,Donley,23
48133,TX,Eastland,54
48135,TX,Ector,6
48137,TX,Edwards,0
48139,TX,Ellis,71
48143,TX,Erath,14
48145,TX,Falls,476
48147,TX,Fannin,32
48149,TX,Fayette,37
48153,TX,Floyd,296
48155,TX,Foard,0
48157,TX,Fort Bend,83
48159,TX,Franklin,35
48163,TX,Frio,6691
48167,TX,Galveston,37
48169,TX,Garza,0
48173,TX,Glasscock,413
48175,TX,Goliad,6
48177,TX,Gonzales,23
48179,TX,Gray,0
48181,TX,Grayson,21
48187,TX,Guadalupe,131
48189,TX,Hale,1032
48191,TX,Hall,0
48199,TX,Hardin,17
48203,TX,Harrison,147
48207,TX,Haskell,0
48209,TX,Hays,29
48211,TX,Hemphill,0
48213,TX,Henderson,189
48215,TX,Hidalgo,30910
48217,TX,Hill,27
48221,TX,Hood,16
48225,TX,Houston,971
48233,TX,Hutchinson,0
48237,TX,Jack,0
48239,TX,Jackson,0
48241,TX,Jasper,82
48243,TX,Jeff Davis,0
48245,TX,Jefferson,35
48247,TX,Jim Hogg,0
48249,TX,Jim Wells,2025
48251,TX,Johnson,72
48253,TX,Jones,23
48257,TX,Kaufman,19
48259,TX,Kendall,11
48261,TX,Kenedy,0
48263,TX,Kent,0
48267,TX,Kimble,0
48269,TX,King,0
48275,TX,Knox,0
48277,TX,Lamar,28
48279,TX,Lamb,1360
48281,TX,Lampasas,13
48283,TX,La Salle,625
48285,TX,Lavaca,91
48287,TX,Lee,52
48289,TX,Leon,16
48291,TX,Liberty,16
48293,TX,Limestone,125
48295,TX,Lipscomb,0
48301,TX,Loving,0
48303,TX,Lubbock,473
48305,TX,Lynn,0
48309,TX,McLennan,159
48311,TX,McMullen,0
48313,TX,Madison,417
48321,TX,Matagorda,17
48323,TX,Maverick,65
48325,TX,Medina,1568
48331,TX,Milam,97
48333,TX,Mills,6
48335,TX,Mitchell,0
48337,TX,Montague,25
48339,TX,Montgomery,64
48341,TX,Moore,0
48343,TX,Morris,23
48345,TX,Motley,0
48347,TX,Nacogdoches,84
48349,TX,Navarro,141
48351,TX,Newton,27
48355,TX,Nueces,26
48359,TX,Oldham,0
48361,TX,Orange,22
48363,TX,Palo Pinto,38
48365,TX,Panola,74
48367,TX,Parker,137
48369,TX,Parmer,1886
48373,TX,Polk,39
48379,TX,Rains,205
48381,TX,Randall,6
48383,TX,Reagan,0
48385,TX,Real,0
48387,TX,Red River,21
48393,TX,Roberts,0
48395,TX,Robertson,46
48401,TX,Rusk,305
48403,TX,Sabine,7
48405,TX,San Augustine,9
48407,TX,San Jacinto,16
48409,TX,San Patricio,19
48411,TX,San Saba,33
48417,TX,Shackelford,0
48423,TX,Smith,712
48425,TX,Somervell,6
48427,TX,Starr,859
48431,TX,Sterling,0
48433,TX,Stonewall,0
48435,TX,Sutton,0
48439,TX,Tarrant,28
48443,TX,Terrell,0
48445,TX,Terry,2345
48447,TX,Throckmorton,0
48449,TX,Titus,10
48451,TX,Tom Green,10
48453,TX,Travis,216
48455,TX,Trinity,38
48457,TX,Tyler,52
48459,TX,Upshur,52
48463,TX,Uvalde,4457
48465,TX,Val Verde,0
48467,TX,Van Zandt,1259
48469,TX,Victoria,87
48471,TX,Walker,224
48475,TX,Ward,0
48477,TX,Washington,39
48479,TX,Webb,0
48481,TX,Wharton,172
48487,TX,Wilbarger,0
48489,TX,Willacy,972
48491,TX,Williamson,98
48493,TX,Wilson,954
48495,TX,Winkler,0
48497,TX,Wise,341
48499,TX,Wood,439
48501,TX,Yoakum,3096
48503,TX,Young,0
48507,TX,Zavala,2788
49001,UT,Beaver,0
49003,UT,Box Elder,697
49005,UT,Cache,95
49007,UT,Carbon,4
49009,UT,Daggett,0
49015,UT,Emery,175
49021,UT,Iron,17
49023,UT,Juab,0
49027,UT,Millard,3
49029,UT,Morgan,5
49031,UT,Piute,3
49033,UT,Rich,0
49035,UT,Salt Lake,374
49037,UT,San Juan,79
49043,UT,Summit,9
49045,UT,Tooele,53
49047,UT,Uintah,37
49049,UT,Utah,714
49053,UT,Washington,57
49057,UT,Weber,534
50001,VT,Addison,233
50003,VT,Bennington,127
50009,VT,Essex,18
50011,VT,Franklin,121
50017,VT,Orange,411
50019,VT,Orleans,149
50021,VT,Rutland,322
50025,VT,Windham,721
50027,VT,Windsor,265
51001,VA,Accomack,2898
51013,VA,Arlington,0
51015,VA,Augusta,167
51017,VA,Bath,3
51025,VA,Brunswick,28
51029,VA,Buckingham,9
51031,VA,Campbell,41
51033,VA,Caroline,236
51035,VA,Carroll,1803
51036,VA,Charles City,18
51037,VA,Charlotte,195
51051,VA,Dickenson,3
51057,VA,Essex,18
51059,VA,Fairfax,9
51061,VA,Fauquier,138
51067,VA,Franklin,54
51069,VA,Frederick,40
51071,VA,Giles,19
51073,VA,Gloucester,8
51077,VA,Grayson,25
51079,VA,Greene,23
51081,VA,Greensville,30
51085,VA,Hanover,794
51087,VA,Henrico,66
51089,VA,Henry,25
51091,VA,Highland,16
51093,VA,Isle of Wight,27
51095,VA,James City,65
51099,VA,King George,337
51109,VA,Louisa,68
51111,VA,Lunenburg,12
51113,VA,Madison,63
51117,VA,Mecklenburg,22
51121,VA,Montgomery,80
51125,VA,Nelson,451
51131,VA,Northampton,3765
51135,VA,Nottoway,18
51143,VA,Pittsylvania,226
51145,VA,Powhatan,31
51147,VA,Prince Edward,3
51153,VA,Prince William,68
51165,VA,Rockingham,359
51167,VA,Russell,18
51169,VA,Scott,112
51171,VA,Shenandoah,91
51173,VA,Smyth,23
51177,VA,Spotsylvania,62
51179,VA,Stafford,17
51183,VA,Sussex,10
51185,VA,Tazewell,39
51191,VA,Washington,99
51195,VA,Wise,10
51197,VA,Wythe,183
51199,VA,York,28
51550,VA,Chesapeake,79
51650,VA,Hampton,0
51700,VA,Newport News,0
53001,WA,Adams,6153
53003,WA,Asotin,59
53005,WA,Benton,11132
53007,WA,Chelan,33
53011,WA,Clark,321
53013,WA,Columbia,4
53015,WA,Cowlitz,126
53017,WA,Douglas,11
53021,WA,Franklin,13892
53025,WA,Grant,16433
53027,WA,Grays Harbor,181
53031,WA,Jefferson,51
53033,WA,King,1005
53037,WA,Kittitas,271
53039,WA,Klickitat,62
53041,WA,Lewis,340
53053,WA,Pierce,1320
53055,WA,San Juan,70
53057,WA,Skagit,13630
53059,WA,Skamania,8
53065,WA,Stevens,122
53067,WA,Thurston,218
53071,WA,Walla Walla,1187
53073,WA,Whatcom,3134
53075,WA,Whitman,11
53077,WA,Yakima,6424
54001,WV,Barbour,13
54011,WV,Cabell,43
54013,WV,Calhoun,16
54017,WV,Doddridge,22
54019,WV,Fayette,28
54025,WV,Greenbrier,79
54027,WV,Hampshire,163
54035,WV,Jackson,54
54037,WV,Jefferson,183
54041,WV,Lewis,45
54045,WV,Logan,0
54049,WV,Marion,20
54051,WV,Marshall,30
54059,WV,Mingo,0
54063,WV,Monroe,78
54065,WV,Morgan,56
54067,WV,Nicholas,30
54073,WV,Pleasants,15
54077,WV,Preston,176
54079,WV,Putnam,106
54081,WV,Raleigh,15
54083,WV,Randolph,26
54089,WV,Summers,24
54091,WV,Taylor,3
54093,WV,Tucker,12
54095,WV,Tyler,31
54097,WV,Upshur,52
54105,WV,Wirt,0
54107,WV,Wood,22
55001,WI,Adams,601
55003,WI,Ashland,13
55007,WI,Bayfield,35
55013,WI,Burnett,36
55015,WI,Calumet,78
55019,WI,Clark,233
55021,WI,Columbia,347
55023,WI,Crawford,65
55025,WI,Dane,574
55027,WI,Dodge,654
55029,WI,Door,148
55031,WI,Douglas,5
55033,WI,Dunn,642
55037,WI,Florence,0
55039,WI,Fond du Lac,185
55043,WI,Grant,111
55045,WI,Green,51
55047,WI,Green Lake,581
55051,WI,Iron,6
55061,WI,Kewaunee,58
55065,WI,Lafayette,24
55067,WI,Langlade,5665
55069,WI,Lincoln,18
55071,WI,Manitowoc,272
55073,WI,Marathon,1163
55077,WI,Marquette,1869
55078,WI,Menominee,0
55079,WI,Milwaukee,215
55083,WI,Oconto,467
55087,WI,Outagamie,159
55089,WI,Ozaukee,389
55093,WI,Pierce,149
55095,WI,Polk,107
55097,WI,Portage,15080
55099,WI,Price,5
55105,WI,Rock,441
55107,WI,Rusk,8
55109,WI,St. Croix,89
55111,WI,Sauk,249
55113,WI,Sawyer,7
55115,WI,Shawano,36
55117,WI,Sheboygan,245
55119,WI,Taylor,24
55121,WI,Trempealeau,119
55123,WI,Vernon,612
55127,WI,Walworth,629
55129,WI,Washburn,134
55131,WI,Washington,134
55135,WI,Waupaca,478
55137,WI,Waushara,810
55139,WI,Winnebago,36
55141,WI,Wood,74
56003,WY,Big Horn,3
56005,WY,Campbell,0
56019,WY,Johnson,0
56025,WY,Natrona,5
56029,WY,Park,6
56037,WY,Sweetwater,0
56039,WY,Teton,0
56041,WY,Uinta,0
56045,WY,Weston,0
