CountyFIPS,state,county,freshveg_acrespth12
01005,AL,Barbour,1.5096285
01007,AL,Bibb,.52998853
01009,AL,Blount,11.319579
01011,AL,Bullock,6.6000376
01013,AL,Butler,4.9000392
01021,AL,Chilton,10.366844
01023,AL,Choctaw,4.3564939
01033,AL,Colbert,1.0647672
01039,AL,Covington,1.4543339
01043,AL,Cullman,11.334511
01051,AL,Elmore,1.2805848
01055,AL,Etowah,2.1393967
01057,AL,Fayette,5.4245281
01059,AL,Franklin,1.4534883
01061,AL,Geneva,18.070059
01063,AL,Greene,7.0175438
01065,AL,Hale,7.0774627
01067,AL,Henry,.98556441
01077,AL,Lauderdale,1.0034528
01079,AL,Lawrence,2.2501185
01081,AL,Lee,.12170468
01083,AL,Limestone,.85889989
01089,AL,Madison,.25970539
01091,AL,Marengo,3.0808353
01093,AL,Marion,1.0814353
01095,AL,Marshall,.57307804
01099,AL,Monroe,1.3283153
01101,AL,Montgomery,.32274103
01105,AL,Perry,7.8585463
01109,AL,Pike,.24165533
01113,AL,Russell,1.2463001
01115,AL,St. Clair,5.7186475
01119,AL,Sumter,4.9810424
01121,AL,Talladega,.18308088
01123,AL,Tallapoosa,.46157956
01125,AL,Tuscaloosa,.62958652
01129,AL,Washington,2.6877007
01131,AL,Wilcox,6.3352399
01133,AL,Winston,.99272007
02122,AK,Kenai Peninsula,.61445552
04001,AZ,Apache,30.173004
04011,AZ,Greenlee,0
04015,AZ,Mohave,.11317115
04017,AZ,Navajo,8.2965069
04021,AZ,Pinal,16.286167
04027,AZ,Yuma,471.22421
05003,AR,Ashley,20.380625
05007,AR,Benton,.32192573
05009,AR,Boone,.18752679
05013,AR,Calhoun,2.4500566
05015,AR,Carroll,.68902993
05025,AR,Cleveland,.23226106
05029,AR,Conway,.094317377
05031,AR,Craighead,.61028683
05035,AR,Crittenden,.19980019
05043,AR,Drew,2.4507191
05049,AR,Fulton,1.3063357
05055,AR,Greene,.069495924
05057,AR,Hempstead,2.4598596
05059,AR,Hot Spring,.8390016
05061,AR,Howard,.29224813
05063,AR,Independence,.92048621
05065,AR,Izard,2.1456053
05069,AR,Jefferson,.50926733
05071,AR,Johnson,1.0424308
05083,AR,Logan,.54528105
05087,AR,Madison,1.7913121
05089,AR,Marion,.2407753
05093,AR,Mississippi,6.2788143
05095,AR,Monroe,0
05099,AR,Nevada,11.338123
05101,AR,Newton,.74202323
05107,AR,Phillips,1.3492025
05111,AR,Poinsett,.12356357
05113,AR,Polk,1.1743406
05119,AR,Pulaski,.52701396
05121,AR,Randolph,.44807887
05123,AR,St. Francis,8.2084742
05125,AR,Saline,.30423695
05127,AR,Scott,0
05133,AR,Sevier,0
05135,AR,Sharp,2.8712058
05139,AR,Union,1.1989821
05141,AR,Van Buren,.81547064
06003,CA,Alpine,0
06005,CA,Amador,.88951182
06007,CA,Butte,.83632827
06009,CA,Calaveras,.9831304
06011,CA,Colusa,155.73233
06015,CA,Del Norte,1.9148257
06017,CA,El Dorado,1.1740015
06019,CA,Fresno,70.114052
06023,CA,Humboldt,4.4097013
06025,CA,Imperial,592.86877
06029,CA,Kern,70.275139
06031,CA,Kings,35.178337
06033,CA,Lake,1.6881858
06035,CA,Lassen,18.708796
06037,CA,Los Angeles,1.7461623
06039,CA,Madera,21.451103
06041,CA,Marin,.7265029
06043,CA,Mariposa,.056006722
06045,CA,Mendocino,3.8161833
06047,CA,Merced,137.00781
06049,CA,Modoc,152.14828
06053,CA,Monterey,579.99115
06055,CA,Napa,.50339794
06057,CA,Nevada,2.0958815
06061,CA,Placer,.43741262
06063,CA,Plumas,1.3453379
06065,CA,Riverside,15.629603
06067,CA,Sacramento,1.106688
06069,CA,San Benito,150.4263
06071,CA,San Bernardino,.49434343
06073,CA,San Diego,.61488062
06075,CA,San Francisco,0
06077,CA,San Joaquin,41.253719
06079,CA,San Luis Obispo,87.903206
06081,CA,San Mateo,1.6526136
06083,CA,Santa Barbara,135.83353
06085,CA,Santa Clara,4.7156439
06087,CA,Santa Cruz,64.130501
06089,CA,Shasta,.73421848
06091,CA,Sierra,0
06093,CA,Siskiyou,74.816528
06095,CA,Solano,4.5603766
06097,CA,Sonoma,2.2414854
06099,CA,Stanislaus,14.541359
06101,CA,Sutter,49.270206
06103,CA,Tehama,1.2337477
06105,CA,Trinity,4.2197218
06107,CA,Tulare,5.8774252
06111,CA,Ventura,35.916237
06113,CA,Yolo,17.504253
06115,CA,Yuba,.98703152
08001,CO,Adams,.23441163
08007,CO,Archuleta,.41274559
08009,CO,Baca,0
08013,CO,Boulder,2.6182466
08017,CO,Cheyenne,0
08019,CO,Clear Creek,0
08023,CO,Costilla,1299.9167
08027,CO,Custer,0
08033,CO,Dolores,4.5158052
08035,CO,Douglas,.046874005
08039,CO,Elbert,.17085256
08041,CO,El Paso,.026328914
08045,CO,Garfield,.15853444
08047,CO,Gilpin,0
08049,CO,Grand,0
08051,CO,Gunnison,0
08053,CO,Hinsdale,0
08055,CO,Huerfano,.45571926
08057,CO,Jackson,0
08061,CO,Kiowa,0
08063,CO,Kit Carson,.12339585
08065,CO,Lake,0
08067,CO,La Plata,.38235801
08069,CO,Larimer,4.4634533
08071,CO,Las Animas,.33420226
08073,CO,Lincoln,0
08075,CO,Logan,.22863413
08077,CO,Mesa,3.7232602
08079,CO,Mineral,0
08081,CO,Moffat,.60725671
08083,CO,Montezuma,2.3203681
08085,CO,Montrose,75.248741
08091,CO,Ouray,.43956044
08093,CO,Park,0
08095,CO,Phillips,0
08099,CO,Prowers,121.80367
08111,CO,San Juan,0
08113,CO,San Miguel,.39556962
08117,CO,Summit,0
08121,CO,Washington,0
08123,CO,Weld,36.934387
09001,CT,Fairfield,.29725054
09003,CT,Hartford,4.7751265
09005,CT,Litchfield,3.9476142
09009,CT,New Haven,1.8578087
09013,CT,Tolland,6.4040966
09015,CT,Windham,2.7895067
10001,DE,Kent,28.142544
10003,DE,New Castle,.57120782
10005,DE,Sussex,23.017853
12001,FL,Alachua,11.435656
12003,FL,Baker,5.1012864
12005,FL,Bay,.023266636
12007,FL,Bradford,2.6904507
12009,FL,Brevard,.20456807
12015,FL,Charlotte,21.138481
12019,FL,Clay,.13378546
12023,FL,Columbia,5.2274299
12031,FL,Duval,.020432279
12033,FL,Escambia,1.2327781
12037,FL,Franklin,0
12039,FL,Gadsden,18.599657
12057,FL,Hillsborough,10.209846
12059,FL,Holmes,5.8286872
12063,FL,Jackson,38.977478
12073,FL,Leon,.133874
12075,FL,Levy,32.850918
12077,FL,Liberty,0
12081,FL,Manatee,74.1689
12086,FL,Miami-Dade,10.304908
12087,FL,Monroe,0
12089,FL,Nassau,.68349952
12091,FL,Okaloosa,.36802012
12095,FL,Orange,.038253445
12099,FL,Palm Beach,44.158699
12101,FL,Pasco,.23586008
12107,FL,Putnam,42.37323
12109,FL,St. Johns,34.908848
12111,FL,St. Lucie,.07406754
12117,FL,Seminole,.099684715
12121,FL,Suwannee,173.45906
12123,FL,Taylor,.57147878
12125,FL,Union,13.846962
12129,FL,Wakulla,1.6556292
12133,FL,Washington,2.1340849
13001,GA,Appling,5.3903952
13003,GA,Atkinson,4.4902911
13015,GA,Bartow,.21885103
13017,GA,Ben Hill,9.867671
13019,GA,Berrien,95.155708
13025,GA,Brantley,.53934526
13027,GA,Brooks,251.06273
13029,GA,Bryan,.7124272
13031,GA,Bulloch,9.2103281
13033,GA,Burke,2.2928834
13035,GA,Butts,.72469944
13037,GA,Calhoun,14.644674
13045,GA,Carroll,.54753697
13047,GA,Catoosa,1.445887
13053,GA,Chattahoochee,0
13059,GA,Clarke,.066546328
13063,GA,Clayton,0
13067,GA,Cobb,.028254732
13071,GA,Colquitt,279.1767
13073,GA,Columbia,.082971901
13075,GA,Cook,127.66336
13081,GA,Crisp,122.5602
13083,GA,Dade,.30231574
13089,GA,DeKalb,.0084669227
13093,GA,Dooly,8.1572895
13095,GA,Dougherty,.063433662
13097,GA,Douglas,.044839699
13105,GA,Elbert,1.0723039
13107,GA,Emanuel,1.2693132
13115,GA,Floyd,1.0100589
13119,GA,Franklin,1.4126868
13121,GA,Fulton,.040907491
13131,GA,Grady,76.382858
13133,GA,Greene,1.0532185
13135,GA,Gwinnett,.025007203
13141,GA,Hancock,3.0966601
13143,GA,Haralson,.45805293
13145,GA,Harris,1.6867543
13147,GA,Hart,3.9493234
13149,GA,Heard,1.4586015
13155,GA,Irwin,23.219492
13157,GA,Jackson,1.7864232
13159,GA,Jasper,.3679176
13161,GA,Jeff Davis,6.4844837
13165,GA,Jenkins,1.7515053
13167,GA,Johnson,1.8196522
13169,GA,Jones,.20852157
13173,GA,Lanier,.28713629
13175,GA,Laurens,1.7921894
13179,GA,Liberty,0
13181,GA,Lincoln,0
13185,GA,Lowndes,5.3939123
13189,GA,McDuffie,.32325098
13191,GA,McIntosh,.43371403
13195,GA,Madison,1.6045069
13197,GA,Marion,39.157318
13199,GA,Meriwether,.2346096
13211,GA,Morgan,.44868201
13213,GA,Murray,2.53936
13215,GA,Muscogee,0
13217,GA,Newton,.50445104
13221,GA,Oglethorpe,2.6030962
13227,GA,Pickens,1.7386562
13231,GA,Pike,1.3493
13233,GA,Polk,.29187849
13237,GA,Putnam,0
13239,GA,Quitman,0
13243,GA,Randolph,0
13245,GA,Richmond,.094129302
13247,GA,Rockdale,.12845065
13259,GA,Stewart,0
13265,GA,Taliaferro,2.9904306
13269,GA,Taylor,5.2556138
13271,GA,Telfair,5.3848977
13273,GA,Terrell,12.022095
13281,GA,Towns,.38102496
13287,GA,Turner,106.71606
13289,GA,Twiggs,1.9981195
13295,GA,Walker,.3079766
13297,GA,Walton,1.190799
13303,GA,Washington,4.0287771
13307,GA,Webster,10.021475
13313,GA,Whitfield,.19373088
13319,GA,Wilkinson,3.4562211
13321,GA,Worth,130.21803
15001,HI,Hawaii,8.8038988
15003,HI,Honolulu,5.366992
15007,HI,Kauai,2.596607
15009,HI,Maui,11.343133
16003,ID,Adams,.25608194
16005,ID,Bannock,49.085831
16009,ID,Benewah,1.3156452
16011,ID,Bingham,999.91211
16017,ID,Bonner,.76660568
16019,ID,Bonneville,186.89325
16021,ID,Boundary,1.0156971
16023,ID,Butte,85.106384
16025,ID,Camas,8.3565464
16027,ID,Canyon,29.608538
16029,ID,Caribou,1290.8983
16031,ID,Cassia,326.84958
16039,ID,Elmore,99.878197
16043,ID,Fremont,2250.0962
16047,ID,Gooding,246.50705
16049,ID,Idaho,.42669919
16051,ID,Jefferson,752.63574
16053,ID,Jerome,91.49427
16055,ID,Kootenai,1.0330869
16057,ID,Latah,.5500406
16059,ID,Lemhi,2.1870577
16061,ID,Lewis,0
16063,ID,Lincoln,41.666668
16065,ID,Madison,704.60333
16067,ID,Minidoka,587.10669
16069,ID,Nez Perce,.6824041
16075,ID,Payette,44.943325
16083,ID,Twin Falls,16.444393
16085,ID,Valley,12.932394
16087,ID,Washington,139.17372
17007,IL,Boone,2.3403544
17009,IL,Brown,0
17011,IL,Bureau,.37856728
17013,IL,Calhoun,11.940298
17017,IL,Cass,3.7285607
17023,IL,Clark,3.0674846
17027,IL,Clinton,0
17035,IL,Cumberland,8.2251873
17037,IL,DeKalb,3.692656
17041,IL,Douglas,3.1281533
17043,IL,DuPage,.018319026
17053,IL,Ford,0
17055,IL,Franklin,1.7554419
17057,IL,Fulton,.19114715
17059,IL,Gallatin,0
17065,IL,Hamilton,1.1957432
17067,IL,Hancock,.10587052
17077,IL,Jackson,.74619269
17079,IL,Jasper,0
17097,IL,Lake,.33642483
17099,IL,LaSalle,.82201952
17103,IL,Lee,.4556717
17107,IL,Logan,.72413677
17111,IL,McHenry,3.413413
17113,IL,McLean,1.4600316
17117,IL,Macoupin,.25434506
17119,IL,Madison,4.7968607
17125,IL,Mason,61.842014
17137,IL,Morgan,1.4423892
17139,IL,Moultrie,11.620142
17141,IL,Ogle,.34078002
17143,IL,Peoria,.50770915
17145,IL,Perry,.41165438
17149,IL,Pike,.55326736
17157,IL,Randolph,.18188432
17159,IL,Richland,.61800879
17165,IL,Saline,0
17167,IL,Sangamon,.37632465
17169,IL,Schuyler,0
17175,IL,Stark,2.5256777
17177,IL,Stephenson,.46869341
17179,IL,Tazewell,3.2176073
17181,IL,Union,29.046349
17183,IL,Vermilion,.21038562
17185,IL,Wabash,0
17187,IL,Warren,0
17189,IL,Washington,1.3005681
17193,IL,White,3.3660781
17195,IL,Whiteside,12.650342
17201,IL,Winnebago,.65417457
18001,IN,Adams,4.6181998
18003,IN,Allen,.34362453
18005,IN,Bartholomew,8.4384975
18007,IN,Benton,0
18013,IN,Brown,1.394978
18017,IN,Cass,.41346875
18023,IN,Clinton,.54638171
18025,IN,Crawford,.93905532
18027,IN,Daviess,14.090202
18029,IN,Dearborn,.60296661
18033,IN,DeKalb,.63825262
18037,IN,Dubois,.11877049
18043,IN,Floyd,.78296065
18045,IN,Fountain,.40916529
18055,IN,Greene,.60584033
18059,IN,Hancock,1.1178876
18065,IN,Henry,1.0149812
18069,IN,Huntington,.18922499
18077,IN,Jefferson,.98407036
18079,IN,Jennings,1.1706694
18085,IN,Kosciusko,.45097283
18087,IN,LaGrange,20.78792
18091,IN,LaPorte,2.3736098
18097,IN,Marion,.30802789
18101,IN,Martin,1.4537702
18105,IN,Monroe,.15567066
18109,IN,Morgan,.59252834
18113,IN,Noble,1.5178986
18117,IN,Orange,.96485883
18119,IN,Owen,3.5575528
18121,IN,Parke,13.160204
18127,IN,Porter,.57913309
18129,IN,Posey,1.7174083
18133,IN,Putnam,.053125083
18135,IN,Randolph,.65764022
18137,IN,Ripley,3.8503273
18139,IN,Rush,3.0349014
18143,IN,Scott,.16831475
18145,IN,Shelby,.24790967
18147,IN,Spencer,1.0544984
18155,IN,Switzerland,1.9236318
18157,IN,Tippecanoe,.95277596
18169,IN,Wabash,.27747804
18173,IN,Warrick,.24801177
18183,IN,Whitley,1.1716286
19001,IA,Adair,4.0064101
19007,IA,Appanoose,.47255257
19009,IA,Audubon,0
19011,IA,Benton,5.5705996
19013,IA,Black Hawk,.99442816
19015,IA,Boone,3.6967871
19017,IA,Bremer,.61327118
19021,IA,Buena Vista,.19473249
19023,IA,Butler,.20017348
19025,IA,Calhoun,.40338847
19027,IA,Carroll,1.0157194
19029,IA,Cass,1.5303892
19031,IA,Cedar,.59792358
19037,IA,Chickasaw,17.668133
19039,IA,Clarke,2.8883183
19041,IA,Clay,1.0258886
19043,IA,Clayton,1.2272676
19045,IA,Clinton,.38999158
19049,IA,Dallas,3.9332457
19051,IA,Davis,7.1354585
19053,IA,Decatur,.60547346
19055,IA,Delaware,1.9347863
19057,IA,Des Moines,.074517496
19059,IA,Dickinson,.23564065
19061,IA,Dubuque,.59856975
19065,IA,Fayette,3.0748534
19067,IA,Floyd,6.643487
19071,IA,Fremont,2.5199497
19073,IA,Greene,2.6169448
19075,IA,Grundy,.96532863
19081,IA,Hancock,.89557588
19083,IA,Hardin,.46014035
19085,IA,Harrison,.20658311
19087,IA,Henry,.84733093
19091,IA,Humboldt,.61703002
19097,IA,Jackson,1.6758075
19099,IA,Jasper,2.3528125
19101,IA,Jefferson,2.4492652
19103,IA,Johnson,.99325901
19105,IA,Jones,1.310298
19107,IA,Keokuk,.76937872
19111,IA,Lee,2.0500436
19113,IA,Linn,1.2726369
19119,IA,Lyon,4.7578588
19121,IA,Madison,3.771414
19123,IA,Mahaska,.93703985
19125,IA,Marion,2.1313641
19127,IA,Marshall,.99776113
19133,IA,Monona,.21891418
19135,IA,Monroe,.86859411
19137,IA,Montgomery,.47335038
19141,IA,O'Brien,1.4117315
19143,IA,Osceola,.80853814
19155,IA,Pottawattamie,.52746588
19157,IA,Poweshiek,2.3439164
19159,IA,Ringgold,2.1662071
19163,IA,Scott,.41460353
19165,IA,Shelby,1.0759808
19167,IA,Sioux,1.5432549
19169,IA,Story,1.0232072
19171,IA,Tama,1.0265769
19173,IA,Taylor,0
19175,IA,Union,.15867978
19177,IA,Van Buren,4.8296218
19181,IA,Warren,2.6608765
19183,IA,Washington,2.8742187
19185,IA,Wayne,.62883192
19187,IA,Webster,.7773757
19193,IA,Woodbury,.18557043
19197,IA,Wright,.38408357
20001,KS,Allen,.59956533
20007,KS,Barber,0
20009,KS,Barton,.25430503
20013,KS,Brown,.70828694
20015,KS,Butler,.30395138
20019,KS,Chautauqua,0
20023,KS,Cheyenne,0
20025,KS,Clark,0
20029,KS,Cloud,1.1708355
20031,KS,Coffey,0
20035,KS,Cowley,.52393556
20037,KS,Crawford,.22851339
20039,KS,Decatur,1.0427529
20043,KS,Doniphan,5.0845304
20049,KS,Elk,0
20051,KS,Ellis,0
20053,KS,Ellsworth,.46339202
20059,KS,Franklin,.77297676
20063,KS,Gove,0
20065,KS,Graham,0
20071,KS,Greeley,0
20075,KS,Hamilton,0
20081,KS,Haskell,0
20083,KS,Hodgeman,0
20089,KS,Jewell,0
20097,KS,Kiowa,0
20107,KS,Linn,.42180744
20109,KS,Logan,0
20117,KS,Marshall,0
20123,KS,Mitchell,0
20125,KS,Montgomery,.37715048
20129,KS,Morton,0
20131,KS,Nemaha,.098892406
20135,KS,Ness,0
20137,KS,Norton,0
20141,KS,Osborne,0
20149,KS,Pottawatomie,1.7911518
20153,KS,Rawlins,0
20155,KS,Reno,2.5221074
20159,KS,Rice,0
20163,KS,Rooks,0
20165,KS,Rush,0
20169,KS,Saline,.053709541
20171,KS,Scott,0
20175,KS,Seward,0
20177,KS,Shawnee,.32400244
20181,KS,Sherman,0
20187,KS,Stanton,0
20189,KS,Stevens,126.97861
20193,KS,Thomas,0
20195,KS,Trego,0
20197,KS,Wabaunsee,1.5709797
20201,KS,Washington,2.0946064
20203,KS,Wichita,0
20207,KS,Woodson,3.6742191
20209,KS,Wyandotte,.43894854
21001,KY,Adair,3.5316782
21007,KY,Ballard,.60226452
21011,KY,Bath,1.610579
21015,KY,Boone,.98225451
21021,KY,Boyle,1.0352324
21023,KY,Bracken,.82615364
21027,KY,Breckinridge,3.2368906
21031,KY,Butler,2.1108592
21037,KY,Campbell,1.1844963
21041,KY,Carroll,1.104159
21043,KY,Carter,2.87796
21045,KY,Casey,7.4032598
21047,KY,Christian,6.3712792
21049,KY,Clark,2.3772898
21051,KY,Clay,5.3401442
21055,KY,Crittenden,5.189189
21057,KY,Cumberland,2.1869078
21059,KY,Daviess,3.9051318
21061,KY,Edmonson,.74165636
21067,KY,Fayette,.39931265
21069,KY,Fleming,1.9258546
21071,KY,Floyd,.17884974
21075,KY,Fulton,0
21079,KY,Garrard,.5898661
21083,KY,Graves,1.8116907
21085,KY,Grayson,2.2824867
21089,KY,Greenup,1.2260913
21093,KY,Hardin,.72829133
21097,KY,Harrison,3.8705516
21101,KY,Henderson,.79682988
21105,KY,Hickman,0
21109,KY,Jackson,3.08178
21111,KY,Jefferson,.079881668
21113,KY,Jessamine,.74681091
21115,KY,Johnson,.42685789
21117,KY,Kenton,.29045516
21119,KY,Knott,0
21121,KY,Knox,.97819573
21127,KY,Lawrence,3.8534429
21131,KY,Leslie,0
21133,KY,Letcher,.25071034
21135,KY,Lewis,1.1575749
21143,KY,Lyon,1.6595542
21147,KY,McCreary,1.0526899
21149,KY,McLean,1.996008
21151,KY,Madison,1.2952758
21155,KY,Marion,2.1505377
21157,KY,Marshall,1.3109932
21159,KY,Martin,.39169604
21161,KY,Mason,2.7511892
21163,KY,Meade,1.2625831
21167,KY,Mercer,2.4829009
21169,KY,Metcalfe,5.5060568
21175,KY,Morgan,3.2653062
21177,KY,Muhlenberg,.38268968
21181,KY,Nicholas,1.8497438
21183,KY,Ohio,.79008651
21185,KY,Oldham,.88502693
21187,KY,Owen,2.4172554
21189,KY,Owsley,14.090521
21193,KY,Perry,.31833616
21195,KY,Pike,.12446519
21197,KY,Powell,1.7633857
21199,KY,Pulaski,4.0797682
21203,KY,Rockcastle,1.288358
21209,KY,Scott,3.1598475
21211,KY,Shelby,5.8167496
21217,KY,Taylor,2.9028747
21219,KY,Todd,43.894337
21221,KY,Trigg,8.5476027
21229,KY,Washington,2.6114058
21231,KY,Wayne,2.3584905
21237,KY,Wolfe,1.6689847
22005,LA,Ascension,.044552557
22007,LA,Assumption,0
22009,LA,Avoyelles,25.946232
22011,LA,Beauregard,1.8185827
22013,LA,Bienville,5.3672318
22017,LA,Caddo,.40023938
22021,LA,Caldwell,2.3976023
22023,LA,Cameron,.45255694
22037,LA,East Feliciana,.30066144
22043,LA,Grant,2.6809652
22055,LA,Lafayette,.022013824
22057,LA,Lafourche,1.0511671
22059,LA,La Salle,0
22063,LA,Livingston,.43974707
22069,LA,Natchitoches,.3799777
22071,LA,Orleans,.013513112
22073,LA,Ouachita,.31557524
22077,LA,Pointe Coupee,1.409878
22079,LA,Rapides,.95397449
22085,LA,Sabine,.74064928
22087,LA,St. Bernard,.16863813
22089,LA,St. Charles,.38109031
22095,LA,St. John the Baptist,0
22097,LA,St. Landry,1.5213953
22099,LA,St. Martin,.39840639
22101,LA,St. Mary,.11208668
22103,LA,St. Tammany,.17130156
22105,LA,Tangipahoa,2.280225
22107,LA,Tensas,5.8455958
22109,LA,Terrebonne,.071585804
22115,LA,Vernon,1.144714
22117,LA,Washington,2.7232182
22121,LA,West Baton Rouge,0
22123,LA,West Carroll,40.72044
22125,LA,West Feliciana,.64783621
22127,LA,Winn,2.5917065
23001,ME,Androscoggin,6.9636846
23003,ME,Aroostook,406.87695
23005,ME,Cumberland,2.1189499
23009,ME,Hancock,2.8048692
23011,ME,Kennebec,2.6385658
23015,ME,Lincoln,5.7580452
23025,ME,Somerset,4.9561276
23027,ME,Waldo,9.1740761
23029,ME,Washington,3.1673791
23031,ME,York,4.5118375
24005,MD,Baltimore,1.1654997
24009,MD,Calvert,2.899682
24011,MD,Caroline,66.002754
24013,MD,Carroll,3.0682368
24015,MD,Cecil,.87454677
24017,MD,Charles,2.2215443
24019,MD,Dorchester,51.04837
24021,MD,Frederick,1.5277436
24025,MD,Harford,2.2562559
24027,MD,Howard,.3670533
24033,MD,Prince George's,.48585966
24035,MD,Queen Anne's,22.810163
24041,MD,Talbot,7.1742043
25003,MA,Berkshire,2.9499657
25005,MA,Bristol,2.8928747
25009,MA,Essex,1.1003237
25011,MA,Franklin,49.730091
25013,MA,Hampden,2.2526143
25015,MA,Hampshire,30.204605
25017,MA,Middlesex,1.0027819
25023,MA,Plymouth,1.5375067
25025,MA,Suffolk,.01334027
25027,MA,Worcester,1.7660636
26001,MI,Alcona,1.5084379
26003,MI,Alger,2.6326873
26005,MI,Allegan,33.861195
26007,MI,Alpena,1.3689723
26015,MI,Barry,2.4208567
26017,MI,Bay,14.301584
26021,MI,Berrien,41.085793
26023,MI,Branch,17.180717
26027,MI,Cass,32.285339
26029,MI,Charlevoix,6.2521577
26033,MI,Chippewa,.92300594
26035,MI,Clare,2.1761725
26039,MI,Crawford,.85751039
26047,MI,Emmet,6.9626026
26055,MI,Grand Traverse,2.0227447
26057,MI,Gratiot,6.7086949
26061,MI,Houghton,1.3033916
26067,MI,Ionia,8.4336033
26073,MI,Isabella,1.8547097
26075,MI,Jackson,2.248075
26077,MI,Kalamazoo,2.0551517
26079,MI,Kalkaska,77.904594
26081,MI,Kent,3.4925408
26083,MI,Keweenaw,0
26085,MI,Lake,1.7418568
26087,MI,Lapeer,30.885187
26091,MI,Lenawee,4.362843
26095,MI,Luce,.76946753
26101,MI,Manistee,2.6799853
26103,MI,Marquette,.5898574
26105,MI,Mason,10.112634
26107,MI,Mecosta,10.110526
26111,MI,Midland,.76500118
26113,MI,Missaukee,21.422394
26115,MI,Monroe,23.688013
26117,MI,Montcalm,11.425764
26119,MI,Montmorency,.73730779
26123,MI,Newaygo,60.122623
26125,MI,Oakland,.16211025
26127,MI,Oceana,126.81422
26131,MI,Ontonagon,1.2484394
26139,MI,Ottawa,12.406534
26145,MI,Saginaw,3.2622561
26147,MI,St. Clair,3.1018567
26149,MI,St. Joseph,64.426689
26151,MI,Sanilac,5.6455803
26153,MI,Schoolcraft,1.4354067
26157,MI,Tuscola,15.535329
26163,MI,Wayne,.3079474
27001,MN,Aitkin,2.9496675
27005,MN,Becker,.90856779
27007,MN,Beltrami,.4864136
27013,MN,Blue Earth,4.8104262
27015,MN,Brown,3.1879723
27019,MN,Carver,1.9590516
27023,MN,Chippewa,.49394912
27031,MN,Cook,.57948619
27033,MN,Cottonwood,.60106474
27035,MN,Crow Wing,.68412513
27037,MN,Dakota,4.5712171
27039,MN,Dodge,.59282678
27041,MN,Douglas,1.2899685
27043,MN,Faribault,3.2989402
27045,MN,Fillmore,3.256393
27049,MN,Goodhue,1.2068446
27053,MN,Hennepin,.37986961
27055,MN,Houston,.63785678
27061,MN,Itasca,2.9619806
27063,MN,Jackson,1.6525712
27065,MN,Kanabec,4.0027518
27067,MN,Kandiyohi,9.967247
27071,MN,Koochiching,.83415484
27073,MN,Lac qui Parle,.70195144
27077,MN,Lake of the Woods,13.127998
27079,MN,Le Sueur,7.1971068
27083,MN,Lyon,.27213001
27085,MN,McLeod,3.4706798
27091,MN,Martin,.48847204
27093,MN,Meeker,2.2540095
27095,MN,Mille Lacs,4.8956757
27099,MN,Mower,1.017501
27101,MN,Murray,1.1646867
27103,MN,Nicollet,2.306735
27105,MN,Nobles,5.9482641
27107,MN,Norman,16.86747
27109,MN,Olmsted,2.0809531
27111,MN,Otter Tail,27.37981
27115,MN,Pine,2.4301753
27117,MN,Pipestone,4.1564531
27119,MN,Polk,114.80199
27121,MN,Pope,1.3746334
27123,MN,Ramsey,.38366508
27127,MN,Redwood,.75628662
27129,MN,Renville,31.325302
27131,MN,Rice,3.1135275
27133,MN,Rock,1.3606867
27137,MN,St. Louis,.54395831
27141,MN,Sherburne,36.446877
27143,MN,Sibley,9.5307436
27145,MN,Stearns,3.9292471
27147,MN,Steele,.57848054
27157,MN,Wabasha,24.757101
27159,MN,Wadena,182.52171
27161,MN,Waseca,.72977483
27163,MN,Washington,4.2189255
27165,MN,Watonwan,.62921351
27167,MN,Wilkin,.4535833
27169,MN,Winona,3.6213543
27173,MN,Yellow Medicine,.78755659
28003,MS,Alcorn,.26857895
28005,MS,Amite,1.7738701
28007,MS,Attala,.3664346
28009,MS,Benton,2.1967857
28013,MS,Calhoun,743.38074
28015,MS,Carroll,6.2512021
28017,MS,Chickasaw,177.81982
28021,MS,Claiborne,2.0268829
28023,MS,Clarke,1.4544573
28025,MS,Clay,.73616016
28031,MS,Covington,7.6777396
28035,MS,Forrest,2.1374204
28037,MS,Franklin,1.1411183
28039,MS,George,11.576602
28041,MS,Greene,54.805069
28043,MS,Grenada,2.3146005
28047,MS,Harrison,.24264327
28049,MS,Hinds,1.156414
28051,MS,Holmes,6.3507061
28055,MS,Issaquena,0
28059,MS,Jackson,.30001071
28061,MS,Jasper,1.2697262
28063,MS,Jefferson,47.332638
28065,MS,Jefferson Davis,7.2853713
28067,MS,Jones,3.3243513
28071,MS,Lafayette,5.1412349
28073,MS,Lamar,1.279104
28075,MS,Lauderdale,.95911908
28077,MS,Lawrence,3.8080127
28081,MS,Lee,.24684103
28083,MS,Leflore,.63381398
28085,MS,Lincoln,1.5789171
28089,MS,Madison,.12184226
28091,MS,Marion,1.4035354
28093,MS,Marshall,15.069468
28097,MS,Montgomery,1.8939394
28099,MS,Neshoba,1.2801509
28103,MS,Noxubee,3.6705461
28105,MS,Oktibbeha,.65359479
28107,MS,Panola,2.4689207
28109,MS,Pearl River,1.4159163
28111,MS,Perry,10.675273
28113,MS,Pike,.74848431
28115,MS,Pontotoc,20.164745
28119,MS,Quitman,3.3337607
28121,MS,Rankin,.40533113
28123,MS,Scott,2.1593685
28125,MS,Sharkey,0
28127,MS,Simpson,5.6992545
28135,MS,Tallahatchie,2.186444
28139,MS,Tippah,2.277178
28143,MS,Tunica,0
28145,MS,Union,.98673391
28147,MS,Walthall,1.5896145
28149,MS,Warren,.083120339
28153,MS,Wayne,3.2486424
28155,MS,Webster,99.681656
28159,MS,Winston,5.4296255
28161,MS,Yalobusha,6.3111901
28163,MS,Yazoo,.74296832
29003,MO,Andrew,8.7401533
29005,MO,Atchison,0
29011,MO,Barton,12.231672
29013,MO,Bates,4.8514614
29017,MO,Bollinger,1.048218
29019,MO,Boone,.41486397
29025,MO,Caldwell,.32920003
29031,MO,Cape Girardeau,.15559964
29033,MO,Carroll,1.2085257
29035,MO,Carter,2.2353504
29043,MO,Christian,.17554198
29051,MO,Cole,.54999018
29055,MO,Crawford,.24215029
29057,MO,Dade,1.7193493
29059,MO,Dallas,7.0921984
29065,MO,Dent,1.6643195
29071,MO,Franklin,1.7562381
29073,MO,Gasconade,3.8025351
29075,MO,Gentry,2.7916543
29077,MO,Greene,.078373536
29083,MO,Henry,2.1214173
29095,MO,Jackson,.14611295
29097,MO,Jasper,.15594812
29101,MO,Johnson,1.2668686
29103,MO,Knox,3.4254954
29107,MO,Lafayette,.45311746
29109,MO,Lawrence,.78131104
29115,MO,Linn,.56085247
29119,MO,McDonald,4.2763014
29123,MO,Madison,0
29125,MO,Maries,3.426929
29131,MO,Miller,0
29133,MO,Mississippi,64.344666
29135,MO,Moniteau,10.009563
29139,MO,Montgomery,1.6641704
29141,MO,Morgan,3.9239061
29157,MO,Perry,1.5225495
29159,MO,Pettis,.14188422
29161,MO,Phelps,0
29167,MO,Polk,1.8340949
29169,MO,Pulaski,.58051348
29171,MO,Putnam,0
29175,MO,Randolph,.55316293
29177,MO,Ray,3.296751
29181,MO,Ripley,0
29185,MO,St. Clair,5.9930606
29195,MO,Saline,1.6615542
29199,MO,Scotland,2.2504091
29205,MO,Shelby,.48107761
29207,MO,Stoddard,1.0726377
29211,MO,Sullivan,.45710802
29213,MO,Taney,.075483091
29217,MO,Vernon,42.096138
29219,MO,Warren,5.428319
29225,MO,Webster,1.1286682
29227,MO,Worth,0
29229,MO,Wright,.75224328
30001,MT,Beaverhead,96.13945
30005,MT,Blaine,1.2042751
30019,MT,Daniels,0
30023,MT,Deer Lodge,0
30025,MT,Fallon,0
30029,MT,Flathead,3.1326406
30031,MT,Gallatin,44.514038
30033,MT,Garfield,0
30037,MT,Golden Valley,0
30039,MT,Granite,0
30047,MT,Lake,47.476315
30051,MT,Liberty,10.012516
30053,MT,Lincoln,.82143956
30057,MT,Madison,123.26816
30059,MT,Meagher,0
30061,MT,Mineral,0
30063,MT,Missoula,.45013818
30067,MT,Park,.96314371
30069,MT,Petroleum,0
30075,MT,Powder River,0
30077,MT,Powell,0
30081,MT,Ravalli,1.92
30085,MT,Roosevelt,0
30087,MT,Rosebud,.74698538
30089,MT,Sanders,2.6382904
30093,MT,Silver Bow,0
30095,MT,Stillwater,0
30097,MT,Sweet Grass,0
30099,MT,Teton,6.095552
30101,MT,Toole,0
30103,MT,Treasure,0
30105,MT,Valley,0
30107,MT,Wheatland,9.0476189
31001,NE,Adams,.47788963
31003,NE,Antelope,0
31005,NE,Arthur,0
31007,NE,Banner,0
31009,NE,Blaine,0
31011,NE,Boone,0
31015,NE,Boyd,0
31017,NE,Brown,0
31019,NE,Buffalo,.90231878
31023,NE,Butler,7.4626865
31027,NE,Cedar,.34254396
31033,NE,Cheyenne,0
31037,NE,Colfax,0
31041,NE,Custer,1.5755329
31043,NE,Dakota,.96186215
31047,NE,Dawson,.33257118
31049,NE,Deuel,0
31053,NE,Dodge,1.9647974
31055,NE,Douglas,.58883953
31059,NE,Fillmore,1.2214273
31061,NE,Franklin,0
31063,NE,Frontier,0
31067,NE,Gage,1.2416077
31069,NE,Garden,0
31071,NE,Garfield,0
31075,NE,Grant,0
31077,NE,Greeley,0
31079,NE,Hall,.099448062
31081,NE,Hamilton,.22170492
31083,NE,Harlan,1.7564403
31087,NE,Hitchcock,.69348127
31091,NE,Hooker,0
31093,NE,Howard,47.083069
31095,NE,Jefferson,0
31097,NE,Johnson,.19361085
31099,NE,Kearney,1.0744436
31105,NE,Kimball,0
31107,NE,Knox,.23293734
31109,NE,Lancaster,.39506307
31115,NE,Loup,0
31117,NE,McPherson,0
31119,NE,Madison,2.6199629
31125,NE,Nance,0
31127,NE,Nemaha,.69483048
31131,NE,Otoe,1.459854
31133,NE,Pawnee,1.8005041
31135,NE,Perkins,.34025177
31139,NE,Pierce,1.6736401
31147,NE,Richardson,.60320908
31149,NE,Rock,0
31153,NE,Sarpy,.53654861
31155,NE,Saunders,25.115252
31157,NE,Scotts Bluff,.21672581
31165,NE,Sioux,5.2950077
31167,NE,Stanton,5.2441821
31171,NE,Thomas,0
31175,NE,Valley,0
31177,NE,Washington,2.5623336
31181,NE,Webster,0
31183,NE,Wheeler,0
32003,NV,Clark,.12110876
32007,NV,Elko,.99792588
32009,NV,Esmeralda,0
32011,NV,Eureka,0
32021,NV,Mineral,0
32027,NV,Pershing,0
32029,NV,Storey,0
32031,NV,Washoe,1.0811491
32510,NV,Carson City,0
33005,NH,Cheshire,3.7518075
33011,NH,Hillsborough,3.0473797
33013,NH,Merrimack,4.5242095
33015,NH,Rockingham,1.8332175
33017,NH,Strafford,1.76531
33019,NH,Sullivan,3.6588473
34003,NJ,Bergen,.077173412
34005,NJ,Burlington,7.6945748
34011,NJ,Cumberland,57.154816
34015,NJ,Gloucester,19.805397
34017,NJ,Hudson,0
34023,NJ,Middlesex,1.6443579
34025,NJ,Monmouth,2.7246354
34029,NJ,Ocean,1.219445
34031,NJ,Passaic,.19984487
34033,NJ,Salem,100.9961
34035,NJ,Somerset,.70890915
34041,NJ,Warren,15.994347
35001,NM,Bernalillo,.24221782
35003,NM,Catron,2.1959922
35005,NM,Chaves,.7600401
35006,NM,Cibola,.91477919
35007,NM,Colfax,0
35013,NM,DoÃ±a Ana,23.215252
35017,NM,Grant,.71596605
35021,NM,Harding,0
35023,NM,Hidalgo,39.490181
35027,NM,Lincoln,0
35028,NM,Los Alamos,0
35029,NM,Luna,105.49266
35031,NM,McKinley,1.7054285
35033,NM,Mora,1.496366
35039,NM,Rio Arriba,7.7771702
35041,NM,Roosevelt,37.807278
35043,NM,Sandoval,1.7725651
35047,NM,San Miguel,.68898994
35049,NM,Santa Fe,1.6265053
35051,NM,Sierra,22.7311
35055,NM,Taos,2.7718551
35061,NM,Valencia,.80857611
36001,NY,Albany,2.2289741
36005,NY,Bronx,0
36009,NY,Cattaraugus,2.9099429
36011,NY,Cayuga,51.548592
36015,NY,Chemung,1.5905552
36017,NY,Chenango,5.213346
36019,NY,Clinton,6.1810584
36021,NY,Columbia,9.5122375
36025,NY,Delaware,4.6278687
36027,NY,Dutchess,3.3841288
36029,NY,Erie,3.1104994
36031,NY,Essex,5.1126051
36037,NY,Genesee,81.984467
36041,NY,Hamilton,3.3382015
36045,NY,Jefferson,2.2687378
36047,NY,Kings,.001554003
36049,NY,Lewis,2.7151978
36051,NY,Livingston,19.577919
36053,NY,Madison,10.069521
36055,NY,Monroe,6.8350363
36057,NY,Montgomery,6.9038873
36061,NY,New York,0
36065,NY,Oneida,3.816386
36067,NY,Onondaga,3.5488832
36069,NY,Ontario,19.458614
36071,NY,Orange,15.21552
36073,NY,Orleans,282.53549
36075,NY,Oswego,19.659132
36077,NY,Otsego,3.6230712
36083,NY,Rensselaer,9.2522993
36085,NY,Richmond,0
36089,NY,St. Lawrence,4.2008972
36091,NY,Saratoga,1.4964207
36095,NY,Schoharie,25.443546
36101,NY,Steuben,8.5171652
36103,NY,Suffolk,3.7906642
36105,NY,Sullivan,1.6243048
36107,NY,Tioga,4.9227839
36111,NY,Ulster,14.644823
36113,NY,Warren,.70313811
36115,NY,Washington,12.261862
36117,NY,Wayne,47.313931
36121,NY,Wyoming,14.087881
36123,NY,Yates,23.442759
37001,NC,Alamance,1.0531653
37007,NC,Anson,1.8616314
37009,NC,Ashe,9.7985048
37013,NC,Beaufort,2.9679837
37015,NC,Bertie,9.9567728
37021,NC,Buncombe,2.8741868
37023,NC,Burke,1.2445136
37027,NC,Caldwell,1.4160329
37033,NC,Caswell,5.0923529
37035,NC,Catawba,1.9029249
37037,NC,Chatham,1.8396887
37041,NC,Chowan,126.90976
37043,NC,Clay,14.905785
37047,NC,Columbus,46.02932
37053,NC,Currituck,4.8685088
37055,NC,Dare,0
37057,NC,Davidson,2.4768219
37061,NC,Duplin,67.203621
37065,NC,Edgecombe,21.458689
37067,NC,Forsyth,.65657312
37069,NC,Franklin,2.1108694
37075,NC,Graham,2.0677772
37083,NC,Halifax,11.385762
37085,NC,Harnett,12.557572
37087,NC,Haywood,7.5874858
37089,NC,Henderson,14.461376
37091,NC,Hertford,31.071941
37095,NC,Hyde,600.20929
37097,NC,Iredell,.82322729
37101,NC,Johnston,56.803883
37105,NC,Lee,1.3644403
37107,NC,Lenoir,19.884346
37109,NC,Lincoln,2.0642579
37111,NC,McDowell,.84502655
37113,NC,Macon,2.9849863
37115,NC,Madison,8.2383366
37119,NC,Mecklenburg,.083640702
37121,NC,Mitchell,2.9268293
37123,NC,Montgomery,10.487108
37127,NC,Nash,77.917168
37129,NC,New Hanover,.21986531
37131,NC,Northampton,3.5206308
37135,NC,Orange,1.1114178
37137,NC,Pamlico,.23018491
37139,NC,Pasquotank,55.260754
37141,NC,Pender,5.4016929
37147,NC,Pitt,.83851868
37151,NC,Randolph,2.3336239
37155,NC,Robeson,3.7085741
37157,NC,Rockingham,1.4452425
37161,NC,Rutherford,2.1576419
37163,NC,Sampson,225.48943
37165,NC,Scotland,.71944439
37169,NC,Stokes,5.6243453
37171,NC,Surry,4.2027092
37173,NC,Swain,1.8455423
37175,NC,Transylvania,8.0451012
37177,NC,Tyrrell,52.453468
37181,NC,Vance,2.3083923
37183,NC,Wake,1.1831077
37189,NC,Watauga,2.4975984
37191,NC,Wayne,19.684217
37193,NC,Wilkes,.89563018
37195,NC,Wilson,59.308456
37197,NC,Yadkin,.99698281
37199,NC,Yancey,6.3014479
38001,ND,Adams,0
38005,ND,Benson,.73877066
38011,ND,Bowman,0
38017,ND,Cass,.076186121
38019,ND,Cavalier,2.2831051
38021,ND,Dickey,13.907411
38023,ND,Divide,0
38033,ND,Golden Valley,0
38035,ND,Grand Forks,50.185352
38039,ND,Griggs,0
38041,ND,Hettinger,0
38047,ND,Logan,0
38051,ND,McIntosh,5.0779834
38055,ND,McLean,1.1737089
38059,ND,Morton,1.2837886
38061,ND,Mountrail,0
38063,ND,Nelson,0
38067,ND,Pembina,1301.4736
38069,ND,Pierce,0
38075,ND,Renville,0
38083,ND,Sheridan,0
38085,ND,Sioux,0
38087,ND,Slope,0
38089,ND,Stark,.18565965
38097,ND,Traill,116.92499
38099,ND,Walsh,902.43463
38103,ND,Wells,0
39001,OH,Adams,1.3049306
39005,OH,Ashland,4.3390059
39013,OH,Belmont,1.3641977
39015,OH,Brown,1.7567964
39025,OH,Clermont,.53201634
39029,OH,Columbiana,2.0480831
39033,OH,Crawford,.93399024
39039,OH,Defiance,.3090235
39041,OH,Delaware,.55761981
39043,OH,Erie,7.1536932
39045,OH,Fairfield,1.6611296
39047,OH,Fayette,.4854874
39049,OH,Franklin,.13108568
39051,OH,Fulton,5.4873886
39053,OH,Gallia,4.250073
39055,OH,Geauga,4.3149829
39057,OH,Greene,1.0462987
39059,OH,Guernsey,1.3810074
39061,OH,Hamilton,.19194432
39065,OH,Hardin,1.0430495
39069,OH,Henry,33.697861
39077,OH,Huron,69.319298
39079,OH,Jackson,3.6468623
39081,OH,Jefferson,.5267933
39083,OH,Knox,2.2366581
39085,OH,Lake,.88079602
39087,OH,Lawrence,1.5615442
39089,OH,Licking,1.4964794
39097,OH,Madison,2.8871453
39101,OH,Marion,.24156047
39103,OH,Medina,2.1880074
39107,OH,Mercer,1.0528636
39115,OH,Morgan,1.3369877
39117,OH,Morrow,3.4603066
39119,OH,Muskingum,1.9796677
39121,OH,Noble,1.0975442
39123,OH,Ottawa,27.625244
39125,OH,Paulding,.1556178
39137,OH,Putnam,1.989002
39143,OH,Sandusky,20.092863
39145,OH,Scioto,1.1067998
39149,OH,Shelby,.89567429
39151,OH,Stark,2.2598298
39153,OH,Summit,1.5743027
39155,OH,Trumbull,.75217336
39157,OH,Tuscarawas,.57296675
39161,OH,Van Wert,1.1491051
39163,OH,Vinton,.75557232
39165,OH,Warren,1.3134389
39171,OH,Williams,15.713639
39173,OH,Wood,5.1771584
39175,OH,Wyandot,.53102046
40001,OK,Adair,3.1449366
40003,OK,Alfalfa,0
40005,OK,Atoka,7.585516
40009,OK,Beckham,0
40013,OK,Bryan,.36831564
40017,OK,Canadian,.23661108
40021,OK,Cherokee,.52016145
40027,OK,Cleveland,.14269996
40029,OK,Coal,3.2170675
40033,OK,Cotton,3.5801466
40035,OK,Craig,2.7847586
40037,OK,Creek,.39511189
40041,OK,Delaware,1.6915158
40043,OK,Dewey,0
40049,OK,Garvin,4.2897997
40051,OK,Grady,3.0719941
40053,OK,Grant,0
40055,OK,Greer,0
40057,OK,Harmon,0
40059,OK,Harper,0
40061,OK,Haskell,0
40063,OK,Hughes,5.5100412
40067,OK,Jefferson,20.056854
40069,OK,Johnston,2.7319915
40071,OK,Kay,.17508918
40075,OK,Kiowa,0
40077,OK,Latimer,1.4619883
40081,OK,Lincoln,.40920117
40083,OK,Logan,.59530622
40087,OK,McClain,3.4282181
40089,OK,McCurtain,3.7019203
40091,OK,McIntosh,.7797271
40093,OK,Major,4.6942234
40095,OK,Marshall,.62849599
40103,OK,Noble,0
40107,OK,Okfuskee,12.851798
40111,OK,Okmulgee,1.3125678
40113,OK,Osage,.43738154
40115,OK,Ottawa,.12415034
40119,OK,Payne,.3821218
40121,OK,Pittsburg,.48772919
40123,OK,Pontotoc,.47323588
40125,OK,Pottawatomie,1.1176345
40127,OK,Pushmataha,.62355244
40129,OK,Roger Mills,0
40131,OK,Rogers,.28274146
40133,OK,Seminole,.27478999
40137,OK,Stephens,.17831668
40145,OK,Wagoner,1.3730038
40147,OK,Washington,0
40151,OK,Woods,0
40153,OK,Woodward,.67882079
41001,OR,Baker,1.6263214
41003,OR,Benton,3.1003807
41005,OR,Clackamas,6.3669014
41009,OR,Columbia,.62976128
41013,OR,Crook,.43581423
41015,OR,Curry,.67455143
41017,OR,Deschutes,.47604623
41019,OR,Douglas,3.5285223
41021,OR,Gilliam,0
41025,OR,Harney,.55225736
41029,OR,Jackson,1.8755816
41033,OR,Josephine,2.8143156
41035,OR,Klamath,66.939026
41037,OR,Lake,1.1554756
41039,OR,Lane,2.6705394
41041,OR,Lincoln,.43321925
41043,OR,Linn,17.565205
41045,OR,Malheur,246.50418
41047,OR,Marion,8.2983017
41049,OR,Morrow,544.11108
41051,OR,Multnomah,1.9297111
41053,OR,Polk,6.5936084
41055,OR,Sherman,0
41057,OR,Tillamook,1.4997238
41059,OR,Umatilla,141.54449
41067,OR,Washington,2.0951505
41071,OR,Yamhill,13.072998
42001,PA,Adams,4.3319025
42003,PA,Allegheny,.36071724
42005,PA,Armstrong,2.2815022
42009,PA,Bedford,2.9163966
42011,PA,Berks,2.7616827
42017,PA,Bucks,1.2935288
42019,PA,Butler,5.7695737
42027,PA,Centre,3.8822117
42031,PA,Clarion,9.9685469
42033,PA,Clearfield,.57670832
42037,PA,Columbia,20.745523
42039,PA,Crawford,4.5968881
42041,PA,Cumberland,4.3397007
42043,PA,Dauphin,2.1890187
42045,PA,Delaware,.069534957
42049,PA,Erie,2.1809049
42051,PA,Fayette,2.4872684
42053,PA,Forest,2.6106253
42055,PA,Franklin,7.5320873
42057,PA,Fulton,1.896762
42063,PA,Indiana,10.812771
42065,PA,Jefferson,1.4046509
42071,PA,Lancaster,9.4234161
42075,PA,Lebanon,5.6003189
42079,PA,Luzerne,2.7372291
42081,PA,Lycoming,3.7079973
42083,PA,McKean,.9480865
42085,PA,Mercer,4.6279507
42089,PA,Monroe,2.0524502
42091,PA,Montgomery,.36927211
42093,PA,Montour,7.0852938
42095,PA,Northampton,1.927896
42097,PA,Northumberland,11.669611
42101,PA,Philadelphia,.007094101
42103,PA,Pike,.21127877
42105,PA,Potter,27.183474
42107,PA,Schuylkill,10.108828
42109,PA,Snyder,23.796959
42111,PA,Somerset,3.3293173
42113,PA,Sullivan,6.5086007
42115,PA,Susquehanna,3.6696818
42117,PA,Tioga,1.877009
42119,PA,Union,5.162291
42121,PA,Venango,.79262674
42125,PA,Washington,2.4611871
42127,PA,Wayne,3.8685467
42129,PA,Westmoreland,1.4232544
42131,PA,Wyoming,10.684815
42133,PA,York,2.6768198
44009,RI,Washington,3.9624047
45003,SC,Aiken,1.7394074
45011,SC,Barnwell,59.177174
45013,SC,Beaufort,13.538855
45015,SC,Berkeley,.69650376
45017,SC,Calhoun,2.0776088
45019,SC,Charleston,1.8130976
45023,SC,Chester,4.5927739
45027,SC,Clarendon,22.276722
45031,SC,Darlington,1.8929666
45033,SC,Dillon,1.9355862
45037,SC,Edgefield,10.667376
45039,SC,Fairfield,.64452368
45043,SC,Georgetown,.46485373
45045,SC,Greenville,1.7501768
45049,SC,Hampton,31.794277
45057,SC,Lancaster,1.0231278
45059,SC,Laurens,2.1284626
45073,SC,Oconee,3.6053181
45079,SC,Richland,.4268412
45083,SC,Spartanburg,1.2236847
45087,SC,Union,1.2401233
45089,SC,Williamsburg,7.0791197
45091,SC,York,.97204101
46003,SD,Aurora,0
46007,SD,Bennett,0
46015,SD,Brule,0
46017,SD,Buffalo,0
46029,SD,Codington,.83339375
46031,SD,Corson,0
46037,SD,Day,.88825727
46039,SD,Deuel,1.3723696
46041,SD,Dewey,0
46043,SD,Douglas,0
46045,SD,Edmunds,.24838549
46055,SD,Haakon,0
46057,SD,Hamlin,0
46059,SD,Hand,0
46063,SD,Harding,0
46065,SD,Hughes,4.7031832
46067,SD,Hutchinson,5.1253638
46069,SD,Hyde,0
46071,SD,Jackson,0
46073,SD,Jerauld,0
46075,SD,Jones,0
46077,SD,Kingsbury,.57372344
46079,SD,Lake,.50727087
46083,SD,Lincoln,.47584566
46085,SD,Lyman,2.3822129
46089,SD,McPherson,0
46091,SD,Marshall,4.7179928
46097,SD,Miner,4.314064
46103,SD,Pennington,.1147425
46105,SD,Perkins,0
46107,SD,Potter,0
46111,SD,Sanborn,58.0895
46117,SD,Stanley,0
46119,SD,Sully,0
46121,SD,Todd,0
46123,SD,Tripp,0
46127,SD,Union,.33654171
46129,SD,Walworth,0
46135,SD,Yankton,0
46137,SD,Ziebach,0
47001,TN,Anderson,.2521432
47003,TN,Bedford,.46330002
47005,TN,Benton,1.2225686
47009,TN,Blount,1.7903515
47011,TN,Bradley,1.2744265
47013,TN,Campbell,.56875789
47015,TN,Cannon,.8665511
47017,TN,Carroll,.38450783
47019,TN,Carter,1.237969
47021,TN,Cheatham,.56040961
47023,TN,Chester,1.9755956
47025,TN,Claiborne,1.2924377
47029,TN,Cocke,22.643318
47031,TN,Coffee,.63999999
47035,TN,Cumberland,121.12607
47037,TN,Davidson,.19866998
47039,TN,Decatur,1.5440041
47041,TN,DeKalb,1.3225414
47043,TN,Dickson,.75768149
47045,TN,Dyer,2.5368099
47051,TN,Franklin,.95684391
47053,TN,Gibson,1.1276001
47055,TN,Giles,.76056141
47057,TN,Grainger,22.445103
47059,TN,Greene,7.1238146
47061,TN,Grundy,5.1364837
47065,TN,Hamilton,.27765566
47067,TN,Hancock,3.7447574
47069,TN,Hardeman,6.7111564
47071,TN,Hardin,.53817177
47073,TN,Hawkins,1.9091729
47075,TN,Haywood,1.8625034
47077,TN,Henderson,2.6404996
47079,TN,Henry,1.2981795
47081,TN,Hickman,1.2840693
47083,TN,Houston,2.7315915
47087,TN,Jackson,1.1303365
47089,TN,Jefferson,2.103693
47091,TN,Johnson,1.9864261
47093,TN,Knox,.086148851
47095,TN,Lake,0
47099,TN,Lawrence,11.149594
47103,TN,Lincoln,17.883844
47105,TN,Loudon,.2611858
47107,TN,McMinn,1.7350849
47109,TN,McNairy,1.719789
47111,TN,Macon,.62197345
47113,TN,Madison,.4872849
47117,TN,Marshall,.90497738
47119,TN,Maury,.41462404
47123,TN,Monroe,1.0630523
47125,TN,Montgomery,.28600568
47129,TN,Morgan,1.5492573
47131,TN,Obion,.31891823
47133,TN,Overton,8.0601587
47135,TN,Perry,1.0204082
47137,TN,Pickett,1.9712201
47139,TN,Polk,3.675806
47141,TN,Putnam,.70903611
47143,TN,Rhea,37.410965
47145,TN,Roane,1.2342908
47147,TN,Robertson,2.1589205
47149,TN,Rutherford,.30983564
47151,TN,Scott,.31592724
47155,TN,Sevier,.62746114
47157,TN,Shelby,.080879286
47159,TN,Smith,2.4573879
47161,TN,Stewart,1.1250281
47163,TN,Sullivan,.18514262
47165,TN,Sumner,.22264612
47167,TN,Tipton,2.3516438
47173,TN,Union,1.6220176
47177,TN,Warren,2.4135764
47179,TN,Washington,6.716352
47181,TN,Wayne,1.0595715
47183,TN,Weakley,2.6164463
47185,TN,White,.80502951
47187,TN,Williamson,.9481374
47189,TN,Wilson,.95713061
48001,TX,Anderson,7.79176
48003,TX,Andrews,0
48005,TX,Angelina,1.6776417
48007,TX,Aransas,0
48009,TX,Archer,0
48011,TX,Armstrong,0
48015,TX,Austin,1.1904762
48017,TX,Bailey,108.18385
48019,TX,Bandera,.53356618
48021,TX,Bastrop,1.0816441
48023,TX,Baylor,0
48025,TX,Bee,.27743527
48027,TX,Bell,.14546759
48031,TX,Blanco,2.8243268
48033,TX,Borden,0
48035,TX,Bosque,.16561775
48039,TX,Brazoria,3.2203093
48041,TX,Brazos,.24460007
48053,TX,Burnet,2.0647886
48055,TX,Caldwell,2.2474232
48059,TX,Callahan,1.5533693
48061,TX,Cameron,6.3777566
48063,TX,Camp,3.4507663
48065,TX,Carson,0
48067,TX,Cass,2.7829313
48069,TX,Castro,41.371735
48073,TX,Cherokee,8.0049982
48075,TX,Childress,0
48077,TX,Clay,13.406865
48087,TX,Collingsworth,0
48089,TX,Colorado,.096655712
48091,TX,Comal,.034803491
48093,TX,Comanche,39.557076
48095,TX,Concho,0
48097,TX,Cooke,1.3921114
48099,TX,Coryell,3.2396564
48103,TX,Crane,0
48105,TX,Crockett,0
48107,TX,Crosby,0
48111,TX,Dallam,161.10555
48113,TX,Dallas,.020761719
48115,TX,Dawson,0
48117,TX,Deaf Smith,0
48119,TX,Delta,4.7187619
48123,TX,DeWitt,.78220487
48125,TX,Dickens,0
48129,TX,Donley,6.2893081
48133,TX,Eastland,2.9331884
48135,TX,Ector,.041507553
48137,TX,Edwards,0
48139,TX,Ellis,.46170154
48143,TX,Erath,.35469976
48145,TX,Falls,27.037773
48147,TX,Fannin,.94978034
48149,TX,Fayette,1.496461
48153,TX,Floyd,46.504322
48155,TX,Foard,0
48157,TX,Fort Bend,.13241695
48159,TX,Franklin,3.2938077
48163,TX,Frio,375.14017
48167,TX,Galveston,.12276249
48169,TX,Garza,0
48173,TX,Glasscock,328.29889
48175,TX,Goliad,.81766146
48177,TX,Gonzales,1.1536918
48179,TX,Gray,0
48181,TX,Grayson,.17269595
48187,TX,Guadalupe,.93750226
48189,TX,Hale,28.407057
48191,TX,Hall,0
48199,TX,Hardin,.30851874
48203,TX,Harrison,2.2171946
48207,TX,Haskell,0
48209,TX,Hays,.17203434
48211,TX,Hemphill,0
48213,TX,Henderson,2.3938293
48215,TX,Hidalgo,38.26556
48217,TX,Hill,.76953769
48221,TX,Hood,.30681318
48225,TX,Houston,41.972855
48233,TX,Hutchinson,0
48237,TX,Jack,0
48239,TX,Jackson,0
48241,TX,Jasper,2.2875636
48243,TX,Jeff Davis,0
48245,TX,Jefferson,.13922369
48247,TX,Jim Hogg,0
48249,TX,Jim Wells,48.607777
48251,TX,Johnson,.46937951
48253,TX,Jones,1.1582234
48257,TX,Kaufman,.17811109
48259,TX,Kendall,.30784732
48261,TX,Kenedy,0
48263,TX,Kent,0
48267,TX,Kimble,0
48269,TX,King,0
48275,TX,Knox,0
48277,TX,Lamar,.56258792
48279,TX,Lamb,97.729233
48281,TX,Lampasas,.64621961
48283,TX,La Salle,87.620918
48285,TX,Lavaca,4.6784229
48287,TX,Lee,3.1423738
48289,TX,Leon,.95590872
48291,TX,Liberty,.20922965
48293,TX,Limestone,5.2914534
48295,TX,Lipscomb,0
48301,TX,Loving,0
48303,TX,Lubbock,1.6532797
48305,TX,Lynn,0
48309,TX,McLennan,.66411602
48311,TX,McMullen,0
48313,TX,Madison,30.380301
48321,TX,Matagorda,.46506539
48323,TX,Maverick,1.1637691
48325,TX,Medina,33.482811
48331,TX,Milam,4.0177279
48333,TX,Mills,1.2409514
48335,TX,Mitchell,0
48337,TX,Montague,1.2802786
48339,TX,Montgomery,.13195768
48341,TX,Moore,0
48343,TX,Morris,1.8053375
48345,TX,Motley,0
48347,TX,Nacogdoches,1.2753747
48349,TX,Navarro,2.9321854
48351,TX,Newton,1.88508
48355,TX,Nueces,.074728534
48359,TX,Oldham,0
48361,TX,Orange,.26519123
48363,TX,Palo Pinto,1.3659238
48365,TX,Panola,3.0815358
48367,TX,Parker,1.1436681
48369,TX,Parmer,185.7579
48373,TX,Polk,.85149121
48379,TX,Rains,18.733437
48381,TX,Randall,.048031125
48383,TX,Reagan,0
48385,TX,Real,0
48387,TX,Red River,1.6517226
48393,TX,Roberts,0
48395,TX,Robertson,2.7955029
48401,TX,Rusk,5.6654592
48403,TX,Sabine,.66896027
48405,TX,San Augustine,1.0180995
48407,TX,San Jacinto,.59252673
48409,TX,San Patricio,.29076886
48411,TX,San Saba,5.5156274
48417,TX,Shackelford,0
48423,TX,Smith,3.3102729
48425,TX,Somervell,.69881201
48427,TX,Starr,13.849701
48431,TX,Sterling,0
48433,TX,Stonewall,0
48435,TX,Sutton,0
48439,TX,Tarrant,.014875118
48443,TX,Terrell,0
48445,TX,Terry,186.14066
48447,TX,Throckmorton,0
48449,TX,Titus,.30645704
48451,TX,Tom Green,.088111162
48453,TX,Travis,.19696151
48455,TX,Trinity,2.6538167
48457,TX,Tyler,2.4242425
48459,TX,Upshur,1.30179
48463,TX,Uvalde,166.46126
48465,TX,Val Verde,0
48467,TX,Van Zandt,24.071278
48469,TX,Victoria,.97434235
48471,TX,Walker,3.2702162
48475,TX,Ward,0
48477,TX,Washington,1.1511216
48479,TX,Webb,0
48481,TX,Wharton,4.1797285
48487,TX,Wilbarger,0
48489,TX,Willacy,43.942135
48491,TX,Williamson,.21469148
48493,TX,Wilson,21.462317
48495,TX,Winkler,0
48497,TX,Wise,5.6428928
48499,TX,Wood,10.326739
48501,TX,Yoakum,385.17044
48503,TX,Young,0
48507,TX,Zavala,233.44218
49001,UT,Beaver,0
49003,UT,Box Elder,13.866783
49005,UT,Cache,.81919152
49007,UT,Carbon,.18821758
49009,UT,Daggett,0
49015,UT,Emery,16.022707
49021,UT,Iron,.363792
49023,UT,Juab,0
49027,UT,Millard,.23954009
49029,UT,Morgan,.50942433
49031,UT,Piute,1.9633508
49033,UT,Rich,0
49035,UT,Salt Lake,.3512578
49037,UT,San Juan,5.2938418
49043,UT,Summit,.237323
49045,UT,Tooele,.88534009
49047,UT,Uintah,1.0667435
49049,UT,Utah,1.3219774
49053,UT,Washington,.39419904
49057,UT,Weber,2.2568021
50001,VT,Addison,6.3225875
50003,VT,Bennington,3.4619999
50009,VT,Essex,2.8924956
50011,VT,Franklin,2.5079799
50017,VT,Orange,14.19493
50019,VT,Orleans,5.4843936
50021,VT,Rutland,5.2860541
50025,VT,Windham,16.385618
50027,VT,Windsor,4.7125354
51001,VA,Accomack,86.990456
51013,VA,Arlington,0
51015,VA,Augusta,2.2624741
51017,VA,Bath,.64669108
51025,VA,Brunswick,1.6427104
51029,VA,Buckingham,.52782828
51031,VA,Campbell,.74697566
51033,VA,Caroline,8.1435471
51035,VA,Carroll,60.224464
51036,VA,Charles City,2.5111606
51037,VA,Charlotte,15.727075
51051,VA,Dickenson,.19144863
51057,VA,Essex,1.6127588
51059,VA,Fairfax,.0080253603
51061,VA,Fauquier,2.069524
51067,VA,Franklin,.95841545
51069,VA,Frederick,.49864742
51071,VA,Giles,1.1190294
51073,VA,Gloucester,.21660845
51077,VA,Grayson,1.6420361
51079,VA,Greene,1.2203534
51081,VA,Greensville,2.555584
51085,VA,Hanover,7.9058466
51087,VA,Henrico,.20892556
51089,VA,Henry,.47252727
51091,VA,Highland,7.1047959
51093,VA,Isle of Wight,.7623027
51095,VA,James City,.93801862
51099,VA,King George,13.695847
51109,VA,Louisa,2.0288212
51111,VA,Lunenburg,.95094699
51113,VA,Madison,4.7828727
51117,VA,Mecklenburg,.69328457
51121,VA,Montgomery,.83602428
51125,VA,Nelson,30.42569
51131,VA,Northampton,308.27808
51135,VA,Nottoway,1.1413354
51143,VA,Pittsylvania,3.5842862
51145,VA,Powhatan,1.1009696
51147,VA,Prince Edward,.12943867
51153,VA,Prince William,.15789975
51165,VA,Rockingham,4.6395016
51167,VA,Russell,.63346821
51169,VA,Scott,4.9144363
51171,VA,Shenandoah,2.135649
51173,VA,Smyth,.72161388
51177,VA,Spotsylvania,.49136543
51179,VA,Stafford,.12646927
51183,VA,Sussex,.83780164
51185,VA,Tazewell,.88141567
51191,VA,Washington,1.7982018
51195,VA,Wise,.24456455
51197,VA,Wythe,6.2463732
51199,VA,York,.42495069
51550,VA,Chesapeake,.34614053
51650,VA,Hampton,0
51700,VA,Newport News,0
53001,WA,Adams,324.49109
53003,WA,Asotin,2.6967731
53005,WA,Benton,60.986568
53007,WA,Chelan,.44773081
53011,WA,Clark,.73417407
53013,WA,Columbia,1.0015023
53015,WA,Cowlitz,1.2372348
53017,WA,Douglas,.27958518
53021,WA,Franklin,161.84917
53025,WA,Grant,179.42111
53027,WA,Grays Harbor,2.5229294
53031,WA,Jefferson,1.7101469
53033,WA,King,.50019908
53037,WA,Kittitas,6.5109797
53039,WA,Klickitat,3.0034394
53041,WA,Lewis,4.49789
53053,WA,Pierce,1.6256418
53055,WA,San Juan,4.4286981
53057,WA,Skagit,115.47716
53059,WA,Skamania,.7171672
53065,WA,Stevens,2.8002846
53067,WA,Thurston,.84222561
53071,WA,Walla Walla,19.971397
53073,WA,Whatcom,15.290714
53075,WA,Whitman,.23585412
53077,WA,Yakima,26.024534
54001,WV,Barbour,.77101004
54011,WV,Cabell,.44374728
54013,WV,Calhoun,2.1058173
54017,WV,Doddridge,2.683254
54019,WV,Fayette,.6099686
54025,WV,Greenbrier,2.2029502
54027,WV,Hampshire,6.8846087
54035,WV,Jackson,1.8426889
54037,WV,Jefferson,3.3551509
54041,WV,Lewis,2.737726
54045,WV,Logan,0
54049,WV,Marion,.35225531
54051,WV,Marshall,.91768378
54059,WV,Mingo,0
54063,WV,Monroe,5.7747836
54065,WV,Morgan,3.2091691
54067,WV,Nicholas,1.1435542
54073,WV,Pleasants,1.9742037
54077,WV,Preston,5.1926594
54079,WV,Putnam,1.8741822
54081,WV,Raleigh,.18973172
54083,WV,Randolph,.88378257
54089,WV,Summers,1.7430459
54091,WV,Taylor,.17651212
54093,WV,Tucker,1.7278618
54095,WV,Tyler,3.4333813
54097,WV,Upshur,2.123836
54105,WV,Wirt,0
54107,WV,Wood,.25408852
55001,WI,Adams,29.285645
55003,WI,Ashland,.81725025
55007,WI,Bayfield,2.3188021
55013,WI,Burnett,2.3432922
55015,WI,Calumet,1.5685328
55019,WI,Clark,6.7608738
55021,WI,Columbia,6.1481218
55023,WI,Crawford,3.9296293
55025,WI,Dane,1.1398071
55027,WI,Dodge,7.3848238
55029,WI,Door,5.3450828
55031,WI,Douglas,.11410575
55033,WI,Dunn,14.612828
55037,WI,Florence,0
55039,WI,Fond du Lac,1.8162897
55043,WI,Grant,2.1763425
55045,WI,Green,1.3824511
55047,WI,Green Lake,30.458715
55051,WI,Iron,1.009761
55061,WI,Kewaunee,2.8160808
55065,WI,Lafayette,1.4244169
55067,WI,Langlade,287.14075
55069,WI,Lincoln,.63191152
55071,WI,Manitowoc,3.3643796
55073,WI,Marathon,8.6384907
55077,WI,Marquette,123.13876
55078,WI,Menominee,0
55079,WI,Milwaukee,.22511604
55083,WI,Oconto,12.471292
55087,WI,Outagamie,.88870007
55089,WI,Ozaukee,4.4675159
55093,WI,Pierce,3.6647155
55095,WI,Polk,2.4570589
55097,WI,Portage,213.90071
55099,WI,Price,.3603344
55105,WI,Rock,2.7512977
55107,WI,Rusk,.55885434
55109,WI,St. Croix,1.0436945
55111,WI,Sauk,3.9822795
55113,WI,Sawyer,.42293516
55115,WI,Shawano,.86507267
55117,WI,Sheboygan,2.1302495
55119,WI,Taylor,1.1717033
55121,WI,Trempealeau,4.0517535
55123,WI,Vernon,20.258863
55127,WI,Walworth,6.1035371
55129,WI,Washburn,8.4644051
55131,WI,Washington,1.0101848
55135,WI,Waupaca,9.1861248
55137,WI,Waushara,33.082829
55139,WI,Winnebago,.21337506
55141,WI,Wood,.99483758
56003,WY,Big Horn,.25456089
56005,WY,Campbell,0
56019,WY,Johnson,0
56025,WY,Natrona,.063533209
56029,WY,Park,.2078786
56037,WY,Sweetwater,0
56039,WY,Teton,0
56041,WY,Uinta,0
56045,WY,Weston,0
