CountyFIPS,state,county,veg_acres12
01001,AL,Autauga,1230
01003,AL,Baldwin,1958
01005,AL,Barbour,41
01007,AL,Bibb,14
01009,AL,Blount,677
01011,AL,Bullock,70
01013,AL,Butler,105
01015,AL,Calhoun,26
01017,AL,Chambers,51
01021,AL,Chilton,463
01023,AL,Choctaw,59
01025,AL,Clarke,71
01027,AL,Clay,23
01029,AL,Cleburne,27
01031,AL,Coffee,81
01033,AL,Colbert,58
01035,AL,Conecuh,90
01039,AL,Covington,55
01041,AL,Crenshaw,42
01043,AL,Cullman,1094
01047,AL,Dallas,416
01049,AL,DeKalb,799
01051,AL,Elmore,149
01053,AL,Escambia,38
01055,AL,Etowah,224
01057,AL,Fayette,92
01059,AL,Franklin,51
01061,AL,Geneva,528
01063,AL,Greene,64
01065,AL,Hale,118
01067,AL,Henry,17
01069,AL,Houston,3950
01071,AL,Jackson,423
01073,AL,Jefferson,59
01075,AL,Lamar,34
01077,AL,Lauderdale,96
01079,AL,Lawrence,76
01081,AL,Lee,18
01083,AL,Limestone,81
01085,AL,Lowndes,60
01087,AL,Macon,73
01089,AL,Madison,100
01091,AL,Marengo,84
01093,AL,Marion,38
01095,AL,Marshall,55
01097,AL,Mobile,333
01099,AL,Monroe,30
01101,AL,Montgomery,74
01103,AL,Morgan,108
01105,AL,Perry,80
01107,AL,Pickens,87
01109,AL,Pike,8
01111,AL,Randolph,62
01113,AL,Russell,75
01115,AL,St. Clair,491
01117,AL,Shelby,33
01119,AL,Sumter,76
01121,AL,Talladega,24
01123,AL,Tallapoosa,19
01125,AL,Tuscaloosa,140
01129,AL,Washington,46
01131,AL,Wilcox,92
01133,AL,Winston,27
02020,AK,Anchorage,741
02090,AK,Fairbanks North Star,261
02110,AK,Juneau,10
02122,AK,Kenai Peninsula,36
04001,AZ,Apache,2207
04003,AZ,Cochise,1068
04005,AZ,Coconino,420
04009,AZ,Graham,510
04011,AZ,Greenlee,0
04013,AZ,Maricopa,12623
04015,AZ,Mohave,23
04017,AZ,Navajo,889
04019,AZ,Pima,472
04021,AZ,Pinal,8593
04023,AZ,Santa Cruz,12
04025,AZ,Yavapai,203
04027,AZ,Yuma,100294
05003,AR,Ashley,444
05007,AR,Benton,581
05009,AR,Boone,8
05011,AR,Bradley,1038
05013,AR,Calhoun,13
05015,AR,Carroll,19
05019,AR,Clark,12
05023,AR,Cleburne,27
05025,AR,Cleveland,2
05029,AR,Conway,2
05031,AR,Craighead,61
05033,AR,Crawford,72
05035,AR,Crittenden,10
05043,AR,Drew,94
05045,AR,Faulkner,37
05049,AR,Fulton,16
05053,AR,Grant,7
05055,AR,Greene,3
05057,AR,Hempstead,55
05059,AR,Hot Spring,30
05061,AR,Howard,5
05063,AR,Independence,34
05065,AR,Izard,30
05067,AR,Jackson,1251
05069,AR,Jefferson,45
05071,AR,Johnson,27
05073,AR,Lafayette,91
05081,AR,Little River,64
05083,AR,Logan,14
05085,AR,Lonoke,653
05087,AR,Madison,28
05089,AR,Marion,4
05091,AR,Miller,59
05093,AR,Mississippi,286
05095,AR,Monroe,0
05099,AR,Nevada,101
05101,AR,Newton,6
05105,AR,Perry,6
05107,AR,Phillips,28
05111,AR,Poinsett,3
05113,AR,Polk,24
05115,AR,Pope,6
05119,AR,Pulaski,1360
05121,AR,Randolph,8
05123,AR,St. Francis,233
05125,AR,Saline,44
05129,AR,Searcy,4
05131,AR,Sebastian,9
05135,AR,Sharp,49
05139,AR,Union,49
05141,AR,Van Buren,14
05143,AR,Washington,291
05145,AR,White,103
06001,CA,Alameda,116
06003,CA,Alpine,0
06005,CA,Amador,33
06007,CA,Butte,566
06009,CA,Calaveras,57
06011,CA,Colusa,14773
06013,CA,Contra Costa,5254
06015,CA,Del Norte,54
06017,CA,El Dorado,229
06019,CA,Fresno,176589
06021,CA,Glenn,3403
06023,CA,Humboldt,598
06025,CA,Imperial,126153
06029,CA,Kern,88634
06031,CA,Kings,27267
06033,CA,Lake,108
06035,CA,Lassen,630
06037,CA,Los Angeles,17447
06039,CA,Madera,6913
06041,CA,Marin,230
06043,CA,Mariposa,1
06045,CA,Mendocino,369
06047,CA,Merced,59815
06049,CA,Modoc,4386
06053,CA,Monterey,261546
06055,CA,Napa,72
06057,CA,Nevada,212
06059,CA,Orange,1548
06061,CA,Placer,185
06065,CA,Riverside,36314
06067,CA,Sacramento,3720
06069,CA,San Benito,10461
06071,CA,San Bernardino,1032
06073,CA,San Diego,1968
06075,CA,San Francisco,0
06077,CA,San Joaquin,57903
06079,CA,San Luis Obispo,25441
06081,CA,San Mateo,1312
06083,CA,Santa Barbara,64393
06085,CA,Santa Clara,11234
06087,CA,Santa Cruz,17898
06089,CA,Shasta,134
06091,CA,Sierra,0
06093,CA,Siskiyou,9129
06095,CA,Solano,13277
06097,CA,Sonoma,1121
06099,CA,Stanislaus,19050
06101,CA,Sutter,18934
06103,CA,Tehama,83
06105,CA,Trinity,67
06107,CA,Tulare,3611
06111,CA,Ventura,35714
06113,CA,Yolo,45059
06115,CA,Yuba,86
08001,CO,Adams,108
08003,CO,Alamosa,15284
08005,CO,Arapahoe,11
08007,CO,Archuleta,5
08009,CO,Baca,0
08013,CO,Boulder,808
08017,CO,Cheyenne,0
08019,CO,Clear Creek,0
08023,CO,Costilla,4683
08025,CO,Crowley,106
08027,CO,Custer,0
08029,CO,Delta,994
08033,CO,Dolores,11
08035,CO,Douglas,14
08039,CO,Elbert,5
08041,CO,El Paso,17
08043,CO,Fremont,45
08045,CO,Garfield,9
08047,CO,Gilpin,0
08049,CO,Grand,0
08051,CO,Gunnison,0
08053,CO,Hinsdale,0
08057,CO,Jackson,0
08059,CO,Jefferson,27
08061,CO,Kiowa,0
08063,CO,Kit Carson,1
08065,CO,Lake,0
08067,CO,La Plata,23
08069,CO,Larimer,1392
08071,CO,Las Animas,5
08073,CO,Lincoln,0
08075,CO,Logan,5
08077,CO,Mesa,550
08079,CO,Mineral,0
08081,CO,Moffat,8
08083,CO,Montezuma,63
08085,CO,Montrose,3170
08087,CO,Morgan,307
08089,CO,Otero,2017
08091,CO,Ouray,2
08093,CO,Park,0
08099,CO,Prowers,1510
08101,CO,Pueblo,1323
08105,CO,Rio Grande,18648
08107,CO,Routt,27
08109,CO,Saguache,16974
08111,CO,San Juan,0
08113,CO,San Miguel,3
08117,CO,Summit,0
08119,CO,Teller,3
08121,CO,Washington,0
08123,CO,Weld,9955
08125,CO,Yuma,3925
09001,CT,Fairfield,302
09003,CT,Hartford,4353
09005,CT,Litchfield,894
09007,CT,Middlesex,351
09009,CT,New Haven,1625
09011,CT,New London,432
09013,CT,Tolland,988
09015,CT,Windham,349
10001,DE,Kent,16962
10003,DE,New Castle,767
10005,DE,Sussex,22954
12001,FL,Alachua,2924
12003,FL,Baker,233
12005,FL,Bay,4
12007,FL,Bradford,76
12013,FL,Calhoun,222
12015,FL,Charlotte,3442
12019,FL,Clay,26
12021,FL,Collier,13881
12023,FL,Columbia,541
12027,FL,DeSoto,1205
12031,FL,Duval,18
12033,FL,Escambia,386
12035,FL,Flagler,2528
12037,FL,Franklin,0
12039,FL,Gadsden,871
12041,FL,Gilchrist,2685
12047,FL,Hamilton,2971
12049,FL,Hardee,1095
12051,FL,Hendry,11234
12053,FL,Hernando,54
12057,FL,Hillsborough,14686
12059,FL,Holmes,127
12063,FL,Jackson,3722
12065,FL,Jefferson,213
12067,FL,Lafayette,697
12069,FL,Lake,3485
12071,FL,Lee,4952
12073,FL,Leon,46
12075,FL,Levy,1312
12077,FL,Liberty,0
12079,FL,Madison,206
12081,FL,Manatee,34672
12083,FL,Marion,1670
12085,FL,Martin,973
12086,FL,Miami-Dade,29703
12087,FL,Monroe,0
12089,FL,Nassau,51
12091,FL,Okaloosa,78
12093,FL,Okeechobee,3704
12095,FL,Orange,46
12099,FL,Palm Beach,60762
12101,FL,Pasco,111
12105,FL,Polk,1158
12107,FL,Putnam,5188
12109,FL,St. Johns,18310
12111,FL,St. Lucie,21
12113,FL,Santa Rosa,142
12117,FL,Seminole,43
12119,FL,Sumter,387
12121,FL,Suwannee,11243
12123,FL,Taylor,13
12125,FL,Union,213
12127,FL,Volusia,651
12129,FL,Wakulla,52
12131,FL,Walton,93
12133,FL,Washington,61
13001,GA,Appling,106
13003,GA,Atkinson,37
13005,GA,Bacon,34
13007,GA,Baker,17
13009,GA,Baldwin,4
13011,GA,Banks,13
13013,GA,Barrow,6
13015,GA,Bartow,22
13017,GA,Ben Hill,173
13019,GA,Berrien,1815
13025,GA,Brantley,14
13027,GA,Brooks,4447
13029,GA,Bryan,23
13031,GA,Bulloch,677
13033,GA,Burke,53
13035,GA,Butts,17
13037,GA,Calhoun,95
13039,GA,Camden,5
13045,GA,Carroll,61
13047,GA,Catoosa,94
13053,GA,Chattahoochee,0
13055,GA,Chattooga,25
13057,GA,Cherokee,148
13059,GA,Clarke,8
13063,GA,Clayton,0
13067,GA,Cobb,20
13069,GA,Coffee,77
13071,GA,Colquitt,14205
13073,GA,Columbia,11
13075,GA,Cook,3459
13077,GA,Coweta,34
13079,GA,Crawford,28
13081,GA,Crisp,2901
13083,GA,Dade,5
13087,GA,Decatur,18804
13089,GA,DeKalb,6
13091,GA,Dodge,582
13093,GA,Dooly,127
13095,GA,Dougherty,6
13097,GA,Douglas,6
13101,GA,Echols,757
13103,GA,Effingham,37
13105,GA,Elbert,22
13107,GA,Emanuel,41
13111,GA,Fannin,37
13113,GA,Fayette,39
13115,GA,Floyd,98
13117,GA,Forsyth,38
13119,GA,Franklin,31
13121,GA,Fulton,45
13123,GA,Gilmer,15
13125,GA,Glascock,179
13127,GA,Glynn,4
13129,GA,Gordon,98
13131,GA,Grady,2025
13133,GA,Greene,17
13135,GA,Gwinnett,28
13137,GA,Habersham,41
13139,GA,Hall,77
13141,GA,Hancock,36
13143,GA,Haralson,13
13145,GA,Harris,55
13147,GA,Hart,101
13149,GA,Heard,20
13151,GA,Henry,75
13153,GA,Houston,31
13155,GA,Irwin,223
13157,GA,Jackson,111
13159,GA,Jasper,5
13161,GA,Jeff Davis,105
13163,GA,Jefferson,289
13165,GA,Jenkins,16
13167,GA,Johnson,18
13169,GA,Jones,12
13171,GA,Lamar,4
13173,GA,Lanier,3
13175,GA,Laurens,89
13185,GA,Lowndes,652
13187,GA,Lumpkin,18
13189,GA,McDuffie,7
13191,GA,McIntosh,6
13193,GA,Macon,661
13195,GA,Madison,47
13197,GA,Marion,348
13199,GA,Meriwether,5
13205,GA,Mitchell,5273
13207,GA,Monroe,5
13209,GA,Montgomery,764
13211,GA,Morgan,8
13213,GA,Murray,100
13215,GA,Muscogee,0
13217,GA,Newton,51
13219,GA,Oconee,39
13221,GA,Oglethorpe,38
13223,GA,Paulding,8
13227,GA,Pickens,51
13229,GA,Pierce,60
13231,GA,Pike,24
13233,GA,Polk,38
13235,GA,Pulaski,1958
13237,GA,Putnam,0
13239,GA,Quitman,0
13243,GA,Randolph,0
13245,GA,Richmond,19
13247,GA,Rockdale,11
13251,GA,Screven,56
13253,GA,Seminole,1422
13255,GA,Spalding,24
13257,GA,Stephens,3
13259,GA,Stewart,0
13261,GA,Sumter,3748
13265,GA,Taliaferro,5
13267,GA,Tattnall,7939
13269,GA,Taylor,44
13271,GA,Telfair,88
13273,GA,Terrell,111
13275,GA,Thomas,104
13277,GA,Tift,4955
13279,GA,Toombs,5994
13281,GA,Towns,4
13283,GA,Treutlen,24
13285,GA,Troup,8
13287,GA,Turner,893
13289,GA,Twiggs,17
13291,GA,Union,266
13293,GA,Upson,14
13295,GA,Walker,21
13297,GA,Walton,102
13301,GA,Warren,25
13303,GA,Washington,86
13307,GA,Webster,28
13311,GA,White,32
13313,GA,Whitfield,20
13315,GA,Wilcox,1878
13317,GA,Wilkes,81
13319,GA,Wilkinson,33
13321,GA,Worth,2795
15001,HI,Hawaii,1662
15003,HI,Honolulu,5242
15007,HI,Kauai,178
15009,HI,Maui,1798
16001,ID,Ada,926
16003,ID,Adams,1
16005,ID,Bannock,7767
16009,ID,Benewah,12
16011,ID,Bingham,77308
16017,ID,Bonner,31
16019,ID,Bonneville,23796
16021,ID,Boundary,16
16023,ID,Butte,595
16025,ID,Camas,9
16027,ID,Canyon,15364
16029,ID,Caribou,9438
16031,ID,Cassia,26407
16039,ID,Elmore,7842
16043,ID,Fremont,30875
16047,ID,Gooding,7851
16049,ID,Idaho,7
16051,ID,Jefferson,21515
16053,ID,Jerome,10310
16055,ID,Kootenai,151
16057,ID,Latah,21
16059,ID,Lemhi,17
16061,ID,Lewis,0
16063,ID,Lincoln,255
16065,ID,Madison,30673
16067,ID,Minidoka,31685
16069,ID,Nez Perce,27
16073,ID,Owyhee,572
16075,ID,Payette,3186
16077,ID,Power,38999
16081,ID,Teton,4742
16083,ID,Twin Falls,13466
16085,ID,Valley,123
16087,ID,Washington,1675
17001,IL,Adams,76
17005,IL,Bond,20
17007,IL,Boone,438
17009,IL,Brown,0
17011,IL,Bureau,291
17013,IL,Calhoun,69
17019,IL,Champaign,128
17025,IL,Clay,8
17029,IL,Coles,25
17031,IL,Cook,377
17035,IL,Cumberland,90
17037,IL,DeKalb,2676
17041,IL,Douglas,62
17043,IL,DuPage,17
17051,IL,Fayette,283
17053,IL,Ford,0
17055,IL,Franklin,87
17057,IL,Fulton,7
17059,IL,Gallatin,0
17063,IL,Grundy,15
17065,IL,Hamilton,10
17067,IL,Hancock,2
17073,IL,Henry,289
17075,IL,Iroquois,49
17077,IL,Jackson,46
17079,IL,Jasper,0
17083,IL,Jersey,17
17085,IL,Jo Daviess,115
17087,IL,Johnson,71
17089,IL,Kane,878
17091,IL,Kankakee,2869
17093,IL,Kendall,428
17095,IL,Knox,12
17097,IL,Lake,239
17099,IL,LaSalle,6297
17103,IL,Lee,2639
17105,IL,Livingston,25
17107,IL,Logan,304
17109,IL,McDonough,36
17111,IL,McHenry,1541
17113,IL,McLean,252
17117,IL,Macoupin,14
17119,IL,Madison,2477
17121,IL,Marion,76
17123,IL,Marshall,688
17125,IL,Mason,10013
17127,IL,Massac,15
17131,IL,Mercer,16
17137,IL,Morgan,51
17139,IL,Moultrie,654
17141,IL,Ogle,2124
17143,IL,Peoria,1879
17145,IL,Perry,10
17147,IL,Piatt,4
17155,IL,Putnam,841
17157,IL,Randolph,6
17159,IL,Richland,10
17161,IL,Rock Island,172
17163,IL,St. Clair,502
17165,IL,Saline,0
17167,IL,Sangamon,75
17169,IL,Schuyler,0
17171,IL,Scott,22
17175,IL,Stark,1583
17177,IL,Stephenson,22
17179,IL,Tazewell,7479
17181,IL,Union,519
17183,IL,Vermilion,17
17185,IL,Wabash,0
17187,IL,Warren,0
17189,IL,Washington,25
17193,IL,White,1726
17195,IL,Whiteside,5597
17197,IL,Will,685
17199,IL,Williamson,42
17201,IL,Winnebago,193
17203,IL,Woodford,98
18001,IN,Adams,165
18003,IN,Allen,146
18005,IN,Bartholomew,1443
18007,IN,Benton,0
18011,IN,Boone,25
18013,IN,Brown,21
18015,IN,Carroll,21
18017,IN,Cass,831
18019,IN,Clark,454
18023,IN,Clinton,18
18025,IN,Crawford,10
18027,IN,Daviess,462
18029,IN,Dearborn,30
18031,IN,Decatur,40
18033,IN,DeKalb,27
18035,IN,Delaware,543
18037,IN,Dubois,5
18039,IN,Elkhart,1232
18043,IN,Floyd,59
18045,IN,Fountain,7
18047,IN,Franklin,40
18049,IN,Fulton,212
18051,IN,Gibson,973
18053,IN,Grant,1203
18055,IN,Greene,20
18057,IN,Hamilton,72
18059,IN,Hancock,83
18061,IN,Harrison,56
18063,IN,Hendricks,78
18067,IN,Howard,236
18069,IN,Huntington,7
18071,IN,Jackson,542
18073,IN,Jasper,738
18077,IN,Jefferson,35
18079,IN,Jennings,33
18081,IN,Johnson,212
18083,IN,Knox,6927
18087,IN,LaGrange,1304
18089,IN,Lake,654
18091,IN,LaPorte,3342
18095,IN,Madison,552
18097,IN,Marion,285
18099,IN,Marshall,207
18101,IN,Martin,15
18105,IN,Monroe,24
18107,IN,Montgomery,63
18109,IN,Morgan,41
18113,IN,Noble,75
18115,IN,Ohio,16
18117,IN,Orange,19
18119,IN,Owen,76
18121,IN,Parke,229
18123,IN,Perry,6
18127,IN,Porter,897
18129,IN,Posey,44
18131,IN,Pulaski,12
18133,IN,Putnam,7
18135,IN,Randolph,660
18137,IN,Ripley,110
18141,IN,St. Joseph,418
18143,IN,Scott,4
18145,IN,Shelby,815
18147,IN,Spencer,22
18149,IN,Starke,60
18153,IN,Sullivan,1545
18155,IN,Switzerland,30
18159,IN,Tipton,742
18163,IN,Vanderburgh,78
18167,IN,Vigo,82
18169,IN,Wabash,9
18173,IN,Warrick,15
18175,IN,Washington,302
18177,IN,Wayne,216
18179,IN,Wells,315
18181,IN,White,43
18183,IN,Whitley,39
19001,IA,Adair,30
19005,IA,Allamakee,80
19007,IA,Appanoose,6
19009,IA,Audubon,0
19011,IA,Benton,144
19013,IA,Black Hawk,131
19015,IA,Boone,97
19017,IA,Bremer,15
19021,IA,Buena Vista,4
19023,IA,Butler,3
19025,IA,Calhoun,4
19027,IA,Carroll,21
19029,IA,Cass,21
19031,IA,Cedar,11
19037,IA,Chickasaw,217
19039,IA,Clarke,27
19041,IA,Clay,17
19043,IA,Clayton,22
19045,IA,Clinton,19
19049,IA,Dallas,284
19051,IA,Davis,62
19053,IA,Decatur,5
19055,IA,Delaware,34
19057,IA,Des Moines,3
19059,IA,Dickinson,4
19061,IA,Dubuque,57
19065,IA,Fayette,64
19067,IA,Floyd,107
19071,IA,Fremont,18
19073,IA,Greene,24
19075,IA,Grundy,12
19081,IA,Hancock,10
19083,IA,Hardin,8
19085,IA,Harrison,3
19087,IA,Henry,17
19089,IA,Howard,351
19091,IA,Humboldt,6
19097,IA,Jackson,33
19099,IA,Jasper,86
19101,IA,Jefferson,42
19103,IA,Johnson,136
19105,IA,Jones,27
19107,IA,Keokuk,8
19109,IA,Kossuth,905
19111,IA,Lee,73
19113,IA,Linn,274
19115,IA,Louisa,669
19119,IA,Lyon,56
19121,IA,Madison,59
19123,IA,Mahaska,21
19125,IA,Marion,71
19127,IA,Marshall,41
19129,IA,Mills,2
19131,IA,Mitchell,252
19133,IA,Monona,2
19135,IA,Monroe,7
19137,IA,Montgomery,5
19139,IA,Muscatine,774
19141,IA,O'Brien,20
19143,IA,Osceola,5
19153,IA,Polk,556
19155,IA,Pottawattamie,49
19157,IA,Poweshiek,44
19159,IA,Ringgold,11
19163,IA,Scott,70
19165,IA,Shelby,13
19167,IA,Sioux,53
19169,IA,Story,94
19171,IA,Tama,18
19173,IA,Taylor,0
19175,IA,Union,2
19177,IA,Van Buren,36
19181,IA,Warren,125
19183,IA,Washington,63
19185,IA,Wayne,4
19187,IA,Webster,29
19189,IA,Winnebago,235
19191,IA,Winneshiek,84
19193,IA,Woodbury,19
19195,IA,Worth,162
19197,IA,Wright,5
20001,KS,Allen,10
20005,KS,Atchison,28
20007,KS,Barber,0
20009,KS,Barton,7
20011,KS,Bourbon,20
20013,KS,Brown,7
20015,KS,Butler,21
20019,KS,Chautauqua,0
20023,KS,Cheyenne,0
20025,KS,Clark,0
20029,KS,Cloud,11
20031,KS,Coffey,0
20035,KS,Cowley,19
20037,KS,Crawford,12
20039,KS,Decatur,3
20041,KS,Dickinson,7
20043,KS,Doniphan,41
20045,KS,Douglas,187
20049,KS,Elk,0
20051,KS,Ellis,0
20053,KS,Ellsworth,3
20059,KS,Franklin,20
20061,KS,Geary,8
20063,KS,Gove,0
20065,KS,Graham,0
20071,KS,Greeley,0
20073,KS,Greenwood,7
20075,KS,Hamilton,0
20077,KS,Harper,2
20081,KS,Haskell,0
20083,KS,Hodgeman,0
20087,KS,Jefferson,38
20089,KS,Jewell,0
20091,KS,Johnson,101
20097,KS,Kiowa,0
20099,KS,Labette,20
20103,KS,Leavenworth,214
20107,KS,Linn,4
20109,KS,Logan,0
20111,KS,Lyon,24
20113,KS,McPherson,12
20117,KS,Marshall,0
20121,KS,Miami,63
20123,KS,Mitchell,0
20125,KS,Montgomery,13
20129,KS,Morton,0
20131,KS,Nemaha,1
20133,KS,Neosho,76
20135,KS,Ness,0
20137,KS,Norton,0
20141,KS,Osborne,0
20143,KS,Ottawa,8
20149,KS,Pottawatomie,41
20153,KS,Rawlins,0
20155,KS,Reno,163
20159,KS,Rice,0
20161,KS,Riley,55
20163,KS,Rooks,0
20165,KS,Rush,0
20169,KS,Saline,3
20171,KS,Scott,0
20173,KS,Sedgwick,51
20175,KS,Seward,0
20177,KS,Shawnee,58
20181,KS,Sherman,0
20187,KS,Stanton,0
20189,KS,Stevens,730
20191,KS,Sumner,16
20193,KS,Thomas,0
20195,KS,Trego,0
20197,KS,Wabaunsee,11
20201,KS,Washington,12
20203,KS,Wichita,0
20205,KS,Wilson,6
20207,KS,Woodson,12
20209,KS,Wyandotte,70
21001,KY,Adair,68
21003,KY,Allen,407
21005,KY,Anderson,18
21007,KY,Ballard,5
21009,KY,Barren,100
21011,KY,Bath,22
21013,KY,Bell,35
21015,KY,Boone,123
21017,KY,Bourbon,63
21021,KY,Boyle,32
21023,KY,Bracken,8
21025,KY,Breathitt,29
21027,KY,Breckinridge,67
21029,KY,Bullitt,20
21031,KY,Butler,27
21033,KY,Caldwell,21
21035,KY,Calloway,85
21037,KY,Campbell,113
21039,KY,Carlisle,5
21041,KY,Carroll,12
21043,KY,Carter,85
21045,KY,Casey,123
21047,KY,Christian,488
21049,KY,Clark,91
21051,KY,Clay,115
21053,KY,Clinton,18
21055,KY,Crittenden,51
21057,KY,Cumberland,15
21059,KY,Daviess,383
21061,KY,Edmonson,9
21063,KY,Elliott,26
21065,KY,Estill,29
21067,KY,Fayette,127
21069,KY,Fleming,33
21071,KY,Floyd,12
21073,KY,Franklin,61
21075,KY,Fulton,0
21077,KY,Gallatin,19
21079,KY,Garrard,21
21081,KY,Grant,38
21083,KY,Graves,69
21085,KY,Grayson,60
21087,KY,Green,20
21089,KY,Greenup,48
21091,KY,Hancock,19
21093,KY,Hardin,79
21095,KY,Harlan,4
21097,KY,Harrison,109
21099,KY,Hart,118
21101,KY,Henderson,37
21103,KY,Henry,38
21107,KY,Hopkins,34
21109,KY,Jackson,51
21111,KY,Jefferson,62
21113,KY,Jessamine,42
21115,KY,Johnson,10
21117,KY,Kenton,50
21119,KY,Knott,0
21121,KY,Knox,31
21123,KY,Larue,55
21125,KY,Laurel,92
21127,KY,Lawrence,68
21129,KY,Lee,30
21131,KY,Leslie,0
21133,KY,Letcher,6
21135,KY,Lewis,21
21137,KY,Lincoln,169
21139,KY,Livingston,8
21141,KY,Logan,76
21143,KY,Lyon,14
21145,KY,McCracken,168
21147,KY,McCreary,19
21149,KY,McLean,19
21151,KY,Madison,116
21153,KY,Magoffin,21
21155,KY,Marion,55
21157,KY,Marshall,42
21159,KY,Martin,5
21161,KY,Mason,57
21163,KY,Meade,39
21165,KY,Menifee,13
21167,KY,Mercer,56
21169,KY,Metcalfe,55
21171,KY,Monroe,29
21173,KY,Montgomery,26
21175,KY,Morgan,45
21177,KY,Muhlenberg,12
21179,KY,Nelson,42
21181,KY,Nicholas,13
21183,KY,Ohio,19
21185,KY,Oldham,56
21187,KY,Owen,26
21189,KY,Owsley,68
21191,KY,Pendleton,27
21193,KY,Perry,9
21195,KY,Pike,8
21197,KY,Powell,23
21199,KY,Pulaski,269
21203,KY,Rockcastle,30
21205,KY,Rowan,31
21207,KY,Russell,30
21209,KY,Scott,157
21211,KY,Shelby,257
21215,KY,Spencer,57
21217,KY,Taylor,76
21219,KY,Todd,559
21221,KY,Trigg,125
21223,KY,Trimble,37
21227,KY,Warren,71
21229,KY,Washington,33
21231,KY,Wayne,57
21233,KY,Webster,4
21235,KY,Whitley,57
21237,KY,Wolfe,13
21239,KY,Woodford,91
22003,LA,Allen,28
22005,LA,Ascension,5
22007,LA,Assumption,0
22009,LA,Avoyelles,1744
22011,LA,Beauregard,74
22013,LA,Bienville,76
22015,LA,Bossier,101
22017,LA,Caddo,103
22019,LA,Calcasieu,34
22021,LA,Caldwell,24
22023,LA,Cameron,3
22027,LA,Claiborne,54
22031,LA,De Soto,14
22033,LA,East Baton Rouge,77
22037,LA,East Feliciana,6
22041,LA,Franklin,4426
22043,LA,Grant,60
22045,LA,Iberia,62
22049,LA,Jackson,10
22055,LA,Lafayette,5
22057,LA,Lafourche,104
22059,LA,La Salle,0
22061,LA,Lincoln,24
22063,LA,Livingston,59
22067,LA,Morehouse,798
22069,LA,Natchitoches,15
22071,LA,Orleans,5
22073,LA,Ouachita,57
22075,LA,Plaquemines,114
22077,LA,Pointe Coupee,32
22079,LA,Rapides,179
22081,LA,Red River,75
22085,LA,Sabine,18
22087,LA,St. Bernard,7
22089,LA,St. Charles,20
22091,LA,St. Helena,109
22093,LA,St. James,71
22095,LA,St. John the Baptist,0
22097,LA,St. Landry,127
22099,LA,St. Martin,39
22101,LA,St. Mary,6
22103,LA,St. Tammany,45
22105,LA,Tangipahoa,285
22107,LA,Tensas,29
22109,LA,Terrebonne,8
22113,LA,Vermilion,14
22115,LA,Vernon,67
22117,LA,Washington,139
22119,LA,Webster,34
22121,LA,West Baton Rouge,0
22123,LA,West Carroll,789
22125,LA,West Feliciana,10
22127,LA,Winn,39
23001,ME,Androscoggin,754
23003,ME,Aroostook,63738
23005,ME,Cumberland,605
23007,ME,Franklin,71
23009,ME,Hancock,157
23011,ME,Kennebec,348
23013,ME,Knox,312
23015,ME,Lincoln,197
23017,ME,Oxford,1263
23019,ME,Penobscot,2512
23021,ME,Piscataquis,794
23023,ME,Sagadahoc,121
23025,ME,Somerset,316
23027,ME,Waldo,360
23029,ME,Washington,104
23031,ME,York,1004
24001,MD,Allegany,27
24003,MD,Anne Arundel,257
24005,MD,Baltimore,1258
24009,MD,Calvert,290
24011,MD,Caroline,6897
24013,MD,Carroll,2653
24015,MD,Cecil,90
24017,MD,Charles,378
24019,MD,Dorchester,6193
24021,MD,Frederick,385
24023,MD,Garrett,115
24025,MD,Harford,574
24027,MD,Howard,110
24029,MD,Kent,784
24031,MD,Montgomery,393
24033,MD,Prince George's,451
24035,MD,Queen Anne's,2391
24037,MD,St. Mary's,705
24039,MD,Somerset,258
24041,MD,Talbot,1682
24043,MD,Washington,407
24045,MD,Wicomico,2109
24047,MD,Worcester,778
25001,MA,Barnstable,138
25003,MA,Berkshire,388
25005,MA,Bristol,1659
25009,MA,Essex,850
25011,MA,Franklin,4002
25013,MA,Hampden,1055
25015,MA,Hampshire,5163
25017,MA,Middlesex,1561
25021,MA,Norfolk,522
25023,MA,Plymouth,776
25025,MA,Suffolk,10
25027,MA,Worcester,1457
26001,MI,Alcona,19
26003,MI,Alger,28
26005,MI,Allegan,5239
26007,MI,Alpena,46
26009,MI,Antrim,1546
26011,MI,Arenac,1514
26015,MI,Barry,143
26017,MI,Bay,7950
26019,MI,Benzie,104
26021,MI,Berrien,8448
26023,MI,Branch,2718
26025,MI,Calhoun,370
26027,MI,Cass,3949
26029,MI,Charlevoix,168
26031,MI,Cheboygan,49
26033,MI,Chippewa,36
26035,MI,Clare,70
26037,MI,Clinton,608
26039,MI,Crawford,12
26041,MI,Delta,889
26043,MI,Dickinson,501
26045,MI,Eaton,613
26047,MI,Emmet,234
26049,MI,Genesee,560
26051,MI,Gladwin,523
26055,MI,Grand Traverse,378
26057,MI,Gratiot,3697
26059,MI,Hillsdale,286
26061,MI,Houghton,49
26063,MI,Huron,225
26065,MI,Ingham,440
26067,MI,Ionia,1170
26069,MI,Iosco,319
26071,MI,Iron,584
26073,MI,Isabella,536
26075,MI,Jackson,378
26077,MI,Kalamazoo,1910
26079,MI,Kalkaska,1939
26081,MI,Kent,2397
26083,MI,Keweenaw,0
26085,MI,Lake,20
26087,MI,Lapeer,2799
26089,MI,Leelanau,109
26091,MI,Lenawee,2500
26093,MI,Livingston,731
26097,MI,Mackinac,7
26099,MI,Macomb,3028
26101,MI,Manistee,332
26103,MI,Marquette,44
26105,MI,Mason,3587
26107,MI,Mecosta,6395
26109,MI,Menominee,71
26111,MI,Midland,704
26115,MI,Monroe,8459
26117,MI,Montcalm,20524
26119,MI,Montmorency,7
26121,MI,Muskegon,2040
26123,MI,Newaygo,5579
26125,MI,Oakland,201
26127,MI,Oceana,11924
26131,MI,Ontonagon,8
26133,MI,Osceola,125
26135,MI,Oscoda,20
26137,MI,Otsego,788
26139,MI,Ottawa,3444
26141,MI,Presque Isle,1802
26145,MI,Saginaw,6768
26147,MI,St. Clair,521
26149,MI,St. Joseph,10842
26151,MI,Sanilac,503
26153,MI,Schoolcraft,12
26155,MI,Shiawassee,80
26157,MI,Tuscola,3058
26159,MI,Van Buren,7242
26161,MI,Washtenaw,1819
26163,MI,Wayne,572
26165,MI,Wexford,88
27001,MN,Aitkin,47
27003,MN,Anoka,945
27007,MN,Beltrami,22
27009,MN,Benton,1632
27013,MN,Blue Earth,1794
27015,MN,Brown,8440
27017,MN,Carlton,47
27019,MN,Carver,184
27023,MN,Chippewa,3549
27025,MN,Chisago,1285
27027,MN,Clay,1797
27029,MN,Clearwater,466
27031,MN,Cook,3
27033,MN,Cottonwood,511
27035,MN,Crow Wing,43
27037,MN,Dakota,15707
27039,MN,Dodge,3575
27041,MN,Douglas,47
27043,MN,Faribault,5585
27045,MN,Fillmore,1073
27047,MN,Freeborn,6601
27049,MN,Goodhue,4657
27051,MN,Grant,843
27053,MN,Hennepin,450
27059,MN,Isanti,143
27061,MN,Itasca,134
27063,MN,Jackson,17
27065,MN,Kanabec,64
27067,MN,Kandiyohi,6807
27069,MN,Kittson,1250
27071,MN,Koochiching,11
27073,MN,Lac qui Parle,5
27079,MN,Le Sueur,1586
27085,MN,McLeod,1940
27089,MN,Marshall,539
27091,MN,Martin,2127
27093,MN,Meeker,1515
27095,MN,Mille Lacs,126
27097,MN,Morrison,2526
27099,MN,Mower,11684
27101,MN,Murray,10
27103,MN,Nicollet,1981
27105,MN,Nobles,129
27107,MN,Norman,112
27109,MN,Olmsted,8594
27111,MN,Otter Tail,10605
27113,MN,Pennington,6
27115,MN,Pine,71
27117,MN,Pipestone,39
27119,MN,Polk,4153
27121,MN,Pope,2090
27123,MN,Ramsey,200
27127,MN,Redwood,10970
27129,MN,Renville,38002
27131,MN,Rice,464
27133,MN,Rock,13
27137,MN,St. Louis,109
27139,MN,Scott,169
27141,MN,Sherburne,8655
27143,MN,Sibley,9219
27145,MN,Stearns,2115
27147,MN,Steele,6769
27149,MN,Stevens,129
27153,MN,Todd,1227
27157,MN,Wabasha,5609
27159,MN,Wadena,3243
27161,MN,Waseca,5011
27163,MN,Washington,1030
27165,MN,Watonwan,1061
27167,MN,Wilkin,3
27169,MN,Winona,1422
27171,MN,Wright,493
28003,MS,Alcorn,10
28005,MS,Amite,24
28007,MS,Attala,7
28009,MS,Benton,25
28011,MS,Bolivar,51
28013,MS,Calhoun,14427
28015,MS,Carroll,65
28017,MS,Chickasaw,4589
28019,MS,Choctaw,67
28021,MS,Claiborne,19
28023,MS,Clarke,24
28025,MS,Clay,15
28029,MS,Copiah,229
28031,MS,Covington,150
28033,MS,DeSoto,77
28035,MS,Forrest,165
28037,MS,Franklin,9
28039,MS,George,267
28041,MS,Greene,790
28043,MS,Grenada,50
28045,MS,Hancock,66
28047,MS,Harrison,47
28049,MS,Hinds,293
28051,MS,Holmes,121
28055,MS,Issaquena,0
28057,MS,Itawamba,58
28059,MS,Jackson,52
28061,MS,Jasper,21
28063,MS,Jefferson,362
28065,MS,Jefferson Davis,110
28067,MS,Jones,232
28069,MS,Kemper,61
28071,MS,Lafayette,259
28073,MS,Lamar,74
28075,MS,Lauderdale,77
28077,MS,Lawrence,84
28079,MS,Leake,26
28081,MS,Lee,21
28083,MS,Leflore,20
28085,MS,Lincoln,57
28087,MS,Lowndes,174
28089,MS,Madison,12
28091,MS,Marion,37
28093,MS,Marshall,581
28095,MS,Monroe,338
28097,MS,Montgomery,20
28099,MS,Neshoba,44
28101,MS,Newton,24
28103,MS,Noxubee,41
28105,MS,Oktibbeha,55
28107,MS,Panola,85
28109,MS,Pearl River,85
28111,MS,Perry,132
28113,MS,Pike,30
28115,MS,Pontotoc,648
28117,MS,Prentiss,97
28119,MS,Quitman,26
28121,MS,Rankin,59
28123,MS,Scott,62
28125,MS,Sharkey,0
28127,MS,Simpson,156
28129,MS,Smith,441
28131,MS,Stone,32
28135,MS,Tallahatchie,33
28137,MS,Tate,568
28139,MS,Tippah,50
28141,MS,Tishomingo,45
28143,MS,Tunica,0
28145,MS,Union,27
28147,MS,Walthall,24
28149,MS,Warren,4
28153,MS,Wayne,71
28155,MS,Webster,1002
28157,MS,Wilkinson,5
28159,MS,Winston,103
28163,MS,Yazoo,21
29001,MO,Adair,17
29003,MO,Andrew,152
29007,MO,Audrain,63
29011,MO,Barton,659
29013,MO,Bates,84
29015,MO,Benton,30
29017,MO,Bollinger,13
29019,MO,Boone,74
29023,MO,Butler,45
29025,MO,Caldwell,3
29027,MO,Callaway,45
29029,MO,Camden,3
29031,MO,Cape Girardeau,12
29033,MO,Carroll,11
29035,MO,Carter,14
29037,MO,Cass,46
29039,MO,Cedar,57
29041,MO,Chariton,101
29043,MO,Christian,15
29049,MO,Clinton,20
29051,MO,Cole,47
29053,MO,Cooper,46
29059,MO,Dallas,121
29061,MO,Daviess,134
29063,MO,DeKalb,10
29065,MO,Dent,26
29067,MO,Douglas,11
29069,MO,Dunklin,7452
29071,MO,Franklin,178
29073,MO,Gasconade,57
29075,MO,Gentry,21
29077,MO,Greene,26
29079,MO,Grundy,24
29081,MO,Harrison,21
29083,MO,Henry,47
29089,MO,Howard,12
29091,MO,Howell,7
29095,MO,Jackson,100
29097,MO,Jasper,19
29099,MO,Jefferson,36
29101,MO,Johnson,74
29103,MO,Knox,14
29105,MO,Laclede,9
29107,MO,Lafayette,15
29109,MO,Lawrence,30
29111,MO,Lewis,23
29113,MO,Lincoln,21
29115,MO,Linn,7
29117,MO,Livingston,64
29119,MO,McDonald,106
29121,MO,Macon,29
29123,MO,Madison,0
29125,MO,Maries,31
29129,MO,Mercer,4
29131,MO,Miller,0
29135,MO,Moniteau,162
29137,MO,Monroe,28
29139,MO,Montgomery,20
29141,MO,Morgan,83
29147,MO,Nodaway,26
29151,MO,Osage,4
29157,MO,Perry,29
29159,MO,Pettis,6
29161,MO,Phelps,0
29163,MO,Pike,21
29165,MO,Platte,139
29167,MO,Polk,57
29169,MO,Pulaski,31
29173,MO,Ralls,7
29175,MO,Randolph,14
29181,MO,Ripley,0
29183,MO,St. Charles,18
29185,MO,St. Clair,57
29187,MO,St. Francois,6
29189,MO,St. Louis,265
29195,MO,Saline,39
29197,MO,Schuyler,33
29199,MO,Scotland,11
29201,MO,Scott,1775
29205,MO,Shelby,3
29207,MO,Stoddard,32
29209,MO,Stone,27
29211,MO,Sullivan,3
29213,MO,Taney,4
29215,MO,Texas,22
29217,MO,Vernon,879
29219,MO,Warren,178
29221,MO,Washington,2
29225,MO,Webster,57
29227,MO,Worth,0
29229,MO,Wright,15
30001,MT,Beaverhead,899
30005,MT,Blaine,8
30013,MT,Cascade,35
30019,MT,Daniels,0
30023,MT,Deer Lodge,0
30025,MT,Fallon,0
30029,MT,Flathead,290
30031,MT,Gallatin,4125
30033,MT,Garfield,0
30037,MT,Golden Valley,0
30039,MT,Granite,0
30041,MT,Hill,15
30047,MT,Lake,1380
30049,MT,Lewis and Clark,30
30051,MT,Liberty,24
30053,MT,Lincoln,16
30057,MT,Madison,952
30059,MT,Meagher,0
30061,MT,Mineral,0
30063,MT,Missoula,51
30067,MT,Park,15
30069,MT,Petroleum,0
30073,MT,Pondera,43
30075,MT,Powder River,0
30077,MT,Powell,0
30081,MT,Ravalli,81
30085,MT,Roosevelt,0
30087,MT,Rosebud,7
30089,MT,Sanders,30
30093,MT,Silver Bow,0
30095,MT,Stillwater,0
30097,MT,Sweet Grass,0
30099,MT,Teton,37
30101,MT,Toole,3
30103,MT,Treasure,0
30105,MT,Valley,0
30107,MT,Wheatland,19
30111,MT,Yellowstone,145
31001,NE,Adams,15
31003,NE,Antelope,0
31005,NE,Arthur,0
31007,NE,Banner,0
31009,NE,Blaine,0
31011,NE,Boone,0
31013,NE,Box Butte,3192
31015,NE,Boyd,0
31017,NE,Brown,0
31019,NE,Buffalo,43
31023,NE,Butler,63
31025,NE,Cass,26
31027,NE,Cedar,4
31033,NE,Cheyenne,0
31037,NE,Colfax,0
31039,NE,Cuming,10
31041,NE,Custer,17
31043,NE,Dakota,21
31047,NE,Dawson,8
31049,NE,Deuel,0
31053,NE,Dodge,72
31055,NE,Douglas,329
31059,NE,Fillmore,7
31061,NE,Franklin,0
31063,NE,Frontier,0
31067,NE,Gage,27
31069,NE,Garden,0
31071,NE,Garfield,0
31075,NE,Grant,0
31077,NE,Greeley,0
31079,NE,Hall,7
31081,NE,Hamilton,2
31083,NE,Harlan,6
31087,NE,Hitchcock,2
31091,NE,Hooker,0
31093,NE,Howard,297
31095,NE,Jefferson,0
31097,NE,Johnson,1
31105,NE,Kimball,0
31107,NE,Knox,2
31109,NE,Lancaster,130
31113,NE,Logan,4
31115,NE,Loup,0
31117,NE,McPherson,0
31119,NE,Madison,92
31125,NE,Nance,0
31127,NE,Nemaha,6
31131,NE,Otoe,23
31133,NE,Pawnee,8
31135,NE,Perkins,3
31139,NE,Pierce,12
31147,NE,Richardson,6
31149,NE,Rock,0
31153,NE,Sarpy,89
31155,NE,Saunders,526
31157,NE,Scotts Bluff,13
31159,NE,Seward,13
31165,NE,Sioux,7
31167,NE,Stanton,32
31169,NE,Thayer,3
31171,NE,Thomas,0
31173,NE,Thurston,33
31175,NE,Valley,0
31177,NE,Washington,52
31181,NE,Webster,0
31183,NE,Wheeler,0
32001,NV,Churchill,241
32003,NV,Clark,242
32005,NV,Douglas,30
32007,NV,Elko,51
32009,NV,Esmeralda,0
32011,NV,Eureka,0
32019,NV,Lyon,3767
32021,NV,Mineral,0
32023,NV,Nye,4
32027,NV,Pershing,0
32029,NV,Storey,0
32031,NV,Washoe,464
32510,NV,Carson City,0
33001,NH,Belknap,208
33003,NH,Carroll,237
33005,NH,Cheshire,299
33007,NH,Coos,84
33009,NH,Grafton,227
33011,NH,Hillsborough,1238
33013,NH,Merrimack,681
33015,NH,Rockingham,582
33017,NH,Strafford,229
33019,NH,Sullivan,186
34001,NJ,Atlantic,6150
34003,NJ,Bergen,71
34005,NJ,Burlington,5071
34007,NJ,Camden,1957
34009,NJ,Cape May,274
34011,NJ,Cumberland,9545
34015,NJ,Gloucester,7070
34017,NJ,Hudson,0
34019,NJ,Hunterdon,792
34021,NJ,Mercer,561
34023,NJ,Middlesex,1356
34025,NJ,Monmouth,1714
34027,NJ,Morris,913
34029,NJ,Ocean,708
34031,NJ,Passaic,101
34033,NJ,Salem,11541
34035,NJ,Somerset,233
34037,NJ,Sussex,590
34041,NJ,Warren,1720
35001,NM,Bernalillo,164
35003,NM,Catron,8
35005,NM,Chaves,156
35006,NM,Cibola,25
35007,NM,Colfax,0
35009,NM,Curry,899
35013,NM,DoÃ±a Ana,6714
35015,NM,Eddy,128
35017,NM,Grant,22
35019,NM,Guadalupe,17
35021,NM,Harding,0
35027,NM,Lincoln,0
35028,NM,Los Alamos,0
35029,NM,Luna,4119
35031,NM,McKinley,125
35033,NM,Mora,21
35035,NM,Otero,42
35037,NM,Quay,2
35039,NM,Rio Arriba,352
35041,NM,Roosevelt,836
35043,NM,Sandoval,253
35045,NM,San Juan,8224
35047,NM,San Miguel,23
35049,NM,Santa Fe,248
35051,NM,Sierra,1894
35053,NM,Socorro,319
35055,NM,Taos,94
35061,NM,Valencia,63
36001,NY,Albany,748
36005,NY,Bronx,0
36007,NY,Broome,203
36009,NY,Cattaraugus,236
36011,NY,Cayuga,5951
36013,NY,Chautauqua,3403
36015,NY,Chemung,149
36017,NY,Chenango,266
36019,NY,Clinton,511
36021,NY,Columbia,614
36023,NY,Cortland,228
36025,NY,Delaware,233
36027,NY,Dutchess,1022
36029,NY,Erie,3363
36031,NY,Essex,210
36033,NY,Franklin,1063
36035,NY,Fulton,69
36037,NY,Genesee,20500
36039,NY,Greene,1131
36041,NY,Hamilton,16
36043,NY,Herkimer,1180
36045,NY,Jefferson,315
36047,NY,Kings,6
36049,NY,Lewis,76
36051,NY,Livingston,3971
36053,NY,Madison,1613
36055,NY,Monroe,8640
36057,NY,Montgomery,348
36059,NY,Nassau,229
36061,NY,New York,0
36063,NY,Niagara,4575
36065,NY,Oneida,2297
36067,NY,Onondaga,2417
36069,NY,Ontario,4126
36071,NY,Orange,5918
36073,NY,Orleans,16898
36075,NY,Oswego,2404
36077,NY,Otsego,255
36079,NY,Putnam,135
36081,NY,Queens,13
36083,NY,Rensselaer,1489
36085,NY,Richmond,0
36089,NY,St. Lawrence,484
36091,NY,Saratoga,338
36093,NY,Schenectady,594
36095,NY,Schoharie,824
36097,NY,Schuyler,169
36099,NY,Seneca,768
36101,NY,Steuben,4551
36103,NY,Suffolk,6287
36105,NY,Sullivan,140
36107,NY,Tioga,249
36109,NY,Tompkins,1329
36111,NY,Ulster,2678
36115,NY,Washington,789
36117,NY,Wayne,4801
36121,NY,Wyoming,11702
36123,NY,Yates,2276
37001,NC,Alamance,164
37003,NC,Alexander,226
37005,NC,Alleghany,1864
37007,NC,Anson,49
37009,NC,Ashe,274
37011,NC,Avery,119
37013,NC,Beaufort,141
37015,NC,Bertie,826
37017,NC,Bladen,691
37019,NC,Brunswick,1100
37021,NC,Buncombe,730
37023,NC,Burke,113
37025,NC,Cabarrus,106
37027,NC,Caldwell,120
37031,NC,Carteret,690
37033,NC,Caswell,143
37035,NC,Catawba,294
37037,NC,Chatham,131
37039,NC,Cherokee,1067
37041,NC,Chowan,2265
37043,NC,Clay,159
37045,NC,Cleveland,165
37047,NC,Columbus,3048
37049,NC,Craven,52
37051,NC,Cumberland,1820
37053,NC,Currituck,117
37055,NC,Dare,0
37057,NC,Davidson,409
37059,NC,Davie,48
37061,NC,Duplin,4824
37063,NC,Durham,55
37065,NC,Edgecombe,2821
37067,NC,Forsyth,266
37069,NC,Franklin,487
37071,NC,Gaston,88
37073,NC,Gates,45
37075,NC,Graham,18
37077,NC,Granville,206
37081,NC,Guilford,278
37083,NC,Halifax,1361
37085,NC,Harnett,1865
37087,NC,Haywood,449
37089,NC,Henderson,1583
37091,NC,Hertford,811
37095,NC,Hyde,4001
37097,NC,Iredell,144
37099,NC,Jackson,149
37101,NC,Johnston,13134
37103,NC,Jones,60
37105,NC,Lee,81
37107,NC,Lenoir,1269
37109,NC,Lincoln,170
37111,NC,McDowell,39
37113,NC,Macon,113
37115,NC,Madison,183
37119,NC,Mecklenburg,108
37121,NC,Mitchell,52
37123,NC,Montgomery,305
37125,NC,Moore,164
37127,NC,Nash,11767
37129,NC,New Hanover,46
37131,NC,Northampton,75
37133,NC,Onslow,239
37135,NC,Orange,156
37139,NC,Pasquotank,5248
37141,NC,Pender,291
37145,NC,Person,55
37147,NC,Pitt,1318
37149,NC,Polk,35
37151,NC,Randolph,335
37153,NC,Richmond,405
37155,NC,Robeson,1455
37157,NC,Rockingham,153
37159,NC,Rowan,660
37161,NC,Rutherford,161
37163,NC,Sampson,16115
37165,NC,Scotland,26
37167,NC,Stanly,74
37169,NC,Stokes,272
37171,NC,Surry,331
37173,NC,Swain,28
37175,NC,Transylvania,273
37177,NC,Tyrrell,3652
37181,NC,Vance,104
37183,NC,Wake,1249
37185,NC,Warren,97
37187,NC,Washington,2816
37189,NC,Watauga,133
37191,NC,Wayne,3804
37193,NC,Wilkes,62
37195,NC,Wilson,8443
37197,NC,Yadkin,43
37199,NC,Yancey,131
38001,ND,Adams,0
38003,ND,Barnes,55
38005,ND,Benson,5
38011,ND,Bowman,0
38019,ND,Cavalier,9
38023,ND,Divide,0
38033,ND,Golden Valley,0
38035,ND,Grand Forks,10695
38041,ND,Hettinger,0
38043,ND,Kidder,6697
38047,ND,Logan,0
38049,ND,McHenry,7
38051,ND,McIntosh,14
38059,ND,Morton,41
38061,ND,Mountrail,0
38063,ND,Nelson,0
38067,ND,Pembina,19551
38069,ND,Pierce,0
38075,ND,Renville,0
38081,ND,Sargent,4827
38083,ND,Sheridan,0
38085,ND,Sioux,0
38087,ND,Slope,0
38097,ND,Traill,2258
38099,ND,Walsh,33235
38101,ND,Ward,65
38103,ND,Wells,0
39001,OH,Adams,37
39005,OH,Ashland,239
39007,OH,Ashtabula,257
39009,OH,Athens,55
39013,OH,Belmont,96
39015,OH,Brown,88
39017,OH,Butler,163
39019,OH,Carroll,53
39023,OH,Clark,163
39025,OH,Clermont,109
39027,OH,Clinton,94
39029,OH,Columbiana,221
39033,OH,Crawford,40
39035,OH,Cuyahoga,68
39037,OH,Darke,435
39039,OH,Defiance,12
39041,OH,Delaware,104
39043,OH,Erie,720
39045,OH,Fairfield,311
39047,OH,Fayette,14
39049,OH,Franklin,162
39051,OH,Fulton,783
39053,OH,Gallia,134
39055,OH,Geauga,438
39057,OH,Greene,174
39059,OH,Guernsey,58
39061,OH,Hamilton,155
39063,OH,Hancock,68
39067,OH,Harrison,11
39069,OH,Henry,2694
39071,OH,Highland,205
39073,OH,Hocking,23
39075,OH,Holmes,399
39077,OH,Huron,4167
39079,OH,Jackson,165
39081,OH,Jefferson,36
39083,OH,Knox,137
39085,OH,Lake,202
39087,OH,Lawrence,99
39089,OH,Licking,256
39091,OH,Logan,138
39093,OH,Lorain,621
39095,OH,Lucas,1286
39097,OH,Madison,124
39099,OH,Mahoning,895
39101,OH,Marion,16
39103,OH,Medina,382
39105,OH,Meigs,718
39107,OH,Mercer,47
39109,OH,Miami,408
39111,OH,Monroe,41
39113,OH,Montgomery,87
39115,OH,Morgan,32
39117,OH,Morrow,121
39119,OH,Muskingum,172
39121,OH,Noble,16
39123,OH,Ottawa,1699
39125,OH,Paulding,3
39127,OH,Perry,48
39129,OH,Pickaway,190
39131,OH,Pike,272
39133,OH,Portage,677
39135,OH,Preble,148
39137,OH,Putnam,1172
39139,OH,Richland,189
39141,OH,Ross,94
39143,OH,Sandusky,2396
39145,OH,Scioto,93
39147,OH,Seneca,561
39149,OH,Shelby,44
39151,OH,Stark,853
39153,OH,Summit,852
39155,OH,Trumbull,157
39157,OH,Tuscarawas,59
39159,OH,Union,63
39161,OH,Van Wert,33
39163,OH,Vinton,10
39165,OH,Warren,295
39167,OH,Washington,645
39169,OH,Wayne,852
39171,OH,Williams,590
39173,OH,Wood,1285
40001,OK,Adair,70
40003,OK,Alfalfa,0
40005,OK,Atoka,106
40009,OK,Beckham,0
40013,OK,Bryan,16
40015,OK,Caddo,640
40017,OK,Canadian,29
40021,OK,Cherokee,25
40027,OK,Cleveland,38
40029,OK,Coal,19
40033,OK,Cotton,22
40035,OK,Craig,41
40037,OK,Creek,28
40043,OK,Dewey,0
40049,OK,Garvin,117
40051,OK,Grady,163
40053,OK,Grant,0
40055,OK,Greer,0
40057,OK,Harmon,0
40059,OK,Harper,0
40061,OK,Haskell,0
40063,OK,Hughes,76
40067,OK,Jefferson,127
40069,OK,Johnston,30
40071,OK,Kay,8
40075,OK,Kiowa,0
40077,OK,Latimer,16
40079,OK,Le Flore,3985
40081,OK,Lincoln,14
40083,OK,Logan,26
40085,OK,Love,108
40087,OK,McClain,122
40089,OK,McCurtain,123
40091,OK,McIntosh,16
40093,OK,Major,36
40095,OK,Marshall,10
40101,OK,Muskogee,771
40103,OK,Noble,0
40107,OK,Okfuskee,158
40109,OK,Oklahoma,69
40111,OK,Okmulgee,52
40113,OK,Osage,21
40115,OK,Ottawa,4
40119,OK,Payne,30
40121,OK,Pittsburg,22
40123,OK,Pontotoc,18
40125,OK,Pottawatomie,79
40127,OK,Pushmataha,7
40129,OK,Roger Mills,0
40131,OK,Rogers,25
40133,OK,Seminole,7
40137,OK,Stephens,8
40143,OK,Tulsa,113
40145,OK,Wagoner,103
40147,OK,Washington,0
40151,OK,Woods,0
40153,OK,Woodward,14
41001,OR,Baker,5783
41003,OR,Benton,3130
41005,OR,Clackamas,3996
41007,OR,Clatsop,40
41009,OR,Columbia,32
41011,OR,Coos,27
41013,OR,Crook,9
41015,OR,Curry,15
41017,OR,Deschutes,79
41019,OR,Douglas,392
41021,OR,Gilliam,0
41025,OR,Harney,4
41027,OR,Hood River,78
41029,OR,Jackson,401
41031,OR,Jefferson,694
41033,OR,Josephine,244
41035,OR,Klamath,8592
41037,OR,Lake,9
41039,OR,Lane,1610
41041,OR,Lincoln,20
41043,OR,Linn,7972
41045,OR,Malheur,13542
41047,OR,Marion,23940
41049,OR,Morrow,20351
41051,OR,Multnomah,2516
41053,OR,Polk,4418
41055,OR,Sherman,0
41057,OR,Tillamook,39
41059,OR,Umatilla,42151
41061,OR,Union,668
41063,OR,Wallowa,42
41065,OR,Wasco,12
41067,OR,Washington,3490
41071,OR,Yamhill,4617
42001,PA,Adams,988
42003,PA,Allegheny,445
42005,PA,Armstrong,160
42007,PA,Beaver,142
42009,PA,Bedford,146
42011,PA,Berks,1197
42013,PA,Blair,451
42015,PA,Bradford,312
42017,PA,Bucks,818
42019,PA,Butler,1145
42021,PA,Cambria,530
42025,PA,Carbon,172
42027,PA,Centre,2049
42029,PA,Chester,1143
42031,PA,Clarion,400
42033,PA,Clearfield,52
42035,PA,Clinton,284
42037,PA,Columbia,3547
42039,PA,Crawford,421
42041,PA,Cumberland,1065
42043,PA,Dauphin,767
42045,PA,Delaware,39
42047,PA,Elk,72
42049,PA,Erie,2895
42051,PA,Fayette,340
42053,PA,Forest,20
42055,PA,Franklin,1540
42057,PA,Fulton,28
42061,PA,Huntingdon,338
42063,PA,Indiana,1064
42065,PA,Jefferson,79
42067,PA,Juniata,158
42069,PA,Lackawanna,395
42071,PA,Lancaster,5382
42073,PA,Lawrence,229
42075,PA,Lebanon,847
42077,PA,Lehigh,1459
42079,PA,Luzerne,1253
42081,PA,Lycoming,898
42083,PA,McKean,46
42085,PA,Mercer,551
42087,PA,Mifflin,558
42089,PA,Monroe,347
42091,PA,Montgomery,303
42093,PA,Montour,131
42095,PA,Northampton,587
42097,PA,Northumberland,2873
42099,PA,Perry,187
42101,PA,Philadelphia,11
42103,PA,Pike,12
42105,PA,Potter,2723
42107,PA,Schuylkill,1863
42109,PA,Snyder,1009
42111,PA,Somerset,268
42113,PA,Sullivan,42
42115,PA,Susquehanna,160
42117,PA,Tioga,381
42119,PA,Union,238
42121,PA,Venango,50
42123,PA,Warren,90
42125,PA,Washington,530
42127,PA,Wayne,207
42129,PA,Westmoreland,525
42131,PA,Wyoming,303
42133,PA,York,2121
44001,RI,Bristol,129
44003,RI,Kent,61
44005,RI,Newport,982
44007,RI,Providence,723
44009,RI,Washington,502
45001,SC,Abbeville,46
45009,SC,Bamberg,2465
45011,SC,Barnwell,1319
45013,SC,Beaufort,2281
45015,SC,Berkeley,132
45019,SC,Charleston,683
45021,SC,Cherokee,487
45023,SC,Chester,152
45025,SC,Chesterfield,378
45027,SC,Clarendon,956
45029,SC,Colleton,1415
45031,SC,Darlington,150
45033,SC,Dillon,61
45037,SC,Edgefield,281
45039,SC,Fairfield,17
45041,SC,Florence,163
45043,SC,Georgetown,28
45045,SC,Greenville,851
45047,SC,Greenwood,37
45049,SC,Hampton,659
45051,SC,Horry,495
45053,SC,Jasper,73
45055,SC,Kershaw,130
45057,SC,Lancaster,82
45059,SC,Laurens,143
45061,SC,Lee,175
45063,SC,Lexington,8328
45067,SC,Marion,54
45069,SC,Marlboro,25
45071,SC,Newberry,20
45073,SC,Oconee,283
45075,SC,Orangeburg,867
45077,SC,Pickens,167
45079,SC,Richland,178
45081,SC,Saluda,466
45085,SC,Sumter,183
45087,SC,Union,35
45089,SC,Williamsburg,494
46003,SD,Aurora,0
46007,SD,Bennett,0
46011,SD,Brookings,29
46013,SD,Brown,4
46015,SD,Brule,0
46017,SD,Buffalo,0
46027,SD,Clay,34
46029,SD,Codington,23
46031,SD,Corson,0
46037,SD,Day,5
46039,SD,Deuel,6
46041,SD,Dewey,0
46043,SD,Douglas,0
46045,SD,Edmunds,1
46047,SD,Fall River,9
46055,SD,Haakon,0
46057,SD,Hamlin,0
46059,SD,Hand,0
46063,SD,Harding,0
46065,SD,Hughes,82
46067,SD,Hutchinson,37
46069,SD,Hyde,0
46071,SD,Jackson,0
46073,SD,Jerauld,0
46075,SD,Jones,0
46077,SD,Kingsbury,3
46079,SD,Lake,6
46081,SD,Lawrence,76
46083,SD,Lincoln,23
46085,SD,Lyman,9
46087,SD,McCook,15
46089,SD,McPherson,0
46091,SD,Marshall,22
46095,SD,Mellette,21
46097,SD,Miner,10
46099,SD,Minnehaha,54
46101,SD,Moody,8
46103,SD,Pennington,13
46105,SD,Perkins,0
46107,SD,Potter,0
46109,SD,Roberts,3
46111,SD,Sanborn,135
46113,SD,Shannon,0
46115,SD,Spink,6
46117,SD,Stanley,0
46119,SD,Sully,0
46121,SD,Todd,0
46123,SD,Tripp,0
46125,SD,Turner,25
46127,SD,Union,5
46135,SD,Yankton,0
46137,SD,Ziebach,0
47001,TN,Anderson,19
47003,TN,Bedford,21
47005,TN,Benton,20
47007,TN,Bledsoe,2158
47009,TN,Blount,222
47011,TN,Bradley,129
47013,TN,Campbell,23
47015,TN,Cannon,12
47017,TN,Carroll,11
47019,TN,Carter,71
47021,TN,Cheatham,22
47023,TN,Chester,34
47025,TN,Claiborne,41
47029,TN,Cocke,803
47031,TN,Coffee,34
47037,TN,Davidson,129
47039,TN,Decatur,18
47041,TN,DeKalb,25
47043,TN,Dickson,38
47047,TN,Fayette,405
47049,TN,Fentress,1103
47051,TN,Franklin,39
47053,TN,Gibson,56
47055,TN,Giles,22
47057,TN,Grainger,508
47059,TN,Greene,489
47061,TN,Grundy,70
47065,TN,Hamilton,96
47067,TN,Hancock,25
47069,TN,Hardeman,178
47071,TN,Hardin,14
47073,TN,Hawkins,108
47075,TN,Haywood,34
47077,TN,Henderson,74
47079,TN,Henry,42
47081,TN,Hickman,31
47083,TN,Houston,23
47085,TN,Humphreys,21
47087,TN,Jackson,13
47089,TN,Jefferson,110
47091,TN,Johnson,36
47093,TN,Knox,38
47095,TN,Lake,0
47097,TN,Lauderdale,323
47099,TN,Lawrence,470
47101,TN,Lewis,8
47103,TN,Lincoln,598
47105,TN,Loudon,13
47107,TN,McMinn,91
47109,TN,McNairy,45
47111,TN,Macon,14
47113,TN,Madison,48
47117,TN,Marshall,28
47119,TN,Maury,34
47123,TN,Monroe,48
47125,TN,Montgomery,53
47129,TN,Morgan,34
47131,TN,Obion,10
47133,TN,Overton,179
47135,TN,Perry,8
47137,TN,Pickett,10
47139,TN,Polk,61
47141,TN,Putnam,52
47143,TN,Rhea,1208
47145,TN,Roane,66
47147,TN,Robertson,144
47149,TN,Rutherford,85
47151,TN,Scott,7
47155,TN,Sevier,58
47157,TN,Shelby,76
47159,TN,Smith,47
47161,TN,Stewart,15
47163,TN,Sullivan,29
47165,TN,Sumner,37
47167,TN,Tipton,145
47173,TN,Union,31
47177,TN,Warren,96
47179,TN,Washington,839
47181,TN,Wayne,18
47183,TN,Weakley,91
47185,TN,White,21
47187,TN,Williamson,183
47189,TN,Wilson,114
48001,TX,Anderson,452
48003,TX,Andrews,0
48005,TX,Angelina,147
48007,TX,Aransas,0
48009,TX,Archer,0
48011,TX,Armstrong,0
48013,TX,Atascosa,1362
48015,TX,Austin,34
48017,TX,Bailey,772
48019,TX,Bandera,11
48021,TX,Bastrop,81
48023,TX,Baylor,0
48025,TX,Bee,9
48027,TX,Bell,47
48029,TX,Bexar,692
48031,TX,Blanco,30
48033,TX,Borden,0
48035,TX,Bosque,3
48037,TX,Bowie,45
48039,TX,Brazoria,2111
48041,TX,Brazos,49
48051,TX,Burleson,1403
48053,TX,Burnet,90
48055,TX,Caldwell,87
48059,TX,Callahan,21
48061,TX,Cameron,3142
48063,TX,Camp,43
48065,TX,Carson,0
48067,TX,Cass,84
48069,TX,Castro,339
48073,TX,Cherokee,433
48075,TX,Childress,0
48077,TX,Clay,141
48085,TX,Collin,220
48087,TX,Collingsworth,0
48089,TX,Colorado,2
48091,TX,Comal,4
48093,TX,Comanche,543
48095,TX,Concho,0
48097,TX,Cooke,54
48099,TX,Coryell,249
48103,TX,Crane,0
48105,TX,Crockett,0
48107,TX,Crosby,0
48111,TX,Dallam,1125
48113,TX,Dallas,51
48115,TX,Dawson,0
48119,TX,Delta,25
48121,TX,Denton,62
48123,TX,DeWitt,16
48125,TX,Dickens,0
48129,TX,Donley,23
48133,TX,Eastland,54
48135,TX,Ector,6
48137,TX,Edwards,0
48139,TX,Ellis,71
48141,TX,El Paso,233
48143,TX,Erath,14
48145,TX,Falls,476
48147,TX,Fannin,32
48149,TX,Fayette,37
48153,TX,Floyd,296
48155,TX,Foard,0
48157,TX,Fort Bend,83
48159,TX,Franklin,35
48161,TX,Freestone,41
48163,TX,Frio,14746
48165,TX,Gaines,2268
48167,TX,Galveston,37
48169,TX,Garza,0
48171,TX,Gillespie,400
48173,TX,Glasscock,413
48175,TX,Goliad,6
48177,TX,Gonzales,23
48179,TX,Gray,0
48181,TX,Grayson,21
48187,TX,Guadalupe,131
48189,TX,Hale,2882
48191,TX,Hall,0
48199,TX,Hardin,17
48201,TX,Harris,775
48203,TX,Harrison,147
48207,TX,Haskell,0
48209,TX,Hays,29
48211,TX,Hemphill,0
48213,TX,Henderson,189
48215,TX,Hidalgo,37145
48217,TX,Hill,27
48221,TX,Hood,16
48225,TX,Houston,971
48229,TX,Hudspeth,2190
48231,TX,Hunt,261
48233,TX,Hutchinson,0
48237,TX,Jack,0
48239,TX,Jackson,0
48241,TX,Jasper,82
48243,TX,Jeff Davis,0
48245,TX,Jefferson,38
48247,TX,Jim Hogg,0
48249,TX,Jim Wells,2025
48251,TX,Johnson,72
48253,TX,Jones,23
48257,TX,Kaufman,19
48259,TX,Kendall,11
48261,TX,Kenedy,0
48263,TX,Kent,0
48267,TX,Kimble,0
48269,TX,King,0
48275,TX,Knox,0
48277,TX,Lamar,28
48279,TX,Lamb,1605
48281,TX,Lampasas,13
48283,TX,La Salle,625
48285,TX,Lavaca,91
48287,TX,Lee,52
48289,TX,Leon,16
48291,TX,Liberty,16
48293,TX,Limestone,125
48295,TX,Lipscomb,0
48301,TX,Loving,0
48303,TX,Lubbock,473
48305,TX,Lynn,0
48309,TX,McLennan,159
48311,TX,McMullen,0
48313,TX,Madison,603
48321,TX,Matagorda,17
48323,TX,Maverick,65
48325,TX,Medina,2492
48331,TX,Milam,97
48333,TX,Mills,6
48335,TX,Mitchell,0
48337,TX,Montague,25
48339,TX,Montgomery,64
48341,TX,Moore,0
48343,TX,Morris,23
48345,TX,Motley,0
48347,TX,Nacogdoches,84
48349,TX,Navarro,141
48351,TX,Newton,27
48355,TX,Nueces,26
48359,TX,Oldham,0
48361,TX,Orange,22
48363,TX,Palo Pinto,38
48365,TX,Panola,74
48367,TX,Parker,137
48369,TX,Parmer,1886
48373,TX,Polk,39
48379,TX,Rains,205
48381,TX,Randall,6
48383,TX,Reagan,0
48385,TX,Real,0
48387,TX,Red River,21
48393,TX,Roberts,0
48395,TX,Robertson,46
48401,TX,Rusk,305
48403,TX,Sabine,7
48405,TX,San Augustine,9
48407,TX,San Jacinto,16
48409,TX,San Patricio,19
48411,TX,San Saba,33
48417,TX,Shackelford,0
48419,TX,Shelby,1332
48423,TX,Smith,712
48425,TX,Somervell,6
48427,TX,Starr,859
48431,TX,Sterling,0
48433,TX,Stonewall,0
48435,TX,Sutton,0
48439,TX,Tarrant,28
48443,TX,Terrell,0
48445,TX,Terry,2973
48447,TX,Throckmorton,0
48449,TX,Titus,10
48451,TX,Tom Green,10
48453,TX,Travis,216
48455,TX,Trinity,38
48457,TX,Tyler,52
48459,TX,Upshur,52
48463,TX,Uvalde,5196
48465,TX,Val Verde,0
48467,TX,Van Zandt,1259
48469,TX,Victoria,87
48471,TX,Walker,224
48473,TX,Waller,1600
48475,TX,Ward,0
48477,TX,Washington,39
48479,TX,Webb,0
48481,TX,Wharton,172
48487,TX,Wilbarger,0
48489,TX,Willacy,972
48491,TX,Williamson,98
48493,TX,Wilson,954
48495,TX,Winkler,0
48497,TX,Wise,341
48499,TX,Wood,439
48501,TX,Yoakum,3096
48503,TX,Young,0
48507,TX,Zavala,3430
49001,UT,Beaver,0
49003,UT,Box Elder,982
49005,UT,Cache,95
49007,UT,Carbon,4
49009,UT,Daggett,0
49011,UT,Davis,1454
49015,UT,Emery,175
49017,UT,Garfield,12
49019,UT,Grand,171
49023,UT,Juab,0
49027,UT,Millard,5
49029,UT,Morgan,5
49031,UT,Piute,3
49033,UT,Rich,0
49035,UT,Salt Lake,554
49037,UT,San Juan,79
49039,UT,Sanpete,179
49041,UT,Sevier,81
49043,UT,Summit,9
49045,UT,Tooele,53
49049,UT,Utah,723
49053,UT,Washington,59
49057,UT,Weber,617
50001,VT,Addison,258
50003,VT,Bennington,128
50005,VT,Caledonia,147
50007,VT,Chittenden,830
50009,VT,Essex,19
50011,VT,Franklin,127
50013,VT,Grand Isle,54
50015,VT,Lamoille,102
50017,VT,Orange,413
50019,VT,Orleans,161
50021,VT,Rutland,359
50023,VT,Washington,278
50025,VT,Windham,751
50027,VT,Windsor,270
51001,VA,Accomack,5124
51003,VA,Albemarle,42
51005,VA,Alleghany,8
51007,VA,Amelia,20
51009,VA,Amherst,11
51011,VA,Appomattox,57
51013,VA,Arlington,0
51015,VA,Augusta,169
51017,VA,Bath,3
51019,VA,Bedford,64
51023,VA,Botetourt,120
51025,VA,Brunswick,28
51027,VA,Buchanan,2
51029,VA,Buckingham,9
51031,VA,Campbell,41
51033,VA,Caroline,236
51035,VA,Carroll,1863
51036,VA,Charles City,18
51037,VA,Charlotte,195
51043,VA,Clarke,50
51045,VA,Craig,24
51047,VA,Culpeper,67
51051,VA,Dickenson,4
51053,VA,Dinwiddie,97
51057,VA,Essex,18
51059,VA,Fairfax,9
51061,VA,Fauquier,138
51063,VA,Floyd,136
51065,VA,Fluvanna,40
51067,VA,Franklin,58
51069,VA,Frederick,40
51071,VA,Giles,20
51073,VA,Gloucester,8
51075,VA,Goochland,18
51077,VA,Grayson,25
51079,VA,Greene,23
51081,VA,Greensville,30
51083,VA,Halifax,318
51085,VA,Hanover,797
51087,VA,Henrico,66
51089,VA,Henry,28
51091,VA,Highland,16
51093,VA,Isle of Wight,27
51095,VA,James City,65
51097,VA,King and Queen,142
51099,VA,King George,337
51101,VA,King William,7
51103,VA,Lancaster,5
51105,VA,Lee,58
51107,VA,Loudoun,286
51109,VA,Louisa,68
51111,VA,Lunenburg,12
51113,VA,Madison,63
51117,VA,Mecklenburg,22
51121,VA,Montgomery,80
51125,VA,Nelson,451
51127,VA,New Kent,83
51131,VA,Northampton,5019
51133,VA,Northumberland,10
51135,VA,Nottoway,18
51137,VA,Orange,59
51139,VA,Page,23
51141,VA,Patrick,250
51143,VA,Pittsylvania,230
51145,VA,Powhatan,31
51147,VA,Prince Edward,3
51149,VA,Prince George,42
51153,VA,Prince William,70
51157,VA,Rappahannock,59
51159,VA,Richmond,155
51161,VA,Roanoke,72
51163,VA,Rockbridge,48
51165,VA,Rockingham,372
51167,VA,Russell,19
51169,VA,Scott,116
51171,VA,Shenandoah,91
51173,VA,Smyth,23
51175,VA,Southampton,376
51177,VA,Spotsylvania,62
51179,VA,Stafford,17
51181,VA,Surry,54
51183,VA,Sussex,10
51185,VA,Tazewell,39
51187,VA,Warren,32
51191,VA,Washington,101
51193,VA,Westmoreland,2198
51195,VA,Wise,10
51197,VA,Wythe,203
51199,VA,York,28
51550,VA,Chesapeake,79
51650,VA,Hampton,0
51700,VA,Newport News,0
51800,VA,Suffolk,73
51810,VA,Virginia Beach,158
53001,WA,Adams,28642
53003,WA,Asotin,59
53005,WA,Benton,83081
53007,WA,Chelan,40
53009,WA,Clallam,133
53011,WA,Clark,418
53013,WA,Columbia,4
53015,WA,Cowlitz,6273
53017,WA,Douglas,11
53019,WA,Ferry,32
53021,WA,Franklin,63696
53025,WA,Grant,97142
53027,WA,Grays Harbor,6678
53031,WA,Jefferson,53
53033,WA,King,1021
53037,WA,Kittitas,2635
53041,WA,Lewis,3925
53043,WA,Lincoln,2967
53049,WA,Pacific,7
53051,WA,Pend Oreille,11
53053,WA,Pierce,1324
53057,WA,Skagit,17880
53059,WA,Skamania,9
53061,WA,Snohomish,1846
53063,WA,Spokane,1613
53065,WA,Stevens,129
53067,WA,Thurston,233
53069,WA,Wahkiakum,5
53071,WA,Walla Walla,19619
53073,WA,Whatcom,3152
53075,WA,Whitman,11
53077,WA,Yakima,7305
54001,WV,Barbour,13
54003,WV,Berkeley,150
54007,WV,Braxton,19
54011,WV,Cabell,44
54013,WV,Calhoun,20
54017,WV,Doddridge,25
54019,WV,Fayette,28
54023,WV,Grant,10
54025,WV,Greenbrier,84
54027,WV,Hampshire,169
54031,WV,Hardy,7
54033,WV,Harrison,26
54035,WV,Jackson,54
54037,WV,Jefferson,192
54039,WV,Kanawha,57
54041,WV,Lewis,47
54043,WV,Lincoln,14
54045,WV,Logan,0
54049,WV,Marion,42
54051,WV,Marshall,32
54053,WV,Mason,101
54055,WV,Mercer,11
54057,WV,Mineral,151
54059,WV,Mingo,0
54061,WV,Monongalia,22
54063,WV,Monroe,78
54065,WV,Morgan,57
54067,WV,Nicholas,30
54069,WV,Ohio,5
54073,WV,Pleasants,15
54075,WV,Pocahontas,25
54077,WV,Preston,180
54079,WV,Putnam,114
54081,WV,Raleigh,15
54083,WV,Randolph,27
54085,WV,Ritchie,27
54089,WV,Summers,25
54091,WV,Taylor,3
54093,WV,Tucker,12
54095,WV,Tyler,31
54097,WV,Upshur,55
54101,WV,Webster,12
54103,WV,Wetzel,10
54105,WV,Wirt,0
54107,WV,Wood,33
55001,WI,Adams,34973
55003,WI,Ashland,13
55005,WI,Barron,9956
55007,WI,Bayfield,35
55009,WI,Brown,490
55011,WI,Buffalo,146
55013,WI,Burnett,36
55015,WI,Calumet,2254
55017,WI,Chippewa,353
55019,WI,Clark,233
55021,WI,Columbia,2152
55023,WI,Crawford,65
55025,WI,Dane,2083
55027,WI,Dodge,9069
55029,WI,Door,8424
55031,WI,Douglas,5
55033,WI,Dunn,5110
55035,WI,Eau Claire,1889
55037,WI,Florence,0
55039,WI,Fond du Lac,13020
55043,WI,Grant,111
55045,WI,Green,1020
55047,WI,Green Lake,11560
55051,WI,Iron,6
55053,WI,Jackson,89
55055,WI,Jefferson,1343
55057,WI,Juneau,3401
55059,WI,Kenosha,1035
55061,WI,Kewaunee,1510
55063,WI,La Crosse,338
55065,WI,Lafayette,24
55067,WI,Langlade,18185
55069,WI,Lincoln,37
55071,WI,Manitowoc,2788
55073,WI,Marathon,3889
55075,WI,Marinette,2707
55077,WI,Marquette,2521
55078,WI,Menominee,0
55079,WI,Milwaukee,215
55081,WI,Monroe,131
55083,WI,Oconto,3955
55087,WI,Outagamie,2846
55089,WI,Ozaukee,1516
55091,WI,Pepin,148
55093,WI,Pierce,507
55095,WI,Polk,3656
55097,WI,Portage,73005
55099,WI,Price,5
55101,WI,Racine,3749
55103,WI,Richland,217
55105,WI,Rock,5173
55107,WI,Rusk,8
55109,WI,St. Croix,1651
55111,WI,Sauk,2084
55113,WI,Sawyer,7
55115,WI,Shawano,397
55117,WI,Sheboygan,4150
55119,WI,Taylor,30
55121,WI,Trempealeau,2329
55123,WI,Vernon,612
55127,WI,Walworth,1783
55129,WI,Washburn,134
55131,WI,Washington,1697
55133,WI,Waukesha,998
55135,WI,Waupaca,1612
55137,WI,Waushara,30140
55139,WI,Winnebago,777
55141,WI,Wood,74
56001,WY,Albany,2
56003,WY,Big Horn,3
56005,WY,Campbell,0
56013,WY,Fremont,23
56019,WY,Johnson,0
56025,WY,Natrona,5
56029,WY,Park,6
56033,WY,Sheridan,4
56037,WY,Sweetwater,0
56039,WY,Teton,0
56041,WY,Uinta,0
56045,WY,Weston,0
