CountyFIPS,state,county,specspth16
01001,AL,Autauga,.018090401
01003,AL,Baldwin,.13011484
01005,AL,Barbour,.077597581
01007,AL,Bibb,0
01009,AL,Blount,0
01011,AL,Bullock,0
01013,AL,Butler,0
01015,AL,Calhoun,.0086971996
01017,AL,Chambers,.029658601
01019,AL,Cherokee,0
01021,AL,Chilton,.068446271
01023,AL,Choctaw,0
01025,AL,Clarke,.041067801
01027,AL,Clay,0
01029,AL,Cleburne,0
01031,AL,Coffee,0
01033,AL,Colbert,.073628217
01035,AL,Conecuh,0
01037,AL,Coosa,0
01039,AL,Covington,.080243945
01041,AL,Crenshaw,.071906231
01043,AL,Cullman,.048589699
01045,AL,Dale,.0203136
01047,AL,Dallas,0
01049,AL,DeKalb,.0421254
01051,AL,Elmore,0
01053,AL,Escambia,0
01055,AL,Etowah,.058407798
01057,AL,Fayette,0
01059,AL,Franklin,.0316686
01061,AL,Geneva,.037713099
01063,AL,Greene,0
01065,AL,Hale,0
01067,AL,Henry,.1170138
01069,AL,Houston,.057596501
01071,AL,Jackson,.0384253
01073,AL,Jefferson,.060629301
01075,AL,Lamar,0
01077,AL,Lauderdale,.043327998
01079,AL,Lawrence,.0300915
01081,AL,Lee,.01258
01083,AL,Limestone,.0215239
01085,AL,Lowndes,0
01087,AL,Macon,0
01089,AL,Madison,.064550169
01091,AL,Marengo,.051268902
01093,AL,Marion,.066840455
01095,AL,Marshall,.042086199
01097,AL,Mobile,.060262501
01099,AL,Monroe,0
01101,AL,Montgomery,.057340499
01103,AL,Morgan,.033664599
01105,AL,Perry,0
01107,AL,Pickens,0
01109,AL,Pike,0
01111,AL,Randolph,.088896789
01113,AL,Russell,0
01115,AL,St. Clair,.0114309
01117,AL,Shelby,.0426393
01119,AL,Sumter,0
01121,AL,Talladega,0
01123,AL,Tallapoosa,0
01125,AL,Tuscaloosa,.0193909
01127,AL,Walker,0
01129,AL,Washington,0
01131,AL,Wilcox,0
01133,AL,Winston,0
02013,AK,Aleutians East,0
02016,AK,Aleutians West,.17400382
02020,AK,Anchorage,.067254923
02050,AK,Bethel,0
02060,AK,Bristol Bay,0
02068,AK,Denali,0
02070,AK,Dillingham,0
02090,AK,Fairbanks North Star,.059641
02100,AK,Haines,0
02105,AK,Hoonah-Angoon,0
02110,AK,Juneau,.092578307
02122,AK,Kenai Peninsula,.15373315
02130,AK,Ketchikan Gateway,.43709478
02150,AK,Kodiak Island,.073104762
02164,AK,Lake and Peninsula,0
02170,AK,Matanuska-Susitna,.048020098
02180,AK,Nome,0
02185,AK,North Slope,0
02188,AK,Northwest Arctic,0
02195,AK,Petersburg,0
02198,AK,Prince of Wales-Hyder,0
02220,AK,Sitka,0
02230,AK,Skagway,0
02240,AK,Southeast Fairbanks,0
02261,AK,Valdez-Cordova,.21413276
02270,AK,Wade Hampton,0
02275,AK,Wrangell,0
02282,AK,Yakutat,0
02290,AK,Yukon-Koyukuk,0
04001,AZ,Apache,0
04003,AZ,Cochise,.071796097
04005,AZ,Coconino,.085665949
04007,AZ,Gila,.018762801
04009,AZ,Graham,.052956302
04011,AZ,Greenlee,0
04012,AZ,La Paz,.048725799
04013,AZ,Maricopa,.0503144
04015,AZ,Mohave,.053557999
04017,AZ,Navajo,.027695199
04019,AZ,Pima,.06814687
04021,AZ,Pinal,.0264987
04023,AZ,Santa Cruz,.10851872
04025,AZ,Yavapai,.057941802
04027,AZ,Yuma,.024335301
05001,AR,Arkansas,0
05003,AR,Ashley,0
05005,AR,Baxter,.048608601
05007,AR,Benton,.06957759
05009,AR,Boone,.080664679
05011,AR,Bradley,0
05013,AR,Calhoun,0
05015,AR,Carroll,.18032314
05017,AR,Chicot,0
05019,AR,Clark,0
05021,AR,Clay,0
05023,AR,Cleburne,0
05025,AR,Cleveland,0
05027,AR,Columbia,0
05029,AR,Conway,0
05031,AR,Craighead,.028360499
05033,AR,Crawford,.080309674
05035,AR,Crittenden,.040551499
05037,AR,Cross,.058695801
05039,AR,Dallas,.26917902
05041,AR,Desha,0
05043,AR,Drew,.053682599
05045,AR,Faulkner,.032764599
05047,AR,Franklin,.056589901
05049,AR,Fulton,0
05051,AR,Garland,.071260601
05053,AR,Grant,0
05055,AR,Greene,.044727702
05057,AR,Hempstead,.045400899
05059,AR,Hot Spring,0
05061,AR,Howard,.14883167
05063,AR,Independence,.053917099
05065,AR,Izard,.074128985
05067,AR,Jackson,0
05069,AR,Jefferson,.0284325
05071,AR,Johnson,0
05073,AR,Lafayette,.28868359
05075,AR,Lawrence,.060099799
05077,AR,Lee,0
05079,AR,Lincoln,0
05081,AR,Little River,0
05083,AR,Logan,0
05085,AR,Lonoke,.027871801
05087,AR,Madison,.062092502
05089,AR,Marion,0
05091,AR,Miller,.0227925
05093,AR,Mississippi,.023318199
05095,AR,Monroe,0
05097,AR,Montgomery,0
05099,AR,Nevada,0
05101,AR,Newton,.12708095
05103,AR,Ouachita,0
05105,AR,Perry,0
05107,AR,Phillips,.052493401
05109,AR,Pike,0
05111,AR,Poinsett,0
05113,AR,Polk,0
05115,AR,Pope,.0469836
05117,AR,Prairie,0
05119,AR,Pulaski,.086365215
05121,AR,Randolph,0
05123,AR,St. Francis,0
05125,AR,Saline,.0170101
05127,AR,Scott,0
05129,AR,Searcy,.12554927
05131,AR,Sebastian,.070551164
05133,AR,Sevier,0
05135,AR,Sharp,0
05137,AR,Stone,0
05139,AR,Union,.075250208
05141,AR,Van Buren,.060161199
05143,AR,Washington,.057117801
05145,AR,White,0
05147,AR,Woodruff,0
05149,AR,Yell,0
06001,CA,Alameda,.080448285
06003,CA,Alpine,0
06005,CA,Amador,.13342941
06007,CA,Butte,.057388801
06009,CA,Calaveras,.066203244
06011,CA,Colusa,.23100023
06013,CA,Contra Costa,.066746004
06015,CA,Del Norte,.072859742
06017,CA,El Dorado,.064421922
06019,CA,Fresno,.07452523
06021,CA,Glenn,.17878214
06023,CA,Humboldt,.095273688
06025,CA,Imperial,.0386783
06027,CA,Inyo,.11090163
06029,CA,Kern,.0451933
06031,CA,Kings,.0333785
06033,CA,Lake,.0156372
06035,CA,Lassen,.096949331
06037,CA,Los Angeles,.077532686
06039,CA,Madera,.064530283
06041,CA,Marin,.057354402
06043,CA,Mariposa,0
06045,CA,Mendocino,.13697223
06047,CA,Merced,.06694486
06049,CA,Modoc,0
06051,CA,Mono,.070916958
06053,CA,Monterey,.10083348
06055,CA,Napa,.098835856
06057,CA,Nevada,.12114727
06059,CA,Orange,.067658938
06061,CA,Placer,.057934102
06063,CA,Plumas,.15968488
06065,CA,Riverside,.0502824
06067,CA,Sacramento,.055509299
06069,CA,San Benito,.0168535
06071,CA,San Bernardino,.044452101
06073,CA,San Diego,.068431206
06075,CA,San Francisco,.20317246
06077,CA,San Joaquin,.070816323
06079,CA,San Luis Obispo,.12398949
06081,CA,San Mateo,.068870433
06083,CA,Santa Barbara,.082904622
06085,CA,Santa Clara,.068338014
06087,CA,Santa Cruz,.10901321
06089,CA,Shasta,.07271751
06091,CA,Sierra,0
06093,CA,Siskiyou,.068948083
06095,CA,Solano,.072674751
06097,CA,Sonoma,.13695014
06099,CA,Stanislaus,.083125062
06101,CA,Sutter,.10410377
06103,CA,Tehama,.078809656
06105,CA,Trinity,.077887684
06107,CA,Tulare,.073779121
06109,CA,Tuolumne,.11155112
06111,CA,Ventura,.071672291
06113,CA,Yolo,.083349153
06115,CA,Yuba,.1064042
08001,CO,Adams,.052272301
08003,CO,Alamosa,.060768101
08005,CO,Arapahoe,.065939344
08007,CO,Archuleta,.15581177
08009,CO,Baca,0
08011,CO,Bent,.17602535
08013,CO,Boulder,.077839673
08014,CO,Broomfield,.090213358
08015,CO,Chaffee,.10481082
08017,CO,Cheyenne,0
08019,CO,Clear Creek,.10682619
08021,CO,Conejos,0
08023,CO,Costilla,0
08025,CO,Crowley,0
08027,CO,Custer,0
08029,CO,Delta,.16476636
08031,CO,Denver,.071965538
08033,CO,Dolores,0
08035,CO,Douglas,.0610273
08037,CO,Eagle,.18394525
08039,CO,Elbert,.079869017
08041,CO,El Paso,.062617771
08043,CO,Fremont,.042638499
08045,CO,Garfield,.10185719
08047,CO,Gilpin,0
08049,CO,Grand,.066098221
08051,CO,Gunnison,.12127827
08053,CO,Hinsdale,0
08055,CO,Huerfano,0
08057,CO,Jackson,0
08059,CO,Jefferson,.059561498
08061,CO,Kiowa,0
08063,CO,Kit Carson,0
08065,CO,Lake,0
08067,CO,La Plata,.16299623
08069,CO,Larimer,.10338787
08071,CO,Las Animas,.070987433
08073,CO,Lincoln,0
08075,CO,Logan,.091220066
08077,CO,Mesa,.12016503
08079,CO,Mineral,0
08081,CO,Moffat,0
08083,CO,Montezuma,.076997116
08085,CO,Montrose,.09718173
08087,CO,Morgan,.071268216
08089,CO,Otero,.054827601
08091,CO,Ouray,.20903011
08093,CO,Park,0
08095,CO,Phillips,.23359029
08097,CO,Pitkin,.16765396
08099,CO,Prowers,0
08101,CO,Pueblo,.084933937
08103,CO,Rio Blanco,.15424958
08105,CO,Rio Grande,.088198975
08107,CO,Routt,.24312168
08109,CO,Saguache,0
08111,CO,San Juan,0
08113,CO,San Miguel,.25113007
08115,CO,Sedgwick,0
08117,CO,Summit,.23077938
08119,CO,Teller,.083194673
08121,CO,Washington,.20635575
08123,CO,Weld,.0271884
08125,CO,Yuma,.098833762
09001,CT,Fairfield,.099031702
09003,CT,Hartford,.07481879
09005,CT,Litchfield,.071000621
09007,CT,Middlesex,.073424585
09009,CT,New Haven,.07209529
09011,CT,New London,.092830859
09013,CT,Tolland,.0463131
09015,CT,Windham,.051705401
10001,DE,Kent,.040056299
10003,DE,New Castle,.073496327
10005,DE,Sussex,.13176247
11001,DC,District of Columbia,.090598769
12001,FL,Alachua,.0453959
12003,FL,Baker,.035822999
12005,FL,Bay,.098364957
12007,FL,Bradford,.037413899
12009,FL,Brevard,.060564201
12011,FL,Broward,.07928551
12013,FL,Calhoun,0
12015,FL,Charlotte,.050517201
12017,FL,Citrus,.048954502
12019,FL,Clay,.048253201
12021,FL,Collier,.073751345
12023,FL,Columbia,.043306299
12027,FL,DeSoto,0
12029,FL,Dixie,0
12031,FL,Duval,.10147024
12033,FL,Escambia,.076994397
12035,FL,Flagler,.055656001
12037,FL,Franklin,.16950589
12039,FL,Gadsden,.0216661
12041,FL,Gilchrist,0
12043,FL,Glades,0
12045,FL,Gulf,.062111799
12047,FL,Hamilton,0
12049,FL,Hardee,0
12051,FL,Hendry,.075681128
12053,FL,Hernando,.0164626
12055,FL,Highlands,.029539799
12057,FL,Hillsborough,.082511418
12059,FL,Holmes,.051527798
12061,FL,Indian River,.085875466
12063,FL,Jackson,.062122099
12065,FL,Jefferson,.14354411
12067,FL,Lafayette,0
12069,FL,Lake,.056643501
12071,FL,Lee,.07750801
12073,FL,Leon,.083602138
12075,FL,Levy,0
12077,FL,Liberty,0
12079,FL,Madison,0
12081,FL,Manatee,.0585787
12083,FL,Marion,.034469001
12085,FL,Martin,.063097849
12086,FL,Miami-Dade,.097933777
12087,FL,Monroe,.27165475
12089,FL,Nassau,.062560998
12091,FL,Okaloosa,.060025498
12093,FL,Okeechobee,0
12095,FL,Orange,.086128868
12097,FL,Osceola,.041421302
12099,FL,Palm Beach,.10180441
12101,FL,Pasco,.056800298
12103,FL,Pinellas,.096662946
12105,FL,Polk,.038979501
12107,FL,Putnam,.055245601
12109,FL,St. Johns,.157416
12111,FL,St. Lucie,.0457398
12113,FL,Santa Rosa,.023520701
12115,FL,Sarasota,.099302702
12117,FL,Seminole,.0569783
12119,FL,Sumter,.032754399
12121,FL,Suwannee,.0228128
12123,FL,Taylor,.090424091
12125,FL,Union,0
12127,FL,Volusia,.054816499
12129,FL,Wakulla,.15681355
12131,FL,Walton,.21393643
12133,FL,Washington,.081799589
13001,GA,Appling,0
13003,GA,Atkinson,.12019231
13005,GA,Bacon,0
13007,GA,Baker,0
13009,GA,Baldwin,.0221288
13011,GA,Banks,0
13013,GA,Barrow,.0259434
13015,GA,Bartow,.0096682999
13017,GA,Ben Hill,.17452008
13019,GA,Berrien,.052592799
13021,GA,Bibb,.058744799
13023,GA,Bleckley,.077531397
13025,GA,Brantley,0
13027,GA,Brooks,0
13029,GA,Bryan,0
13031,GA,Bulloch,.0267662
13033,GA,Burke,.0442321
13035,GA,Butts,0
13037,GA,Calhoun,0
13039,GA,Camden,.038156301
13043,GA,Candler,.18323408
13045,GA,Carroll,.034396499
13047,GA,Catoosa,.030180899
13049,GA,Charlton,0
13051,GA,Chatham,.11403297
13053,GA,Chattahoochee,.099009901
13055,GA,Chattooga,0
13057,GA,Cherokee,.057946999
13059,GA,Clarke,.0239965
13061,GA,Clay,0
13063,GA,Clayton,.035713501
13065,GA,Clinch,.1472971
13067,GA,Cobb,.041307099
13069,GA,Coffee,.069743112
13071,GA,Colquitt,.087582931
13073,GA,Columbia,.0067819101
13075,GA,Cook,0
13077,GA,Coweta,.035594299
13079,GA,Crawford,0
13081,GA,Crisp,0
13083,GA,Dade,0
13085,GA,Dawson,0
13087,GA,Decatur,.037432201
13089,GA,DeKalb,.073658414
13091,GA,Dodge,0
13093,GA,Dooly,0
13095,GA,Dougherty,.066375352
13097,GA,Douglas,.0140824
13099,GA,Early,0
13101,GA,Echols,0
13103,GA,Effingham,0
13105,GA,Elbert,0
13107,GA,Emanuel,.089269772
13109,GA,Evans,.09373828
13111,GA,Fannin,.040014401
13113,GA,Fayette,.044944599
13115,GA,Floyd,.0206996
13117,GA,Forsyth,.040896598
13119,GA,Franklin,0
13121,GA,Fulton,.073224455
13123,GA,Gilmer,.033296701
13125,GA,Glascock,0
13127,GA,Glynn,.094643198
13129,GA,Gordon,.052643601
13131,GA,Grady,.080343872
13133,GA,Greene,.059035402
13135,GA,Gwinnett,.057325501
13137,GA,Habersham,.045272399
13139,GA,Hall,.0560547
13141,GA,Hancock,0
13143,GA,Haralson,.034682501
13145,GA,Harris,0
13147,GA,Hart,0
13149,GA,Heard,0
13151,GA,Henry,.022588201
13153,GA,Houston,.0263397
13155,GA,Irwin,0
13157,GA,Jackson,.046169501
13159,GA,Jasper,0
13161,GA,Jeff Davis,0
13163,GA,Jefferson,0
13165,GA,Jenkins,0
13167,GA,Johnson,0
13169,GA,Jones,.070045181
13171,GA,Lamar,.054141901
13173,GA,Lanier,.095657162
13175,GA,Laurens,.084760129
13177,GA,Lee,0
13179,GA,Liberty,.032578599
13181,GA,Lincoln,0
13183,GA,Long,.053780802
13185,GA,Lowndes,.11372981
13187,GA,Lumpkin,.063435674
13189,GA,McDuffie,.046606999
13191,GA,McIntosh,0
13193,GA,Macon,.073964499
13195,GA,Madison,0
13197,GA,Marion,0
13199,GA,Meriwether,0
13201,GA,Miller,.1700391
13205,GA,Mitchell,0
13207,GA,Monroe,0
13209,GA,Montgomery,0
13211,GA,Morgan,.11036918
13213,GA,Murray,0
13215,GA,Muscogee,.035658401
13217,GA,Newton,.0375305
13219,GA,Oconee,.027125301
13221,GA,Oglethorpe,0
13223,GA,Paulding,.0257443
13225,GA,Peach,.037176099
13227,GA,Pickens,.032578599
13229,GA,Pierce,.052034602
13231,GA,Pike,0
13233,GA,Polk,0
13235,GA,Pulaski,.088440791
13237,GA,Putnam,0
13239,GA,Quitman,0
13241,GA,Rabun,0
13243,GA,Randolph,0
13245,GA,Richmond,.074254483
13247,GA,Rockdale,.0335664
13249,GA,Schley,0
13251,GA,Screven,0
13253,GA,Seminole,0
13255,GA,Spalding,0
13257,GA,Stephens,0
13259,GA,Stewart,0
13261,GA,Sumter,.098830506
13263,GA,Talbot,0
13265,GA,Taliaferro,0
13267,GA,Tattnall,.039555401
13269,GA,Taylor,0
13271,GA,Telfair,0
13273,GA,Terrell,.11251125
13275,GA,Thomas,.044355702
13277,GA,Tift,.049200501
13279,GA,Toombs,0
13281,GA,Towns,.088113487
13283,GA,Treutlen,0
13285,GA,Troup,.0143316
13287,GA,Turner,.25087807
13289,GA,Twiggs,0
13291,GA,Union,.044130601
13293,GA,Upson,.038148999
13295,GA,Walker,0
13297,GA,Walton,0
13299,GA,Ware,.027951701
13301,GA,Warren,.18580453
13303,GA,Washington,.049157001
13305,GA,Wayne,.033349998
13307,GA,Webster,0
13309,GA,Wheeler,0
13311,GA,White,.069384217
13313,GA,Whitfield,.038205098
13315,GA,Wilcox,0
13317,GA,Wilkes,0
13319,GA,Wilkinson,0
13321,GA,Worth,.048264898
15001,HI,Hawaii,.050331902
15003,HI,Honolulu,.11382397
15005,HI,Kalawao,0
15007,HI,Kauai,.0557344
15009,HI,Maui,.07255841
16001,ID,Ada,.094537318
16003,ID,Adams,0
16005,ID,Bannock,.059256501
16007,ID,Bear Lake,0
16009,ID,Benewah,0
16011,ID,Bingham,.11048503
16013,ID,Blaine,0
16015,ID,Boise,0
16017,ID,Bonner,.047233298
16019,ID,Bonneville,.062486101
16021,ID,Boundary,.08583691
16023,ID,Butte,0
16025,ID,Camas,0
16027,ID,Canyon,.0852632
16029,ID,Caribou,.14480162
16031,ID,Cassia,.042622101
16033,ID,Clark,0
16035,ID,Clearwater,0
16037,ID,Custer,0
16039,ID,Elmore,.07665772
16041,ID,Franklin,0
16043,ID,Fremont,0
16045,ID,Gem,.11779257
16047,ID,Gooding,0
16049,ID,Idaho,.18486567
16051,ID,Jefferson,0
16053,ID,Jerome,.085995615
16055,ID,Kootenai,.0457086
16057,ID,Latah,.18044958
16059,ID,Lemhi,0
16061,ID,Lewis,.26021338
16063,ID,Lincoln,0
16065,ID,Madison,.077357471
16067,ID,Minidoka,.048583802
16069,ID,Nez Perce,0
16071,ID,Oneida,0
16073,ID,Owyhee,0
16075,ID,Payette,.087260038
16077,ID,Power,0
16079,ID,Shoshone,0
16081,ID,Teton,.090203859
16083,ID,Twin Falls,.059854399
16085,ID,Valley,.095996931
16087,ID,Washington,.099364072
17001,IL,Adams,.044995699
17003,IL,Alexander,0
17005,IL,Bond,.0593789
17007,IL,Boone,.0373399
17009,IL,Brown,0
17011,IL,Bureau,0
17013,IL,Calhoun,0
17015,IL,Carroll,.068441585
17017,IL,Cass,0
17019,IL,Champaign,.066900179
17021,IL,Christian,0
17023,IL,Clark,.12619889
17025,IL,Clay,.15025167
17027,IL,Clinton,.079861574
17029,IL,Coles,.038159199
17031,IL,Cook,.080858573
17033,IL,Crawford,.052241102
17035,IL,Cumberland,0
17037,IL,DeKalb,.019148501
17039,IL,De Witt,0
17041,IL,Douglas,.15175274
17043,IL,DuPage,.090210736
17045,IL,Edgar,0
17047,IL,Edwards,0
17049,IL,Effingham,.0585103
17051,IL,Fayette,0
17053,IL,Ford,0
17055,IL,Franklin,0
17057,IL,Fulton,.0281555
17059,IL,Gallatin,0
17061,IL,Greene,.22867596
17063,IL,Grundy,.059678901
17065,IL,Hamilton,.24393219
17067,IL,Hancock,.054887801
17069,IL,Hardin,0
17071,IL,Henderson,0
17073,IL,Henry,.0605767
17075,IL,Iroquois,0
17077,IL,Jackson,.033879898
17079,IL,Jasper,0
17081,IL,Jefferson,.026104201
17083,IL,Jersey,.0455685
17085,IL,Jo Daviess,0
17087,IL,Johnson,0
17089,IL,Kane,.073232152
17091,IL,Kankakee,.045432702
17093,IL,Kendall,.056191999
17095,IL,Knox,.019629
17097,IL,Lake,.065254241
17099,IL,LaSalle,.054295201
17101,IL,Lawrence,0
17103,IL,Lee,.029070601
17105,IL,Livingston,0
17107,IL,Logan,.10225646
17109,IL,McDonough,.031860299
17111,IL,McHenry,.061693899
17113,IL,McLean,.034744699
17115,IL,Macon,.056258298
17117,IL,Macoupin,.0657131
17119,IL,Madison,.064006507
17121,IL,Marion,.0262702
17123,IL,Marshall,.084047742
17125,IL,Mason,.072960749
17127,IL,Massac,0
17129,IL,Menard,.080651663
17131,IL,Mercer,.063979529
17133,IL,Monroe,.059035402
17135,IL,Montgomery,.068778157
17137,IL,Morgan,.058489799
17139,IL,Moultrie,.068497844
17141,IL,Ogle,.058630399
17143,IL,Peoria,.048570901
17145,IL,Perry,0
17147,IL,Piatt,0
17149,IL,Pike,0
17151,IL,Pope,0
17153,IL,Pulaski,0
17155,IL,Putnam,.17491691
17157,IL,Randolph,.0306777
17159,IL,Richland,0
17161,IL,Rock Island,.054993398
17163,IL,St. Clair,.064609304
17165,IL,Saline,0
17167,IL,Sangamon,.065792471
17169,IL,Schuyler,.14178364
17171,IL,Scott,0
17173,IL,Shelby,.046025701
17175,IL,Stark,.18162005
17177,IL,Stephenson,.021958699
17179,IL,Tazewell,.044787101
17181,IL,Union,.17528483
17183,IL,Vermilion,.0381874
17185,IL,Wabash,.086873427
17187,IL,Warren,.057780098
17189,IL,Washington,0
17191,IL,Wayne,.060339101
17193,IL,White,0
17195,IL,Whiteside,.070745125
17197,IL,Will,.039145701
17199,IL,Williamson,.0295683
17201,IL,Winnebago,.0559268
17203,IL,Woodford,0
18001,IN,Adams,.085149862
18003,IN,Allen,.067572683
18005,IN,Bartholomew,.073284231
18007,IN,Benton,0
18009,IN,Blackford,0
18011,IN,Boone,.062267501
18013,IN,Brown,.33315566
18015,IN,Carroll,.050082602
18017,IN,Cass,.026306801
18019,IN,Clark,.043177899
18021,IN,Clay,.038163599
18023,IN,Clinton,.061982799
18025,IN,Crawford,0
18027,IN,Daviess,0
18029,IN,Dearborn,.0202139
18031,IN,Decatur,.075072259
18033,IN,DeKalb,.023463201
18035,IN,Delaware,.0519557
18037,IN,Dubois,.14132278
18039,IN,Elkhart,.073476829
18041,IN,Fayette,.0429978
18043,IN,Floyd,.052135602
18045,IN,Fountain,0
18047,IN,Franklin,.044004399
18049,IN,Fulton,0
18051,IN,Gibson,0
18053,IN,Grant,.059878401
18055,IN,Greene,0
18057,IN,Hamilton,.037939101
18059,IN,Hancock,.0271072
18061,IN,Harrison,.0504045
18063,IN,Hendricks,.0249476
18065,IN,Henry,.041353099
18067,IN,Howard,.07286948
18069,IN,Huntington,.13748351
18071,IN,Jackson,.091047734
18073,IN,Jasper,.02995
18075,IN,Jay,.095057033
18077,IN,Jefferson,.0620174
18079,IN,Jennings,0
18081,IN,Johnson,.039592698
18083,IN,Knox,.079910502
18085,IN,Kosciusko,.063349679
18087,IN,LaGrange,.10221552
18089,IN,Lake,.0595982
18091,IN,LaPorte,.063516259
18093,IN,Lawrence,.0438837
18095,IN,Madison,.023197399
18097,IN,Marion,.055082802
18099,IN,Marshall,.064305924
18101,IN,Martin,0
18103,IN,Miami,.027726199
18105,IN,Monroe,.054910399
18107,IN,Montgomery,.078281969
18109,IN,Morgan,.0287534
18111,IN,Newton,.071179442
18113,IN,Noble,.0210784
18115,IN,Ohio,0
18117,IN,Orange,0
18119,IN,Owen,.0477966
18121,IN,Parke,.058972701
18123,IN,Perry,.0526039
18125,IN,Pike,0
18127,IN,Porter,.035834201
18129,IN,Posey,0
18131,IN,Pulaski,0
18133,IN,Putnam,.053669699
18135,IN,Randolph,.11971746
18137,IN,Ripley,.17600676
18139,IN,Rush,.060121398
18141,IN,St. Joseph,.066762358
18143,IN,Scott,0
18145,IN,Shelby,0
18147,IN,Spencer,0
18149,IN,Starke,.08698678
18151,IN,Steuben,.058159798
18153,IN,Sullivan,.048223
18155,IN,Switzerland,0
18157,IN,Tippecanoe,.053001501
18159,IN,Tipton,0
18161,IN,Union,0
18163,IN,Vanderburgh,.066015676
18165,IN,Vermillion,.12811479
18167,IN,Vigo,.0185754
18169,IN,Wabash,.031694699
18171,IN,Warren,0
18173,IN,Warrick,.0483489
18175,IN,Washington,0
18177,IN,Wayne,.045051102
18179,IN,Wells,.035919499
18181,IN,White,.041492101
18183,IN,Whitley,.029865
19001,IA,Adair,0
19003,IA,Adams,0
19005,IA,Allamakee,.072103254
19007,IA,Appanoose,.16003841
19009,IA,Audubon,0
19011,IA,Benton,0
19013,IA,Black Hawk,.082823217
19015,IA,Boone,.037851501
19017,IA,Bremer,.080697224
19019,IA,Buchanan,.047542099
19021,IA,Buena Vista,.098677717
19023,IA,Butler,.20426227
19025,IA,Calhoun,.10205123
19027,IA,Carroll,.098202884
19029,IA,Cass,.075872533
19031,IA,Cedar,.054327201
19033,IA,Cerro Gordo,.09288501
19035,IA,Cherokee,0
19037,IA,Chickasaw,0
19039,IA,Clarke,0
19041,IA,Clay,.12251148
19043,IA,Clayton,.11333371
19045,IA,Clinton,.042340599
19047,IA,Crawford,0
19049,IA,Dallas,.071271606
19051,IA,Davis,.11234692
19053,IA,Decatur,0
19055,IA,Delaware,0
19057,IA,Des Moines,.050473198
19059,IA,Dickinson,.11693171
19061,IA,Dubuque,.07238584
19063,IA,Emmet,0
19065,IA,Fayette,0
19067,IA,Floyd,0
19069,IA,Franklin,0
19071,IA,Fremont,0
19073,IA,Greene,0
19075,IA,Grundy,.081320643
19077,IA,Guthrie,0
19079,IA,Hamilton,.066225164
19081,IA,Hancock,0
19083,IA,Hardin,.0581632
19085,IA,Harrison,.071063101
19087,IA,Henry,.050502501
19089,IA,Howard,.10785159
19091,IA,Humboldt,0
19093,IA,Ida,0
19095,IA,Iowa,.18536827
19097,IA,Jackson,.051573001
19099,IA,Jasper,0
19101,IA,Jefferson,.055029701
19103,IA,Johnson,.054558001
19105,IA,Jones,0
19107,IA,Keokuk,0
19109,IA,Kossuth,0
19111,IA,Lee,.087067567
19113,IA,Linn,.081117623
19115,IA,Louisa,.089381479
19117,IA,Lucas,0
19119,IA,Lyon,0
19121,IA,Madison,0
19123,IA,Mahaska,.13509862
19125,IA,Marion,.060333598
19127,IA,Marshall,.049800798
19129,IA,Mills,0
19131,IA,Mitchell,.18767008
19133,IA,Monona,0
19135,IA,Monroe,0
19137,IA,Montgomery,0
19139,IA,Muscatine,.023307901
19141,IA,O'Brien,.071833923
19143,IA,Osceola,.16436554
19145,IA,Page,0
19147,IA,Palo Alto,0
19149,IA,Plymouth,.079349332
19151,IA,Pocahontas,0
19153,IA,Polk,.056869902
19155,IA,Pottawattamie,.0320828
19157,IA,Poweshiek,.054668698
19159,IA,Ringgold,0
19161,IA,Sac,0
19163,IA,Scott,.052311901
19165,IA,Shelby,.08567512
19167,IA,Sioux,.0286607
19169,IA,Story,.0206577
19171,IA,Tama,.0582106
19173,IA,Taylor,0
19175,IA,Union,0
19177,IA,Van Buren,0
19179,IA,Wapello,.0567054
19181,IA,Warren,.0405326
19183,IA,Washington,.0452304
19185,IA,Wayne,0
19187,IA,Webster,.054418799
19189,IA,Winnebago,0
19191,IA,Winneshiek,0
19193,IA,Woodbury,.077891476
19195,IA,Worth,0
19197,IA,Wright,.31210986
20001,KS,Allen,.079070136
20003,KS,Anderson,.12797543
20005,KS,Atchison,0
20007,KS,Barber,0
20009,KS,Barton,.037159499
20011,KS,Bourbon,0
20013,KS,Brown,0
20015,KS,Butler,.090025209
20017,KS,Chase,0
20019,KS,Chautauqua,0
20021,KS,Cherokee,.049456
20023,KS,Cheyenne,0
20025,KS,Clark,0
20027,KS,Clay,.1237777
20029,KS,Cloud,.10989011
20031,KS,Coffey,0
20033,KS,Comanche,0
20035,KS,Cowley,.0561467
20037,KS,Crawford,.07693886
20039,KS,Decatur,0
20041,KS,Dickinson,.10536852
20043,KS,Doniphan,.12938285
20045,KS,Douglas,.06695009
20047,KS,Edwards,.34482759
20049,KS,Elk,0
20051,KS,Ellis,.10408355
20053,KS,Ellsworth,0
20055,KS,Finney,.13514245
20057,KS,Ford,.028984699
20059,KS,Franklin,.039143499
20061,KS,Geary,.056805301
20063,KS,Gove,0
20065,KS,Graham,.38940811
20067,KS,Grant,0
20069,KS,Gray,0
20071,KS,Greeley,0
20073,KS,Greenwood,0
20075,KS,Hamilton,0
20077,KS,Harper,.17605634
20079,KS,Harvey,.086271353
20081,KS,Haskell,0
20083,KS,Hodgeman,0
20085,KS,Jackson,0
20087,KS,Jefferson,.10606703
20089,KS,Jewell,0
20091,KS,Johnson,.056437701
20093,KS,Kearny,0
20095,KS,Kingman,0
20097,KS,Kiowa,0
20099,KS,Labette,.098376781
20101,KS,Lane,0
20103,KS,Leavenworth,.037446201
20105,KS,Lincoln,0
20107,KS,Linn,.20777062
20109,KS,Logan,.71123755
20111,KS,Lyon,.11976048
20113,KS,McPherson,.070417576
20115,KS,Marion,0
20117,KS,Marshall,.1020304
20119,KS,Meade,0
20121,KS,Miami,.060674101
20123,KS,Mitchell,.16165535
20125,KS,Montgomery,.030425699
20127,KS,Morris,.1799856
20129,KS,Morton,0
20131,KS,Nemaha,.099009901
20133,KS,Neosho,0
20135,KS,Ness,0
20137,KS,Norton,0
20139,KS,Osage,0
20141,KS,Osborne,.27593818
20143,KS,Ottawa,0
20145,KS,Pawnee,.14832394
20147,KS,Phillips,.18542555
20149,KS,Pottawatomie,.08477091
20151,KS,Pratt,.10447138
20153,KS,Rawlins,0
20155,KS,Reno,.047588799
20157,KS,Republic,0
20159,KS,Rice,0
20161,KS,Riley,.026828401
20163,KS,Rooks,0
20165,KS,Rush,0
20167,KS,Russell,.14306152
20169,KS,Saline,.072634831
20171,KS,Scott,.39912194
20173,KS,Sedgwick,.060471199
20175,KS,Seward,.0439445
20177,KS,Shawnee,.089809939
20179,KS,Sheridan,0
20181,KS,Sherman,.16820858
20183,KS,Smith,.27188689
20185,KS,Stafford,0
20187,KS,Stanton,0
20189,KS,Stevens,0
20191,KS,Sumner,.043097898
20193,KS,Thomas,.25604916
20195,KS,Trego,0
20197,KS,Wabaunsee,0
20199,KS,Wallace,0
20201,KS,Washington,.17959771
20203,KS,Wichita,0
20205,KS,Wilson,0
20207,KS,Woodson,0
20209,KS,Wyandotte,.054738499
21001,KY,Adair,.0516022
21003,KY,Allen,0
21005,KY,Anderson,0
21007,KY,Ballard,0
21009,KY,Barren,.022836801
21011,KY,Bath,0
21013,KY,Bell,.0367755
21015,KY,Boone,.046456199
21017,KY,Bourbon,.0498579
21019,KY,Boyd,.082994439
21021,KY,Boyle,0
21023,KY,Bracken,0
21025,KY,Breathitt,0
21027,KY,Breckinridge,0
21029,KY,Bullitt,.0126248
21031,KY,Butler,0
21033,KY,Caldwell,.079245582
21035,KY,Calloway,.0257918
21037,KY,Campbell,.043462198
21039,KY,Carlisle,0
21041,KY,Carroll,0
21043,KY,Carter,0
21045,KY,Casey,.063447751
21047,KY,Christian,.0278804
21049,KY,Clark,.0278637
21051,KY,Clay,0
21053,KY,Clinton,0
21055,KY,Crittenden,.10913456
21057,KY,Cumberland,0
21059,KY,Daviess,.040062498
21061,KY,Edmonson,0
21063,KY,Elliott,0
21065,KY,Estill,0
21067,KY,Fayette,.043880001
21069,KY,Fleming,0
21071,KY,Floyd,0
21073,KY,Franklin,.019904099
21075,KY,Fulton,0
21077,KY,Gallatin,.11457378
21079,KY,Garrard,.057477899
21081,KY,Grant,0
21083,KY,Graves,.08075805
21085,KY,Grayson,.076511092
21087,KY,Green,0
21089,KY,Greenup,.0279369
21091,KY,Hancock,0
21093,KY,Hardin,.056130901
21095,KY,Harlan,0
21097,KY,Harrison,0
21099,KY,Hart,.10795056
21101,KY,Henderson,0
21103,KY,Henry,0
21105,KY,Hickman,0
21107,KY,Hopkins,0
21109,KY,Jackson,0
21111,KY,Jefferson,.066463798
21113,KY,Jessamine,.057410799
21115,KY,Johnson,0
21117,KY,Kenton,.042528398
21119,KY,Knott,0
21121,KY,Knox,0
21123,KY,Larue,0
21125,KY,Laurel,.033338901
21127,KY,Lawrence,0
21129,KY,Lee,0
21131,KY,Leslie,0
21133,KY,Letcher,0
21135,KY,Lewis,0
21137,KY,Lincoln,0
21139,KY,Livingston,.21703744
21141,KY,Logan,.037513599
21143,KY,Lyon,0
21145,KY,McCracken,.061216399
21147,KY,McCreary,0
21149,KY,McLean,0
21151,KY,Madison,.0446743
21153,KY,Magoffin,.078901686
21155,KY,Marion,0
21157,KY,Marshall,.031976499
21159,KY,Martin,0
21161,KY,Mason,0
21163,KY,Meade,0
21165,KY,Menifee,0
21167,KY,Mercer,0
21169,KY,Metcalfe,.099900097
21171,KY,Monroe,.094526894
21173,KY,Montgomery,.036152001
21175,KY,Morgan,0
21177,KY,Muhlenberg,0
21179,KY,Nelson,.087888911
21181,KY,Nicholas,0
21183,KY,Ohio,0
21185,KY,Oldham,.045916501
21187,KY,Owen,0
21189,KY,Owsley,0
21191,KY,Pendleton,0
21193,KY,Perry,0
21195,KY,Pike,.033089001
21197,KY,Powell,0
21199,KY,Pulaski,.031243199
21201,KY,Robertson,0
21203,KY,Rockcastle,0
21205,KY,Rowan,.081960492
21207,KY,Russell,.0562746
21209,KY,Scott,0
21211,KY,Shelby,.021462901
21213,KY,Simpson,0
21215,KY,Spencer,0
21217,KY,Taylor,.039312799
21219,KY,Todd,0
21221,KY,Trigg,0
21223,KY,Trimble,0
21225,KY,Union,.06760411
21227,KY,Warren,.039575402
21229,KY,Washington,0
21231,KY,Wayne,.048185799
21233,KY,Webster,.075907089
21235,KY,Whitley,.0276985
21237,KY,Wolfe,0
21239,KY,Woodford,0
22001,LA,Acadia,.11146497
22003,LA,Allen,.038931701
22005,LA,Ascension,.0493876
22007,LA,Assumption,.0439464
22009,LA,Avoyelles,.14619882
22011,LA,Beauregard,.027028499
22013,LA,Bienville,0
22015,LA,Bossier,.047524001
22017,LA,Caddo,.0160549
22019,LA,Calcasieu,.059811
22021,LA,Caldwell,0
22023,LA,Cameron,0
22025,LA,Catahoula,0
22027,LA,Claiborne,0
22029,LA,Concordia,.050014999
22031,LA,De Soto,.036749799
22033,LA,East Baton Rouge,.10274026
22035,LA,East Carroll,.13795006
22037,LA,East Feliciana,.051221602
22039,LA,Evangeline,.088994361
22041,LA,Franklin,.0491063
22043,LA,Grant,0
22045,LA,Iberia,.082105175
22047,LA,Iberville,.091138318
22049,LA,Jackson,0
22051,LA,Jefferson,.082100868
22053,LA,Jefferson Davis,.12751035
22055,LA,Lafayette,.066185169
22057,LA,Lafourche,.10140239
22059,LA,La Salle,.1328727
22061,LA,Lincoln,.020987701
22063,LA,Livingston,.049971402
22065,LA,Madison,0
22067,LA,Morehouse,0
22069,LA,Natchitoches,0
22071,LA,Orleans,.089053765
22073,LA,Ouachita,.10195174
22075,LA,Plaquemines,.085737556
22077,LA,Pointe Coupee,0
22079,LA,Rapides,.045421202
22081,LA,Red River,0
22083,LA,Richland,.048895001
22085,LA,Sabine,.041505799
22087,LA,St. Bernard,.065482169
22089,LA,St. Charles,.037832901
22091,LA,St. Helena,0
22093,LA,St. James,.046659201
22095,LA,St. John the Baptist,.09199632
22097,LA,St. Landry,.047788002
22099,LA,St. Martin,.074337006
22101,LA,St. Mary,.0574999
22103,LA,St. Tammany,.0356052
22105,LA,Tangipahoa,.084211819
22107,LA,Tensas,0
22109,LA,Terrebonne,.097239286
22111,LA,Union,0
22113,LA,Vermilion,.099644601
22115,LA,Vernon,.038743898
22117,LA,Washington,0
22119,LA,Webster,.050257601
22121,LA,West Baton Rouge,.11566488
22123,LA,West Carroll,0
22125,LA,West Feliciana,.065252855
22127,LA,Winn,0
23001,ME,Androscoggin,.055934101
23003,ME,Aroostook,.0146808
23005,ME,Cumberland,.14781457
23007,ME,Franklin,.066509262
23009,ME,Hancock,.23897937
23011,ME,Kennebec,.0494527
23013,ME,Knox,.30261001
23015,ME,Lincoln,.35301384
23017,ME,Oxford,.0525431
23019,ME,Penobscot,.0198
23021,ME,Piscataquis,.17776725
23023,ME,Sagadahoc,.0853898
23025,ME,Somerset,.0197383
23027,ME,Waldo,.17755231
23029,ME,Washington,0
23031,ME,York,.15329611
24001,MD,Allegany,.055406298
24003,MD,Anne Arundel,.065035962
24005,MD,Baltimore,.076975718
24009,MD,Calvert,.054885302
24011,MD,Caroline,.060814299
24013,MD,Carroll,.053847101
24015,MD,Cecil,.029211
24017,MD,Charles,.0190561
24019,MD,Dorchester,.0309914
24021,MD,Frederick,.044376101
24023,MD,Garrett,.2044711
24025,MD,Harford,.047915898
24027,MD,Howard,.0599433
24029,MD,Kent,.15264069
24031,MD,Montgomery,.061049402
24033,MD,Prince George's,.055973001
24035,MD,Queen Anne's,.12200578
24037,MD,St. Mary's,.053650498
24039,MD,Somerset,.11613053
24041,MD,Talbot,.29566714
24043,MD,Washington,.08010146
24045,MD,Wicomico,.07798411
24047,MD,Worcester,.44648057
24510,MD,Baltimore,.092388786
25001,MA,Barnstable,.23894303
25003,MA,Berkshire,.078828298
25005,MA,Bristol,.075226754
25007,MA,Dukes,.75092423
25009,MA,Essex,.087108798
25011,MA,Franklin,.084964171
25013,MA,Hampden,.0597011
25015,MA,Hampshire,.074230783
25017,MA,Middlesex,.086557604
25019,MA,Nantucket,.72143567
25021,MA,Norfolk,.081800416
25023,MA,Plymouth,.10159822
25025,MA,Suffolk,.10111671
25027,MA,Worcester,.053614002
26001,MI,Alcona,0
26003,MI,Alger,.10970927
26005,MI,Allegan,.026097201
26007,MI,Alpena,.13958195
26009,MI,Antrim,.13006157
26011,MI,Arenac,.13221392
26013,MI,Baraga,0
26015,MI,Barry,.050241198
26017,MI,Bay,.066997826
26019,MI,Benzie,.11412919
26021,MI,Berrien,.064868934
26023,MI,Branch,.046022501
26025,MI,Calhoun,.044716701
26027,MI,Cass,.078111269
26029,MI,Charlevoix,.22969145
26031,MI,Cheboygan,.19681939
26033,MI,Chippewa,.10611206
26035,MI,Clare,.098664738
26037,MI,Clinton,.051592901
26039,MI,Crawford,0
26041,MI,Delta,.19323671
26043,MI,Dickinson,.1175779
26045,MI,Eaton,.10105929
26047,MI,Emmet,.27342325
26049,MI,Genesee,.041604798
26051,MI,Gladwin,.11931276
26053,MI,Gogebic,0
26055,MI,Grand Traverse,.20671497
26057,MI,Gratiot,.12215382
26059,MI,Hillsdale,.10924903
26061,MI,Houghton,.027558099
26063,MI,Huron,.095386475
26065,MI,Ingham,.0347303
26067,MI,Ionia,.077903464
26069,MI,Iosco,.039570998
26071,MI,Iron,.089429438
26073,MI,Isabella,.042174499
26075,MI,Jackson,.069525644
26077,MI,Kalamazoo,.088103704
26079,MI,Kalkaska,.0578035
26081,MI,Kent,.11510183
26083,MI,Keweenaw,0
26085,MI,Lake,.084309921
26087,MI,Lapeer,.068072744
26089,MI,Leelanau,.3722142
26091,MI,Lenawee,.071058773
26093,MI,Livingston,.063708469
26095,MI,Luce,.15770383
26097,MI,Mackinac,.46755189
26099,MI,Macomb,.10720424
26101,MI,Manistee,.081839755
26103,MI,Marquette,.045139302
26105,MI,Mason,.069333702
26107,MI,Mecosta,.023163199
26109,MI,Menominee,.043064501
26111,MI,Midland,.059928302
26113,MI,Missaukee,.13304949
26115,MI,Monroe,.0670138
26117,MI,Montcalm,.063529372
26119,MI,Montmorency,0
26121,MI,Muskegon,.10976187
26123,MI,Newaygo,.062777266
26125,MI,Oakland,.1043538
26127,MI,Oceana,.22830181
26129,MI,Ogemaw,.047842301
26131,MI,Ontonagon,0
26133,MI,Osceola,0
26135,MI,Oscoda,0
26137,MI,Otsego,.08201763
26139,MI,Ottawa,.088263743
26141,MI,Presque Isle,.078585461
26143,MI,Roscommon,.083867989
26145,MI,Saginaw,.12481473
26147,MI,St. Clair,.062693171
26149,MI,St. Joseph,.098632298
26151,MI,Sanilac,.048318502
26153,MI,Schoolcraft,0
26155,MI,Shiawassee,0
26157,MI,Tuscola,.056353901
26159,MI,Van Buren,.066488475
26161,MI,Washtenaw,.08498925
26163,MI,Wayne,.10987147
26165,MI,Wexford,.15110305
27001,MN,Aitkin,.12677485
27003,MN,Anoka,.054740101
27005,MN,Becker,.088883623
27007,MN,Beltrami,.10866967
27009,MN,Benton,.10134792
27011,MN,Big Stone,.39904231
27013,MN,Blue Earth,.12076566
27015,MN,Brown,.079170294
27017,MN,Carlton,.084402435
27019,MN,Carver,.049837001
27021,MN,Cass,.068965517
27023,MN,Chippewa,.083084084
27025,MN,Chisago,.018315
27027,MN,Clay,.047726601
27029,MN,Clearwater,.11285408
27031,MN,Cook,.37657693
27033,MN,Cottonwood,0
27035,MN,Crow Wing,.078405544
27037,MN,Dakota,.08624386
27039,MN,Dodge,0
27041,MN,Douglas,.24211121
27043,MN,Faribault,.072176114
27045,MN,Fillmore,.047803398
27047,MN,Freeborn,.13156596
27049,MN,Goodhue,.17301038
27051,MN,Grant,.16860563
27053,MN,Hennepin,.085689321
27055,MN,Houston,.053421699
27057,MN,Hubbard,.14479463
27059,MN,Isanti,.077391393
27061,MN,Itasca,.088595539
27063,MN,Jackson,.20116676
27065,MN,Kanabec,.062964365
27067,MN,Kandiyohi,.11731031
27069,MN,Kittson,.23158869
27071,MN,Koochiching,.079251863
27073,MN,Lac qui Parle,.14830194
27075,MN,Lake,.095093191
27077,MN,Lake of the Woods,.26343518
27079,MN,Le Sueur,.14433138
27081,MN,Lincoln,.17519271
27083,MN,Lyon,.077336527
27085,MN,McLeod,.11189437
27087,MN,Mahnomen,0
27089,MN,Marshall,0
27091,MN,Martin,.050276499
27093,MN,Meeker,.0432919
27095,MN,Mille Lacs,.039041098
27097,MN,Morrison,.091130011
27099,MN,Mower,.0508531
27101,MN,Murray,0
27103,MN,Nicollet,.059424799
27105,MN,Nobles,.13626453
27107,MN,Norman,0
27109,MN,Olmsted,.091393955
27111,MN,Otter Tail,.1207292
27113,MN,Pennington,.14034103
27115,MN,Pine,0
27117,MN,Pipestone,.32633525
27119,MN,Polk,.031610601
27121,MN,Pope,.18246511
27123,MN,Ramsey,.079217114
27125,MN,Red Lake,0
27127,MN,Redwood,0
27129,MN,Renville,.068587109
27131,MN,Rice,.12197353
27133,MN,Rock,0
27135,MN,Roseau,.06427148
27137,MN,St. Louis,.094991453
27139,MN,Scott,.069716536
27141,MN,Sherburne,.075078294
27143,MN,Sibley,.13520822
27145,MN,Stearns,.083029427
27147,MN,Steele,.10898292
27149,MN,Stevens,0
27151,MN,Swift,0
27153,MN,Todd,.081953779
27155,MN,Traverse,0
27157,MN,Wabasha,.046626601
27159,MN,Wadena,.073713697
27161,MN,Waseca,.10622478
27163,MN,Washington,.086964771
27165,MN,Watonwan,.091650628
27167,MN,Wilkin,0
27169,MN,Winona,.098285891
27171,MN,Wright,.15862584
27173,MN,Yellow Medicine,.10109179
28001,MS,Adams,.031806599
28003,MS,Alcorn,.0268528
28005,MS,Amite,0
28007,MS,Attala,0
28009,MS,Benton,0
28011,MS,Bolivar,0
28013,MS,Calhoun,0
28015,MS,Carroll,0
28017,MS,Chickasaw,0
28019,MS,Choctaw,0
28021,MS,Claiborne,0
28023,MS,Clarke,0
28025,MS,Clay,.0504032
28027,MS,Coahoma,0
28029,MS,Copiah,0
28031,MS,Covington,0
28033,MS,DeSoto,.0455724
28035,MS,Forrest,.092547297
28037,MS,Franklin,0
28039,MS,George,0
28041,MS,Greene,.074172974
28043,MS,Grenada,.047127601
28045,MS,Hancock,.042875201
28047,MS,Harrison,.049348801
28049,MS,Hinds,.016541401
28051,MS,Holmes,.055679299
28053,MS,Humphreys,0
28055,MS,Issaquena,0
28057,MS,Itawamba,0
28059,MS,Jackson,.035323199
28061,MS,Jasper,0
28063,MS,Jefferson,0
28065,MS,Jefferson Davis,0
28067,MS,Jones,.029333699
28069,MS,Kemper,0
28071,MS,Lafayette,.093494646
28073,MS,Lamar,.032663699
28075,MS,Lauderdale,.0517947
28077,MS,Lawrence,0
28079,MS,Leake,0
28081,MS,Lee,.094321825
28083,MS,Leflore,.033639502
28085,MS,Lincoln,.029066401
28087,MS,Lowndes,.10090818
28089,MS,Madison,.096269555
28091,MS,Marion,.079640023
28093,MS,Marshall,0
28095,MS,Monroe,0
28097,MS,Montgomery,0
28099,MS,Neshoba,0
28101,MS,Newton,.046761699
28103,MS,Noxubee,.091625437
28105,MS,Oktibbeha,.040339701
28107,MS,Panola,.058548
28109,MS,Pearl River,.018158
28111,MS,Perry,0
28113,MS,Pike,.025247401
28115,MS,Pontotoc,.063619301
28117,MS,Prentiss,0
28119,MS,Quitman,0
28121,MS,Rankin,.079431273
28123,MS,Scott,.035238601
28125,MS,Sharkey,0
28127,MS,Simpson,.0370645
28129,MS,Smith,0
28131,MS,Stone,0
28133,MS,Sunflower,.037894599
28135,MS,Tallahatchie,0
28137,MS,Tate,0
28139,MS,Tippah,0
28141,MS,Tishomingo,.0513875
28143,MS,Tunica,.09846396
28145,MS,Union,.070609003
28147,MS,Walthall,0
28149,MS,Warren,.021258101
28151,MS,Washington,0
28153,MS,Wayne,0
28155,MS,Webster,0
28157,MS,Wilkinson,.11101244
28159,MS,Winston,.054466199
28161,MS,Yalobusha,0
28163,MS,Yazoo,.073513195
29001,MO,Adair,.039646398
29003,MO,Andrew,0
29005,MO,Atchison,0
29007,MO,Audrain,.038647301
29009,MO,Barry,.0282973
29011,MO,Barton,.084324144
29013,MO,Bates,.0610836
29015,MO,Benton,.052851301
29017,MO,Bollinger,0
29019,MO,Boone,.039647698
29021,MO,Buchanan,.0447658
29023,MO,Butler,.046741001
29025,MO,Caldwell,.11025358
29027,MO,Callaway,0
29029,MO,Camden,.088871114
29031,MO,Cape Girardeau,.063783646
29033,MO,Carroll,.1129433
29035,MO,Carter,0
29037,MO,Cass,.058377098
29039,MO,Cedar,0
29041,MO,Chariton,0
29043,MO,Christian,.08317589
29045,MO,Clark,0
29047,MO,Clay,.0335062
29049,MO,Clinton,.048709199
29051,MO,Cole,.0390752
29053,MO,Cooper,.056551501
29055,MO,Crawford,.0412677
29057,MO,Dade,0
29059,MO,Dallas,.18315019
29061,MO,Daviess,0
29063,MO,DeKalb,0
29065,MO,Dent,.064829819
29067,MO,Douglas,0
29069,MO,Dunklin,0
29071,MO,Franklin,.048659898
29073,MO,Gasconade,.06779661
29075,MO,Gentry,.15067048
29077,MO,Greene,.059052199
29079,MO,Grundy,0
29081,MO,Harrison,.11641444
29083,MO,Henry,0
29085,MO,Hickory,0
29087,MO,Holt,0
29089,MO,Howard,0
29091,MO,Howell,.074738413
29093,MO,Iron,0
29095,MO,Jackson,.059153199
29097,MO,Jasper,.083823703
29099,MO,Jefferson,.040284101
29101,MO,Johnson,.074555926
29103,MO,Knox,0
29105,MO,Laclede,.084681176
29107,MO,Lafayette,.030729501
29109,MO,Lawrence,0
29111,MO,Lewis,0
29113,MO,Lincoln,.0543616
29115,MO,Linn,.082372323
29117,MO,Livingston,.19817677
29119,MO,McDonald,0
29121,MO,Macon,.066037111
29123,MO,Madison,.081759468
29125,MO,Maries,0
29127,MO,Marion,.034883302
29129,MO,Mercer,0
29131,MO,Miller,.040009599
29133,MO,Mississippi,.1455922
29135,MO,Moniteau,0
29137,MO,Monroe,0
29139,MO,Montgomery,0
29141,MO,Morgan,.099507436
29143,MO,New Madrid,0
29145,MO,Newton,.051529601
29147,MO,Nodaway,.0444603
29149,MO,Oregon,0
29151,MO,Osage,0
29153,MO,Ozark,0
29155,MO,Pemiscot,.0584727
29157,MO,Perry,.052080601
29159,MO,Pettis,.070955537
29161,MO,Phelps,.066922456
29163,MO,Pike,0
29165,MO,Platte,.050682701
29167,MO,Polk,0
29169,MO,Pulaski,.0570223
29171,MO,Putnam,0
29173,MO,Ralls,0
29175,MO,Randolph,0
29177,MO,Ray,0
29179,MO,Reynolds,0
29181,MO,Ripley,.072563678
29183,MO,St. Charles,.056295499
29185,MO,St. Clair,.10760788
29186,MO,Ste. Genevieve,.055928402
29187,MO,St. Francois,.030123699
29189,MO,St. Louis,.074132249
29195,MO,Saline,.13127954
29197,MO,Schuyler,0
29199,MO,Scotland,0
29201,MO,Scott,.0258244
29203,MO,Shannon,0
29205,MO,Shelby,0
29207,MO,Stoddard,0
29209,MO,Stone,.031711798
29211,MO,Sullivan,0
29213,MO,Taney,.21918209
29215,MO,Texas,0
29217,MO,Vernon,.048652299
29219,MO,Warren,.059145302
29221,MO,Washington,.12081186
29223,MO,Wayne,0
29225,MO,Webster,.0262709
29227,MO,Worth,0
29229,MO,Wright,.10943913
29510,MO,St. Louis,.076642059
30001,MT,Beaverhead,0
30003,MT,Big Horn,0
30005,MT,Blaine,0
30007,MT,Broadwater,0
30009,MT,Carbon,.19051248
30011,MT,Carter,0
30013,MT,Cascade,.098173961
30015,MT,Chouteau,0
30017,MT,Custer,.084595211
30019,MT,Daniels,0
30021,MT,Dawson,0
30023,MT,Deer Lodge,0
30025,MT,Fallon,0
30027,MT,Fergus,.088495575
30029,MT,Flathead,.081889182
30031,MT,Gallatin,.086478591
30033,MT,Garfield,0
30035,MT,Glacier,.073158242
30037,MT,Golden Valley,0
30039,MT,Granite,.3037667
30041,MT,Hill,.060805101
30043,MT,Jefferson,.084961765
30045,MT,Judith Basin,0
30047,MT,Lake,.067315139
30049,MT,Lewis and Clark,.059887402
30051,MT,Liberty,0
30053,MT,Lincoln,0
30055,MT,McCone,0
30057,MT,Madison,.25097251
30059,MT,Meagher,.54288816
30061,MT,Mineral,.24242423
30063,MT,Missoula,.12079795
30065,MT,Musselshell,.21570319
30067,MT,Park,.062119499
30069,MT,Petroleum,0
30071,MT,Phillips,0
30073,MT,Pondera,.1658925
30075,MT,Powder River,0
30077,MT,Powell,0
30079,MT,Prairie,0
30081,MT,Ravalli,.095520109
30083,MT,Richland,0
30085,MT,Roosevelt,0
30087,MT,Rosebud,0
30089,MT,Sanders,0
30091,MT,Sheridan,0
30093,MT,Silver Bow,.11605304
30095,MT,Stillwater,0
30097,MT,Sweet Grass,0
30099,MT,Teton,0
30101,MT,Toole,0
30103,MT,Treasure,0
30105,MT,Valley,0
30107,MT,Wheatland,0
30109,MT,Wibaux,0
30111,MT,Yellowstone,.088805437
31001,NE,Adams,.094765767
31003,NE,Antelope,0
31005,NE,Arthur,0
31007,NE,Banner,0
31009,NE,Blaine,0
31011,NE,Boone,.18663681
31013,NE,Box Butte,.089349538
31015,NE,Boyd,0
31017,NE,Brown,.33512065
31019,NE,Buffalo,.060750902
31021,NE,Burt,0
31023,NE,Butler,0
31025,NE,Cass,.078143314
31027,NE,Cedar,.11634671
31029,NE,Chase,0
31031,NE,Cherry,0
31033,NE,Cheyenne,.099344328
31035,NE,Clay,.16262807
31037,NE,Colfax,.2814523
31039,NE,Cuming,0
31041,NE,Custer,.092276461
31043,NE,Dakota,.098034412
31045,NE,Dawes,0
31047,NE,Dawson,.041976199
31049,NE,Deuel,0
31051,NE,Dixon,0
31053,NE,Dodge,.054694101
31055,NE,Douglas,.080950685
31057,NE,Dundy,0
31059,NE,Fillmore,.17730497
31061,NE,Franklin,.33200532
31063,NE,Frontier,0
31065,NE,Furnas,0
31067,NE,Gage,.092554025
31069,NE,Garden,0
31071,NE,Garfield,0
31073,NE,Gosper,0
31075,NE,Grant,0
31077,NE,Greeley,0
31079,NE,Hall,.097513407
31081,NE,Hamilton,.10905126
31083,NE,Harlan,0
31085,NE,Hayes,0
31087,NE,Hitchcock,0
31089,NE,Holt,.097703956
31091,NE,Hooker,0
31093,NE,Howard,0
31095,NE,Jefferson,.13931458
31097,NE,Johnson,0
31099,NE,Kearney,0
31101,NE,Keith,.12336541
31103,NE,Keya Paha,0
31105,NE,Kimball,0
31107,NE,Knox,0
31109,NE,Lancaster,.064402282
31111,NE,Lincoln,.11275864
31113,NE,Logan,0
31115,NE,Loup,0
31117,NE,McPherson,0
31119,NE,Madison,.14312294
31121,NE,Merrick,0
31123,NE,Morrill,.20441537
31125,NE,Nance,0
31127,NE,Nemaha,.14324595
31129,NE,Nuckolls,0
31131,NE,Otoe,0
31133,NE,Pawnee,0
31135,NE,Perkins,0
31137,NE,Phelps,0
31139,NE,Pierce,0
31141,NE,Platte,.060705401
31143,NE,Polk,.38446751
31145,NE,Red Willow,.18547714
31147,NE,Richardson,0
31149,NE,Rock,0
31151,NE,Saline,.27981812
31153,NE,Sarpy,.061684102
31155,NE,Saunders,.14289117
31157,NE,Scotts Bluff,.054715101
31159,NE,Seward,.11706175
31161,NE,Sheridan,0
31163,NE,Sherman,0
31165,NE,Sioux,0
31167,NE,Stanton,0
31169,NE,Thayer,.19611688
31171,NE,Thomas,0
31173,NE,Thurston,0
31175,NE,Valley,.23917723
31177,NE,Washington,.0486192
31179,NE,Wayne,.10578652
31181,NE,Webster,0
31183,NE,Wheeler,0
31185,NE,York,.14533828
32001,NV,Churchill,.0416389
32003,NV,Clark,.051466901
32005,NV,Douglas,.083425447
32007,NV,Elko,.057379998
32009,NV,Esmeralda,0
32011,NV,Eureka,0
32013,NV,Humboldt,.11853257
32015,NV,Lander,0
32017,NV,Lincoln,0
32019,NV,Lyon,0
32021,NV,Mineral,0
32023,NV,Nye,0
32027,NV,Pershing,0
32029,NV,Storey,.25068939
32031,NV,Washoe,.059677899
32033,NV,White Pine,0
32510,NV,Carson City,.12895381
33001,NH,Belknap,.082500085
33003,NH,Carroll,.18987742
33005,NH,Cheshire,.0264211
33007,NH,Coos,0
33009,NH,Grafton,.078377806
33011,NH,Hillsborough,.0613169
33013,NH,Merrimack,.094509661
33015,NH,Rockingham,.11187081
33017,NH,Strafford,.062858492
33019,NH,Sullivan,.0232364
34001,NJ,Atlantic,.11446295
34003,NJ,Bergen,.17614844
34005,NJ,Burlington,.10483069
34007,NJ,Camden,.093981095
34009,NJ,Cape May,.57495743
34011,NJ,Cumberland,.11045129
34013,NJ,Essex,.1194214
34015,NJ,Gloucester,.11998505
34017,NJ,Hudson,.12383612
34019,NJ,Hunterdon,.10394927
34021,NJ,Mercer,.10437296
34023,NJ,Middlesex,.11309712
34025,NJ,Monmouth,.13242243
34027,NJ,Morris,.10624564
34029,NJ,Ocean,.14335249
34031,NJ,Passaic,.12713563
34033,NJ,Salem,.17416638
34035,NJ,Somerset,.1285989
34037,NJ,Sussex,.056224
34039,NJ,Union,.11406045
34041,NJ,Warren,.084234171
35001,NM,Bernalillo,.072529413
35003,NM,Catron,0
35005,NM,Chaves,.076486513
35006,NM,Cibola,0
35007,NM,Colfax,.081552766
35009,NM,Curry,.039866101
35011,NM,De Baca,0
35013,NM,DoÃ±a Ana,.0327296
35015,NM,Eddy,.069618493
35017,NM,Grant,0
35019,NM,Guadalupe,0
35021,NM,Harding,0
35023,NM,Hidalgo,0
35025,NM,Lea,.11453114
35027,NM,Lincoln,.10365917
35028,NM,Los Alamos,0
35029,NM,Luna,.041172601
35031,NM,McKinley,.0137065
35033,NM,Mora,0
35035,NM,Otero,.0153412
35037,NM,Quay,0
35039,NM,Rio Arriba,.051075101
35041,NM,Roosevelt,0
35043,NM,Sandoval,.042788699
35045,NM,San Juan,.070437968
35047,NM,San Miguel,.035770498
35049,NM,Santa Fe,.11490912
35051,NM,Sierra,.089814983
35053,NM,Socorro,.059105098
35055,NM,Taos,.060869802
35057,NM,Torrance,0
35059,NM,Union,0
35061,NM,Valencia,.026441401
36001,NY,Albany,.093826838
36003,NY,Allegany,.0212269
36005,NY,Bronx,.15316792
36007,NY,Broome,.046194099
36009,NY,Cattaraugus,.077159502
36011,NY,Cayuga,.051442299
36013,NY,Chautauqua,.061710302
36015,NY,Chemung,.10460251
36017,NY,Chenango,.041388199
36019,NY,Clinton,.049399201
36021,NY,Columbia,.049172301
36023,NY,Cortland,.062586054
36025,NY,Delaware,.06604293
36027,NY,Dutchess,.095054775
36029,NY,Erie,.094246008
36031,NY,Essex,.13153049
36033,NY,Franklin,.0195545
36035,NY,Fulton,.074493445
36037,NY,Genesee,.034386098
36039,NY,Greene,.042091101
36041,NY,Hamilton,0
36043,NY,Herkimer,.048016101
36045,NY,Jefferson,.070123769
36047,NY,Kings,.24029946
36049,NY,Lewis,.07505817
36051,NY,Livingston,.0155758
36053,NY,Madison,.056031
36055,NY,Monroe,.064228997
36057,NY,Montgomery,.0405959
36059,NY,Nassau,.17498171
36061,NY,New York,.26291028
36063,NY,Niagara,.080265157
36065,NY,Oneida,.064858414
36067,NY,Onondaga,.06643308
36069,NY,Ontario,.091252536
36071,NY,Orange,.11055104
36073,NY,Orleans,.048435502
36075,NY,Oswego,.050459601
36077,NY,Otsego,.08285965
36079,NY,Putnam,.080720834
36081,NY,Queens,.17147388
36083,NY,Rensselaer,.056343
36085,NY,Richmond,.13196951
36087,NY,Rockland,.14684512
36089,NY,St. Lawrence,.027275501
36091,NY,Saratoga,.096677803
36093,NY,Schenectady,.0387167
36095,NY,Schoharie,0
36097,NY,Schuyler,.11112346
36099,NY,Seneca,.11500532
36101,NY,Steuben,.072291642
36103,NY,Suffolk,.15993747
36105,NY,Sullivan,.10614303
36107,NY,Tioga,.082004182
36109,NY,Tompkins,.095637955
36111,NY,Ulster,.11696167
36113,NY,Warren,.13949379
36115,NY,Washington,.080898292
36117,NY,Wayne,.032994598
36119,NY,Westchester,.15123585
36121,NY,Wyoming,.0247286
36123,NY,Yates,.079929665
37001,NC,Alamance,.050211798
37003,NC,Alexander,.0268312
37005,NC,Alleghany,.091365919
37007,NC,Anson,.1194315
37009,NC,Ashe,.11213277
37011,NC,Avery,0
37013,NC,Beaufort,.084457673
37015,NC,Bertie,.10283305
37017,NC,Bladen,0
37019,NC,Brunswick,.11080069
37021,NC,Buncombe,.10182741
37023,NC,Burke,.056304999
37025,NC,Cabarrus,.079375707
37027,NC,Caldwell,0
37029,NC,Camden,0
37031,NC,Carteret,.13070947
37033,NC,Caswell,0
37035,NC,Catawba,.057454001
37037,NC,Chatham,.0143217
37039,NC,Cherokee,.071728297
37041,NC,Chowan,.070224717
37043,NC,Clay,0
37045,NC,Cleveland,.051492199
37047,NC,Columbus,.017751001
37049,NC,Craven,.0291667
37051,NC,Cumberland,.0359779
37053,NC,Currituck,.19482544
37055,NC,Dare,.33557048
37057,NC,Davidson,.0303944
37059,NC,Davie,0
37061,NC,Duplin,.067160293
37063,NC,Durham,.058614701
37065,NC,Edgecombe,.056292601
37067,NC,Forsyth,.053819299
37069,NC,Franklin,0
37071,NC,Gaston,.036882799
37073,NC,Gates,.086258948
37075,NC,Graham,0
37077,NC,Granville,.0169999
37079,NC,Greene,.094589479
37081,NC,Guilford,.061303198
37083,NC,Halifax,.096392974
37085,NC,Harnett,.0076394798
37087,NC,Haywood,.049678698
37089,NC,Henderson,.061534099
37091,NC,Hertford,.12450199
37093,NC,Hoke,0
37095,NC,Hyde,1.0956903
37097,NC,Iredell,.052165098
37099,NC,Jackson,.094634242
37101,NC,Johnston,.031398199
37103,NC,Jones,0
37105,NC,Lee,.033475
37107,NC,Lenoir,.017411901
37109,NC,Lincoln,.049337
37111,NC,McDowell,.066682965
37113,NC,Macon,.11658748
37115,NC,Madison,.13996454
37117,NC,Martin,0
37119,NC,Mecklenburg,.062426899
37121,NC,Mitchell,0
37123,NC,Montgomery,0
37125,NC,Moore,.041932199
37127,NC,Nash,.0106374
37129,NC,New Hanover,.11646971
37131,NC,Northampton,0
37133,NC,Onslow,.057232302
37135,NC,Orange,.084078953
37137,NC,Pamlico,0
37139,NC,Pasquotank,.10097186
37141,NC,Pender,.050936401
37143,NC,Perquimans,0
37145,NC,Person,.0509126
37147,NC,Pitt,.0337786
37149,NC,Polk,.048969202
37151,NC,Randolph,.062845215
37153,NC,Richmond,.088782348
37155,NC,Robeson,.0074898498
37157,NC,Rockingham,.032837499
37159,NC,Rowan,.0358348
37161,NC,Rutherford,.0150818
37163,NC,Sampson,.015782099
37165,NC,Scotland,.028368801
37167,NC,Stanly,.0164258
37169,NC,Stokes,0
37171,NC,Surry,.0971561
37173,NC,Swain,0
37175,NC,Transylvania,.089629829
37177,NC,Tyrrell,0
37179,NC,Union,.0264854
37181,NC,Vance,.045018699
37183,NC,Wake,.0552832
37185,NC,Warren,.050278999
37187,NC,Washington,.082426637
37189,NC,Watauga,.12939242
37191,NC,Wayne,.056235701
37193,NC,Wilkes,.0291401
37195,NC,Wilson,.0368401
37197,NC,Yadkin,.053013802
37199,NC,Yancey,0
38001,ND,Adams,.85178876
38003,ND,Barnes,0
38005,ND,Benson,0
38007,ND,Billings,0
38009,ND,Bottineau,0
38011,ND,Bowman,.30959752
38013,ND,Burke,0
38015,ND,Burleigh,.052949801
38017,ND,Cass,.051539
38019,ND,Cavalier,.26246721
38021,ND,Dickey,0
38023,ND,Divide,0
38025,ND,Dunn,.22867596
38027,ND,Eddy,0
38029,ND,Emmons,.29985008
38031,ND,Foster,.30211481
38033,ND,Golden Valley,0
38035,ND,Grand Forks,.099155761
38037,ND,Grant,.41736227
38039,ND,Griggs,0
38041,ND,Hettinger,0
38043,ND,Kidder,0
38045,ND,LaMoure,0
38047,ND,Logan,.51759833
38049,ND,McHenry,.16700067
38051,ND,McIntosh,0
38053,ND,McKenzie,0
38055,ND,McLean,0
38057,ND,Mercer,.23156188
38059,ND,Morton,.1306549
38061,ND,Mountrail,0
38063,ND,Nelson,0
38065,ND,Oliver,0
38067,ND,Pembina,0
38069,ND,Pierce,0
38071,ND,Ramsey,0
38073,ND,Ransom,0
38075,ND,Renville,0
38077,ND,Richland,.061207
38079,ND,Rolette,0
38081,ND,Sargent,0
38083,ND,Sheridan,0
38085,ND,Sioux,0
38087,ND,Slope,0
38089,ND,Stark,.097225823
38091,ND,Steele,0
38093,ND,Stutsman,.095197298
38095,ND,Towner,.44503784
38097,ND,Traill,0
38099,ND,Walsh,.092064075
38101,ND,Ward,.099781908
38103,ND,Wells,0
38105,ND,Williams,0
39001,OH,Adams,.0359299
39003,OH,Allen,.0289503
39005,OH,Ashland,0
39007,OH,Ashtabula,.050932601
39009,OH,Athens,.030156801
39011,OH,Auglaize,.087341964
39013,OH,Belmont,.029168099
39015,OH,Brown,0
39017,OH,Butler,.055565398
39019,OH,Carroll,.1447335
39021,OH,Champaign,.051630199
39023,OH,Clark,.059426099
39025,OH,Clermont,.0492572
39027,OH,Clinton,.071631528
39029,OH,Columbiana,.0578347
39031,OH,Coshocton,.027289599
39033,OH,Crawford,.047577102
39035,OH,Cuyahoga,.091746487
39037,OH,Darke,.058099002
39039,OH,Defiance,.10492904
39041,OH,Delaware,.066064633
39043,OH,Erie,.066716485
39045,OH,Fairfield,.0196488
39047,OH,Fayette,.1046682
39049,OH,Franklin,.0535434
39051,OH,Fulton,.11813349
39053,OH,Gallia,.066675559
39055,OH,Geauga,.10655528
39057,OH,Greene,.0181698
39059,OH,Guernsey,0
39061,OH,Hamilton,.098754823
39063,OH,Hancock,.066146314
39065,OH,Hardin,.03184
39067,OH,Harrison,0
39069,OH,Henry,0
39071,OH,Highland,0
39073,OH,Hocking,.070457265
39075,OH,Holmes,.15970068
39077,OH,Huron,.034251899
39079,OH,Jackson,.0614742
39081,OH,Jefferson,.044833701
39083,OH,Knox,.049316101
39085,OH,Lake,.061063401
39087,OH,Lawrence,0
39089,OH,Licking,.0232799
39091,OH,Logan,.11069049
39093,OH,Lorain,.032616802
39095,OH,Lucas,.055483401
39097,OH,Madison,.046131801
39099,OH,Mahoning,.056480199
39101,OH,Marion,.015306
39103,OH,Medina,.0282641
39105,OH,Meigs,0
39107,OH,Mercer,.098255955
39109,OH,Miami,.0287406
39111,OH,Monroe,.070937082
39113,OH,Montgomery,.058336999
39115,OH,Morgan,0
39117,OH,Morrow,0
39119,OH,Muskingum,.034912501
39121,OH,Noble,0
39123,OH,Ottawa,.12347203
39125,OH,Paulding,.10616275
39127,OH,Perry,.055526301
39129,OH,Pickaway,.017382201
39131,OH,Pike,0
39133,OH,Portage,.055500101
39135,OH,Preble,.0243279
39137,OH,Putnam,.088193789
39139,OH,Richland,.049518399
39141,OH,Ross,.0130022
39143,OH,Sandusky,.0506064
39145,OH,Scioto,.0131165
39147,OH,Seneca,0
39149,OH,Shelby,.0410458
39151,OH,Stark,.061574999
39153,OH,Summit,.051814001
39155,OH,Trumbull,.0396627
39157,OH,Tuscarawas,.064875387
39159,OH,Union,.018032299
39161,OH,Van Wert,.035503801
39163,OH,Vinton,0
39165,OH,Warren,.048570301
39167,OH,Washington,.11563558
39169,OH,Wayne,.068715535
39171,OH,Williams,.0270849
39173,OH,Wood,.0385493
39175,OH,Wyandot,.090735868
40001,OK,Adair,0
40003,OK,Alfalfa,0
40005,OK,Atoka,0
40007,OK,Beaver,0
40009,OK,Beckham,.13373752
40011,OK,Blaine,.10448229
40013,OK,Bryan,0
40015,OK,Caddo,.0338501
40017,OK,Canadian,.022009799
40019,OK,Carter,.062036
40021,OK,Cherokee,0
40023,OK,Choctaw,0
40025,OK,Cimarron,0
40027,OK,Cleveland,.0288112
40029,OK,Coal,0
40031,OK,Comanche,.074136309
40033,OK,Cotton,0
40035,OK,Craig,.069156297
40037,OK,Creek,.0281539
40039,OK,Custer,.103288
40041,OK,Delaware,.047755498
40043,OK,Dewey,0
40045,OK,Ellis,0
40047,OK,Garfield,.096178509
40049,OK,Garvin,0
40051,OK,Grady,.0182725
40053,OK,Grant,0
40055,OK,Greer,0
40057,OK,Harmon,0
40059,OK,Harper,0
40061,OK,Haskell,0
40063,OK,Hughes,0
40065,OK,Jackson,.11812419
40067,OK,Jefferson,0
40069,OK,Johnston,0
40071,OK,Kay,.044461198
40073,OK,Kingfisher,0
40075,OK,Kiowa,0
40077,OK,Latimer,0
40079,OK,Le Flore,.060190201
40081,OK,Lincoln,0
40083,OK,Logan,.043476399
40085,OK,Love,0
40087,OK,McClain,.025907399
40089,OK,McCurtain,0
40091,OK,McIntosh,.050609801
40093,OK,Major,0
40095,OK,Marshall,0
40097,OK,Mayes,0
40099,OK,Murray,0
40101,OK,Muskogee,.072415493
40103,OK,Noble,0
40105,OK,Nowata,0
40107,OK,Okfuskee,0
40109,OK,Oklahoma,.0599331
40111,OK,Okmulgee,0
40113,OK,Osage,.042268101
40115,OK,Ottawa,.063445739
40117,OK,Pawnee,0
40119,OK,Payne,.061539199
40121,OK,Pittsburg,.045050099
40123,OK,Pontotoc,.052025098
40125,OK,Pottawatomie,.097246535
40127,OK,Pushmataha,0
40129,OK,Roger Mills,0
40131,OK,Rogers,.021989901
40133,OK,Seminole,0
40135,OK,Sequoyah,0
40137,OK,Stephens,.068192668
40139,OK,Texas,0
40141,OK,Tillman,0
40143,OK,Tulsa,.049609199
40145,OK,Wagoner,.038705699
40147,OK,Washington,.057787899
40149,OK,Washita,.087153561
40151,OK,Woods,.10948106
40153,OK,Woodward,.09558402
41001,OR,Baker,.12540758
41003,OR,Benton,.033596098
41005,OR,Clackamas,.066391267
41007,OR,Clatsop,.2847012
41009,OR,Columbia,.058955301
41011,OR,Coos,.14201184
41013,OR,Crook,.13426423
41015,OR,Curry,.13281389
41017,OR,Deschutes,.1217656
41019,OR,Douglas,.064754859
41021,OR,Gilliam,0
41023,OR,Grant,.13919821
41025,OR,Harney,0
41027,OR,Hood River,.26014569
41029,OR,Jackson,.093150631
41031,OR,Jefferson,.043254498
41033,OR,Josephine,.058590502
41035,OR,Klamath,.075434126
41037,OR,Lake,.12787724
41039,OR,Lane,.086889699
41041,OR,Lincoln,.20878135
41043,OR,Linn,.0488998
41045,OR,Malheur,.065804623
41047,OR,Marion,.10423926
41049,OR,Morrow,0
41051,OR,Multnomah,.1197696
41053,OR,Polk,.0122787
41055,OR,Sherman,0
41057,OR,Tillamook,.15261933
41059,OR,Umatilla,.052185901
41061,OR,Union,0
41063,OR,Wallowa,0
41065,OR,Wasco,.077306636
41067,OR,Washington,.07207343
41069,OR,Wheeler,0
41071,OR,Yamhill,.067232057
42001,PA,Adams,.13768144
42003,PA,Allegheny,.064355671
42005,PA,Armstrong,.060485099
42007,PA,Beaver,.029918101
42009,PA,Bedford,.1027707
42011,PA,Berks,.115459
42013,PA,Blair,.12910827
42015,PA,Bradford,.081986032
42017,PA,Bucks,.11966474
42019,PA,Butler,.069814779
42021,PA,Cambria,.052117102
42023,PA,Cameron,0
42025,PA,Carbon,.094465874
42027,PA,Centre,.074036144
42029,PA,Chester,.071637534
42031,PA,Clarion,.051869899
42033,PA,Clearfield,.062472701
42035,PA,Clinton,0
42037,PA,Columbia,.090700209
42039,PA,Crawford,.080920175
42041,PA,Cumberland,.064541891
42043,PA,Dauphin,.069312461
42045,PA,Delaware,.12411457
42047,PA,Elk,.065739736
42049,PA,Erie,.028951799
42051,PA,Fayette,.0604266
42053,PA,Forest,0
42055,PA,Franklin,.0586075
42057,PA,Fulton,.068413489
42059,PA,Greene,0
42061,PA,Huntingdon,.065929718
42063,PA,Indiana,.035188101
42065,PA,Jefferson,.1137527
42067,PA,Juniata,.040858001
42069,PA,Lackawanna,.094844267
42071,PA,Lancaster,.15024011
42073,PA,Lawrence,.0456459
42075,PA,Lebanon,.086606957
42077,PA,Lehigh,.10189666
42079,PA,Luzerne,.094696671
42081,PA,Lycoming,.08717788
42083,PA,McKean,0
42085,PA,Mercer,.088752404
42087,PA,Mifflin,.10795406
42089,PA,Monroe,.072065145
42091,PA,Montgomery,.1011386
42093,PA,Montour,.054854602
42095,PA,Northampton,.069591731
42097,PA,Northumberland,.086506128
42099,PA,Perry,.086982995
42101,PA,Philadelphia,.1155728
42103,PA,Pike,.018118899
42105,PA,Potter,0
42107,PA,Schuylkill,.097673282
42109,PA,Snyder,.14753978
42111,PA,Somerset,.093246303
42113,PA,Sullivan,0
42115,PA,Susquehanna,.048498999
42117,PA,Tioga,.097023793
42119,PA,Union,.11003521
42121,PA,Venango,.11435324
42123,PA,Warren,.0250013
42125,PA,Washington,.048229702
42127,PA,Wayne,.039039601
42129,PA,Westmoreland,.067646034
42131,PA,Wyoming,.036366299
42133,PA,York,.065343425
44001,RI,Bristol,.061377302
44003,RI,Kent,.054981999
44005,RI,Newport,.16767471
44007,RI,Providence,.092837065
44009,RI,Washington,.095252462
45001,SC,Abbeville,0
45003,SC,Aiken,.041935802
45005,SC,Allendale,.11038746
45007,SC,Anderson,.0306172
45009,SC,Bamberg,.068823121
45011,SC,Barnwell,0
45013,SC,Beaufort,.076295525
45015,SC,Berkeley,.028320201
45017,SC,Calhoun,.13558403
45019,SC,Charleston,.12608114
45021,SC,Cherokee,.052886698
45023,SC,Chester,0
45025,SC,Chesterfield,.043318201
45027,SC,Clarendon,.029206499
45029,SC,Colleton,.053192899
45031,SC,Darlington,.11874722
45033,SC,Dillon,.064899243
45035,SC,Dorchester,.019547701
45037,SC,Edgefield,.037622299
45039,SC,Fairfield,.044189099
45041,SC,Florence,.10834393
45043,SC,Georgetown,.11405481
45045,SC,Greenville,.050096799
45047,SC,Greenwood,.071253493
45049,SC,Hampton,0
45051,SC,Horry,.065331012
45053,SC,Jasper,.071247905
45055,SC,Kershaw,.0155596
45057,SC,Lancaster,.033387098
45059,SC,Laurens,.0150216
45061,SC,Lee,0
45063,SC,Lexington,.052375399
45065,SC,McCormick,0
45067,SC,Marion,.031493101
45069,SC,Marlboro,.073975436
45071,SC,Newberry,0
45073,SC,Oconee,.039263401
45075,SC,Orangeburg,.033962
45077,SC,Pickens,.016268199
45079,SC,Richland,.0537761
45081,SC,Saluda,.0492732
45083,SC,Spartanburg,.066430613
45085,SC,Sumter,.065245554
45087,SC,Union,0
45089,SC,Williamsburg,.031400099
45091,SC,York,.027132001
46003,SD,Aurora,0
46005,SD,Beadle,0
46007,SD,Bennett,.29010734
46009,SD,Bon Homme,.1435132
46011,SD,Brookings,.0587251
46013,SD,Brown,.1541703
46015,SD,Brule,0
46017,SD,Buffalo,0
46019,SD,Butte,.098745927
46021,SD,Campbell,0
46023,SD,Charles Mix,.10658708
46025,SD,Clark,.54945058
46027,SD,Clay,0
46029,SD,Codington,.2497057
46031,SD,Corson,0
46033,SD,Custer,0
46035,SD,Davison,.3025566
46037,SD,Day,.18135655
46039,SD,Deuel,0
46041,SD,Dewey,0
46043,SD,Douglas,.34364262
46045,SD,Edmunds,0
46047,SD,Fall River,0
46049,SD,Faulk,0
46051,SD,Grant,0
46053,SD,Gregory,.23975065
46055,SD,Haakon,0
46057,SD,Hamlin,.17012589
46059,SD,Hand,0
46061,SD,Hanson,.29498526
46063,SD,Harding,0
46065,SD,Hughes,.11378506
46067,SD,Hutchinson,.13627692
46069,SD,Hyde,0
46071,SD,Jackson,0
46073,SD,Jerauld,0
46075,SD,Jones,0
46077,SD,Kingsbury,0
46079,SD,Lake,0
46081,SD,Lawrence,.11912798
46083,SD,Lincoln,.0549732
46085,SD,Lyman,.25510204
46087,SD,McCook,.18244846
46089,SD,McPherson,.41288191
46091,SD,Marshall,0
46093,SD,Meade,.036549699
46095,SD,Mellette,0
46097,SD,Miner,0
46099,SD,Minnehaha,.11287228
46101,SD,Moody,0
46103,SD,Pennington,.082642354
46105,SD,Perkins,0
46107,SD,Potter,0
46109,SD,Roberts,.19565643
46111,SD,Sanborn,0
46113,SD,Shannon,0
46115,SD,Spink,.15615241
46117,SD,Stanley,0
46119,SD,Sully,.70472163
46121,SD,Todd,0
46123,SD,Tripp,.18214937
46125,SD,Turner,0
46127,SD,Union,0
46129,SD,Walworth,.36357027
46135,SD,Yankton,.17678776
46137,SD,Ziebach,0
47001,TN,Anderson,.079380833
47003,TN,Bedford,.042176299
47005,TN,Benton,.062270399
47007,TN,Bledsoe,0
47009,TN,Blount,.077976361
47011,TN,Bradley,.028733701
47013,TN,Campbell,0
47015,TN,Cannon,0
47017,TN,Carroll,0
47019,TN,Carter,0
47021,TN,Cheatham,0
47023,TN,Chester,0
47025,TN,Claiborne,0
47027,TN,Clay,0
47029,TN,Cocke,.056882799
47031,TN,Coffee,.036745802
47033,TN,Crockett,0
47035,TN,Cumberland,.017084699
47037,TN,Davidson,.062418301
47039,TN,Decatur,0
47041,TN,DeKalb,.10287008
47043,TN,Dickson,.019259701
47045,TN,Dyer,.053184401
47047,TN,Fayette,.025268501
47049,TN,Fentress,0
47051,TN,Franklin,0
47053,TN,Gibson,0
47055,TN,Giles,.034317099
47057,TN,Grainger,.0432676
47059,TN,Greene,.029172
47061,TN,Grundy,0
47063,TN,Hamblen,.031388801
47065,TN,Hamilton,.053063601
47067,TN,Hancock,0
47069,TN,Hardeman,0
47071,TN,Hardin,.038821399
47073,TN,Hawkins,.035482399
47075,TN,Haywood,0
47077,TN,Henderson,0
47079,TN,Henry,.0310126
47081,TN,Hickman,0
47083,TN,Houston,0
47085,TN,Humphreys,0
47087,TN,Jackson,0
47089,TN,Jefferson,.0188122
47091,TN,Johnson,0
47093,TN,Knox,.052618399
47095,TN,Lake,0
47097,TN,Lauderdale,0
47099,TN,Lawrence,.069801532
47101,TN,Lewis,0
47103,TN,Lincoln,.029825799
47105,TN,Loudon,.019502699
47107,TN,McMinn,.018990099
47109,TN,McNairy,.038744699
47111,TN,Macon,0
47113,TN,Madison,.051274698
47115,TN,Marion,.035309501
47117,TN,Marshall,0
47119,TN,Maury,.0446488
47121,TN,Meigs,0
47123,TN,Monroe,0
47125,TN,Montgomery,.035935201
47127,TN,Moore,0
47129,TN,Morgan,0
47131,TN,Obion,.065517917
47133,TN,Overton,.045499999
47135,TN,Perry,0
47137,TN,Pickett,0
47139,TN,Polk,0
47141,TN,Putnam,.065683171
47143,TN,Rhea,0
47145,TN,Roane,0
47147,TN,Robertson,.0144557
47149,TN,Rutherford,.029250899
47151,TN,Scott,0
47153,TN,Sequatchie,0
47155,TN,Sevier,.18631804
47157,TN,Shelby,.0565557
47159,TN,Smith,.0513716
47161,TN,Stewart,0
47163,TN,Sullivan,.038379099
47165,TN,Sumner,.022332899
47167,TN,Tipton,.0163463
47169,TN,Trousdale,0
47171,TN,Unicoi,0
47173,TN,Union,0
47175,TN,Van Buren,0
47177,TN,Warren,.0247525
47179,TN,Washington,.047162399
47181,TN,Wayne,0
47183,TN,Weakley,.029790301
47185,TN,White,.037805799
47187,TN,Williamson,.073096745
47189,TN,Wilson,.0453059
48001,TX,Anderson,.0173738
48003,TX,Andrews,0
48005,TX,Angelina,.045542501
48007,TX,Aransas,.0395648
48009,TX,Archer,.1139731
48011,TX,Armstrong,0
48013,TX,Atascosa,.041096501
48015,TX,Austin,.13496643
48017,TX,Bailey,0
48019,TX,Bandera,.092123441
48021,TX,Bastrop,.048335999
48023,TX,Baylor,0
48025,TX,Bee,.030455301
48027,TX,Bell,.035169698
48029,TX,Bexar,.042018
48031,TX,Blanco,.088175647
48033,TX,Borden,0
48035,TX,Bosque,0
48037,TX,Bowie,.042607099
48039,TX,Brazoria,.033914801
48041,TX,Brazos,.036436301
48043,TX,Brewster,0
48045,TX,Briscoe,0
48047,TX,Brooks,0
48049,TX,Brown,.052541699
48051,TX,Burleson,0
48053,TX,Burnet,0
48055,TX,Caldwell,.0243262
48057,TX,Calhoun,.091149397
48059,TX,Callahan,.072584741
48061,TX,Cameron,.040306699
48063,TX,Camp,0
48065,TX,Carson,.16374652
48067,TX,Cass,0
48069,TX,Castro,0
48071,TX,Chambers,.0248244
48073,TX,Cherokee,0
48075,TX,Childress,0
48077,TX,Clay,0
48079,TX,Cochran,0
48081,TX,Coke,0
48083,TX,Coleman,0
48085,TX,Collin,.044564601
48087,TX,Collingsworth,0
48089,TX,Colorado,.095115803
48091,TX,Comal,.074547864
48093,TX,Comanche,0
48095,TX,Concho,.23402761
48097,TX,Cooke,.0254816
48099,TX,Coryell,0
48101,TX,Cottle,0
48103,TX,Crane,0
48105,TX,Crockett,0
48107,TX,Crosby,0
48109,TX,Culberson,0
48111,TX,Dallam,0
48113,TX,Dallas,.0390344
48115,TX,Dawson,0
48117,TX,Deaf Smith,0
48119,TX,Delta,0
48121,TX,Denton,.034640599
48123,TX,DeWitt,.19400524
48125,TX,Dickens,0
48127,TX,Dimmit,0
48129,TX,Donley,0
48131,TX,Duval,0
48133,TX,Eastland,.10927171
48135,TX,Ector,.031729899
48137,TX,Edwards,0
48139,TX,Ellis,.0059389099
48141,TX,El Paso,.038225099
48143,TX,Erath,.096518107
48145,TX,Falls,.057700101
48147,TX,Fannin,.059075501
48149,TX,Fayette,.15955324
48151,TX,Fisher,0
48153,TX,Floyd,0
48155,TX,Foard,0
48157,TX,Fort Bend,.029651299
48159,TX,Franklin,0
48161,TX,Freestone,.050898399
48163,TX,Frio,0
48165,TX,Gaines,.14647722
48167,TX,Galveston,.045550302
48169,TX,Garza,0
48171,TX,Gillespie,.30412468
48173,TX,Glasscock,0
48175,TX,Goliad,0
48177,TX,Gonzales,0
48179,TX,Gray,0
48181,TX,Grayson,.0155999
48183,TX,Gregg,.040454999
48185,TX,Grimes,0
48187,TX,Guadalupe,.025873899
48189,TX,Hale,.0292321
48191,TX,Hall,0
48193,TX,Hamilton,.24298385
48195,TX,Hansford,0
48197,TX,Hardeman,.25056377
48199,TX,Hardin,.035548601
48201,TX,Harris,.054580402
48203,TX,Harrison,.029971501
48205,TX,Hartley,0
48207,TX,Haskell,0
48209,TX,Hays,.0391495
48211,TX,Hemphill,.24236549
48213,TX,Henderson,.0124947
48215,TX,Hidalgo,.062339202
48217,TX,Hill,0
48219,TX,Hockley,0
48221,TX,Hood,.070474647
48223,TX,Hopkins,.027621999
48225,TX,Houston,.043691002
48227,TX,Howard,.0546179
48229,TX,Hudspeth,0
48231,TX,Hunt,.0217536
48233,TX,Hutchinson,.092721373
48235,TX,Irion,0
48237,TX,Jack,0
48239,TX,Jackson,0
48241,TX,Jasper,.11299116
48243,TX,Jeff Davis,0
48245,TX,Jefferson,.074232087
48247,TX,Jim Hogg,.19069412
48249,TX,Jim Wells,.072966069
48251,TX,Johnson,.036828998
48253,TX,Jones,0
48255,TX,Karnes,0
48257,TX,Kaufman,.0508276
48259,TX,Kendall,.071489848
48261,TX,Kenedy,0
48263,TX,Kent,0
48265,TX,Kerr,.0584841
48267,TX,Kimble,0
48269,TX,King,0
48271,TX,Kinney,0
48273,TX,Kleberg,.031900998
48275,TX,Knox,0
48277,TX,Lamar,.0403511
48279,TX,Lamb,.15125161
48281,TX,Lampasas,.096819483
48283,TX,La Salle,0
48285,TX,Lavaca,.050225999
48287,TX,Lee,.2353218
48289,TX,Leon,0
48291,TX,Liberty,.086019389
48293,TX,Limestone,0
48295,TX,Lipscomb,0
48297,TX,Live Oak,0
48299,TX,Llano,.048614498
48301,TX,Loving,0
48303,TX,Lubbock,.0430035
48305,TX,Lynn,.17256255
48307,TX,McCulloch,.12313755
48309,TX,McLennan,.048489202
48311,TX,McMullen,0
48313,TX,Madison,.070952177
48315,TX,Marion,.099137507
48317,TX,Martin,0
48319,TX,Mason,0
48321,TX,Matagorda,.0808255
48323,TX,Maverick,.0172446
48325,TX,Medina,.060980599
48327,TX,Menard,0
48329,TX,Midland,.0183517
48331,TX,Milam,.040428501
48333,TX,Mills,0
48335,TX,Mitchell,0
48337,TX,Montague,0
48339,TX,Montgomery,.045083899
48341,TX,Moore,.045589201
48343,TX,Morris,0
48345,TX,Motley,0
48347,TX,Nacogdoches,.060918
48349,TX,Navarro,.12403101
48351,TX,Newton,0
48353,TX,Nolan,0
48355,TX,Nueces,.0525546
48357,TX,Ochiltree,0
48359,TX,Oldham,0
48361,TX,Orange,.070999198
48363,TX,Palo Pinto,0
48365,TX,Panola,.042662099
48367,TX,Parker,.031041199
48369,TX,Parmer,0
48371,TX,Pecos,.062984191
48373,TX,Polk,0
48375,TX,Potter,.074662775
48377,TX,Presidio,.13954787
48379,TX,Rains,0
48381,TX,Randall,.022648901
48383,TX,Reagan,0
48385,TX,Real,0
48387,TX,Red River,.081853151
48389,TX,Reeves,0
48391,TX,Refugio,0
48393,TX,Roberts,0
48395,TX,Robertson,0
48397,TX,Rockwall,.064226761
48399,TX,Runnels,.097513407
48401,TX,Rusk,.0189193
48403,TX,Sabine,0
48405,TX,San Augustine,0
48407,TX,San Jacinto,.036026899
48409,TX,San Patricio,.044601701
48411,TX,San Saba,.17029972
48413,TX,Schleicher,0
48415,TX,Scurry,0
48417,TX,Shackelford,0
48419,TX,Shelby,0
48421,TX,Sherman,0
48423,TX,Smith,.057699598
48425,TX,Somervell,0
48427,TX,Starr,0
48429,TX,Stephens,0
48431,TX,Sterling,0
48433,TX,Stonewall,0
48435,TX,Sutton,0
48437,TX,Swisher,0
48439,TX,Tarrant,.043032099
48441,TX,Taylor,.036775
48443,TX,Terrell,0
48445,TX,Terry,0
48447,TX,Throckmorton,0
48449,TX,Titus,.061321501
48451,TX,Tom Green,.0339582
48453,TX,Travis,.058111399
48455,TX,Trinity,0
48457,TX,Tyler,0
48459,TX,Upshur,.0244714
48461,TX,Upton,0
48463,TX,Uvalde,.073784404
48465,TX,Val Verde,.10213879
48467,TX,Van Zandt,.036780301
48469,TX,Victoria,.043299899
48471,TX,Walker,.0139468
48473,TX,Waller,.079907306
48475,TX,Ward,0
48477,TX,Washington,.0574366
48479,TX,Webb,.0550659
48481,TX,Wharton,.12009415
48483,TX,Wheeler,0
48485,TX,Wichita,.0609245
48487,TX,Wilbarger,.077555455
48489,TX,Willacy,.13786764
48491,TX,Williamson,.028421501
48493,TX,Wilson,.041502401
48495,TX,Winkler,0
48497,TX,Wise,.0155123
48499,TX,Wood,.068457201
48501,TX,Yoakum,0
48503,TX,Young,.055312801
48505,TX,Zapata,0
48507,TX,Zavala,0
49001,UT,Beaver,0
49003,UT,Box Elder,.037754402
49005,UT,Cache,.040869001
49007,UT,Carbon,.098178782
49009,UT,Daggett,0
49011,UT,Davis,.0556648
49013,UT,Duchesne,.049224701
49015,UT,Emery,.097828217
49017,UT,Garfield,0
49019,UT,Grand,.10356255
49021,UT,Iron,.040163901
49023,UT,Juab,.090884306
49025,UT,Kane,.13650014
49027,UT,Millard,.078851916
49029,UT,Morgan,.08792755
49031,UT,Piute,0
49033,UT,Rich,0
49035,UT,Salt Lake,.0543973
49037,UT,San Juan,0
49039,UT,Sanpete,.0341262
49041,UT,Sevier,.047288001
49043,UT,Summit,.099034414
49045,UT,Tooele,.0154801
49047,UT,Uintah,.082886666
49049,UT,Utah,.052500099
49051,UT,Wasatch,.032710701
49053,UT,Washington,.075359367
49055,UT,Wayne,0
49057,UT,Weber,.052563701
50001,VT,Addison,.10856584
50003,VT,Bennington,.19523624
50005,VT,Caledonia,.066297613
50007,VT,Chittenden,.10524882
50009,VT,Essex,0
50011,VT,Franklin,.020419
50013,VT,Grand Isle,.1442377
50015,VT,Lamoille,.079132706
50017,VT,Orange,.034581698
50019,VT,Orleans,.14952712
50021,VT,Rutland,.084499426
50023,VT,Washington,.18846911
50025,VT,Windham,.1390595
50027,VT,Windsor,.072471648
51001,VA,Accomack,.091413252
51003,VA,Albemarle,.056380901
51005,VA,Alleghany,0
51007,VA,Amelia,0
51009,VA,Amherst,0
51011,VA,Appomattox,0
51013,VA,Arlington,.0518112
51015,VA,Augusta,.053494502
51017,VA,Bath,0
51019,VA,Bedford,.025697701
51021,VA,Bland,0
51023,VA,Botetourt,0
51025,VA,Brunswick,0
51027,VA,Buchanan,0
51029,VA,Buckingham,0
51031,VA,Campbell,.054367501
51033,VA,Caroline,.066509262
51035,VA,Carroll,.067342333
51036,VA,Charles City,0
51037,VA,Charlotte,0
51041,VA,Chesterfield,.0295146
51043,VA,Clarke,.13964531
51045,VA,Craig,0
51047,VA,Culpeper,.079470724
51049,VA,Cumberland,0
51051,VA,Dickenson,0
51053,VA,Dinwiddie,0
51057,VA,Essex,0
51059,VA,Fairfax,.0524184
51061,VA,Fauquier,.043614801
51063,VA,Floyd,.12773024
51065,VA,Fluvanna,0
51067,VA,Franklin,.017806601
51069,VA,Frederick,.047234401
51071,VA,Giles,0
51073,VA,Gloucester,.053906899
51075,VA,Goochland,0
51077,VA,Grayson,0
51079,VA,Greene,.10346077
51081,VA,Greensville,0
51083,VA,Halifax,.028600801
51085,VA,Hanover,.047917001
51087,VA,Henrico,.076652549
51089,VA,Henry,0
51091,VA,Highland,0
51093,VA,Isle of Wight,.055059999
51095,VA,James City,.094506472
51097,VA,King and Queen,0
51099,VA,King George,0
51101,VA,King William,.12186205
51103,VA,Lancaster,.27834478
51105,VA,Lee,.0415783
51107,VA,Loudoun,.051775999
51109,VA,Louisa,0
51111,VA,Lunenburg,0
51113,VA,Madison,0
51115,VA,Mathews,0
51117,VA,Mecklenburg,.064964592
51119,VA,Middlesex,.18573551
51121,VA,Montgomery,.0507924
51125,VA,Nelson,.067136623
51127,VA,New Kent,.047551099
51131,VA,Northampton,.083291687
51133,VA,Northumberland,.16400164
51135,VA,Nottoway,.064474531
51137,VA,Orange,.028184099
51139,VA,Page,0
51141,VA,Patrick,.0562778
51143,VA,Pittsylvania,.032429099
51145,VA,Powhatan,.035213701
51147,VA,Prince Edward,0
51149,VA,Prince George,0
51153,VA,Prince William,.043805901
51155,VA,Pulaski,.0292056
51157,VA,Rappahannock,0
51159,VA,Richmond,0
51161,VA,Roanoke,.021421799
51163,VA,Rockbridge,.17848378
51165,VA,Rockingham,.088274613
51167,VA,Russell,0
51169,VA,Scott,0
51171,VA,Shenandoah,.046589602
51173,VA,Smyth,.032180201
51175,VA,Southampton,.11099395
51177,VA,Spotsylvania,.038050301
51179,VA,Stafford,.0139395
51181,VA,Surry,.152207
51183,VA,Sussex,0
51185,VA,Tazewell,0
51187,VA,Warren,.025597701
51191,VA,Washington,.0368752
51193,VA,Westmoreland,.22651339
51195,VA,Wise,.051237401
51197,VA,Wythe,.0345519
51199,VA,York,.0147619
51510,VA,Alexandria,.063577645
51515,VA,Bedford,0
51520,VA,Bristol,.11815443
51530,VA,Buena Vista,0
51540,VA,Charlottesville,.16918327
51550,VA,Chesapeake,.033667099
51570,VA,Colonial Heights,.0566829
51580,VA,Covington,0
51590,VA,Danville,.048027299
51595,VA,Emporia,0
51600,VA,Fairfax,.16787678
51610,VA,Falls Church,.21632536
51620,VA,Franklin,.12153622
51630,VA,Fredericksburg,.17685968
51640,VA,Galax,0
51650,VA,Hampton,.081281587
51660,VA,Harrisonburg,.11122852
51670,VA,Hopewell,.08842124
51678,VA,Lexington,0
51680,VA,Lynchburg,.075082593
51683,VA,Manassas,.0241214
51685,VA,Manassas Park,.062169701
51690,VA,Martinsville,0
51700,VA,Newport News,.060979702
51710,VA,Norfolk,.077382989
51720,VA,Norton,.25075227
51730,VA,Petersburg,.06279435
51735,VA,Poquoson,.16740604
51740,VA,Portsmouth,.0526332
51750,VA,Radford,.057438299
51760,VA,Richmond,.09321402
51770,VA,Roanoke,.050128799
51775,VA,Salem,.07828708
51790,VA,Staunton,.12367564
51800,VA,Suffolk,.0447958
51810,VA,Virginia Beach,.068674624
51820,VA,Waynesboro,0
51830,VA,Williamsburg,.26752275
51840,VA,Winchester,.072553143
53001,WA,Adams,.051915701
53003,WA,Asotin,.044822901
53005,WA,Benton,.072357401
53007,WA,Chelan,.14479782
53009,WA,Clallam,.1349564
53011,WA,Clark,.073032215
53013,WA,Columbia,0
53015,WA,Cowlitz,.038183998
53017,WA,Douglas,.12114751
53019,WA,Ferry,0
53021,WA,Franklin,.077506505
53023,WA,Garfield,0
53025,WA,Grant,.063895039
53027,WA,Grays Harbor,.15357766
53029,WA,Island,.085744381
53031,WA,Jefferson,.12941214
53033,WA,King,.089983031
53035,WA,Kitsap,.079814829
53037,WA,Kittitas,.17806268
53039,WA,Klickitat,0
53041,WA,Lewis,.078298315
53043,WA,Lincoln,0
53045,WA,Mason,.048291299
53047,WA,Okanogan,.14465152
53049,WA,Pacific,.28289878
53051,WA,Pend Oreille,.076184675
53053,WA,Pierce,.068624444
53055,WA,San Juan,.1227295
53057,WA,Skagit,.13777454
53059,WA,Skamania,0
53061,WA,Snohomish,.071161173
53063,WA,Spokane,.070360668
53065,WA,Stevens,.022617299
53067,WA,Thurston,.10586917
53069,WA,Wahkiakum,0
53071,WA,Walla Walla,.11668222
53073,WA,Whatcom,.097099051
53075,WA,Whitman,.0412133
53077,WA,Yakima,.076206364
54001,WV,Barbour,.059808601
54003,WV,Berkeley,.044142298
54005,WV,Boone,0
54007,WV,Braxton,0
54009,WV,Brooke,.044039302
54011,WV,Cabell,.10452706
54013,WV,Calhoun,0
54015,WV,Clay,0
54017,WV,Doddridge,0
54019,WV,Fayette,0
54021,WV,Gilmer,0
54023,WV,Grant,0
54025,WV,Greenbrier,.056347601
54027,WV,Hampshire,0
54029,WV,Hancock,.033759799
54031,WV,Hardy,0
54033,WV,Harrison,.0439367
54035,WV,Jackson,0
54037,WV,Jefferson,0
54039,WV,Kanawha,.053735401
54041,WV,Lewis,0
54043,WV,Lincoln,0
54045,WV,Logan,0
54047,WV,McDowell,0
54049,WV,Marion,.017706299
54051,WV,Marshall,0
54053,WV,Mason,0
54055,WV,Mercer,0
54057,WV,Mineral,0
54059,WV,Mingo,0
54061,WV,Monongalia,.0286339
54063,WV,Monroe,0
54065,WV,Morgan,.056873102
54067,WV,Nicholas,0
54069,WV,Ohio,.09390112
54071,WV,Pendleton,0
54073,WV,Pleasants,0
54075,WV,Pocahontas,0
54077,WV,Preston,0
54079,WV,Putnam,.052917499
54081,WV,Raleigh,.026226399
54083,WV,Randolph,.069056004
54085,WV,Ritchie,0
54087,WV,Roane,.070781425
54089,WV,Summers,0
54091,WV,Taylor,.059007499
54093,WV,Tucker,0
54095,WV,Tyler,0
54097,WV,Upshur,0
54099,WV,Wayne,0
54101,WV,Webster,0
54103,WV,Wetzel,0
54105,WV,Wirt,0
54107,WV,Wood,.034998499
54109,WV,Wyoming,0
55001,WI,Adams,0
55003,WI,Ashland,0
55005,WI,Barron,.13254689
55007,WI,Bayfield,.20080322
55009,WI,Brown,.0577843
55011,WI,Buffalo,.075987846
55013,WI,Burnett,0
55015,WI,Calumet,.020141801
55017,WI,Chippewa,.047194298
55019,WI,Clark,.0578737
55021,WI,Columbia,.087884277
55023,WI,Crawford,.36855036
55025,WI,Dane,.09052214
55027,WI,Dodge,.080065884
55029,WI,Door,.69474918
55031,WI,Douglas,.13827434
55033,WI,Dunn,.11279807
55035,WI,Eau Claire,.029158801
55037,WI,Florence,0
55039,WI,Fond du Lac,.068486452
55041,WI,Forest,0
55043,WI,Grant,.09616679
55045,WI,Green,.27165055
55047,WI,Green Lake,0
55049,WI,Iowa,.12782276
55051,WI,Iron,.17652251
55053,WI,Jackson,0
55055,WI,Jefferson,.070968121
55057,WI,Juneau,.11381312
55059,WI,Kenosha,.053613201
55061,WI,Kewaunee,.19623233
55063,WI,La Crosse,.093439683
55065,WI,Lafayette,.23843586
55067,WI,Langlade,.052394401
55069,WI,Lincoln,.071802974
55071,WI,Manitowoc,.075632475
55073,WI,Marathon,.096157402
55075,WI,Marinette,.17374469
55077,WI,Marquette,.13212657
55078,WI,Menominee,0
55079,WI,Milwaukee,.061756201
55081,WI,Monroe,.1322868
55083,WI,Oconto,.0533746
55085,WI,Oneida,.28269351
55087,WI,Outagamie,.086648546
55089,WI,Ozaukee,.14743073
55091,WI,Pepin,.55050921
55093,WI,Pierce,.0241383
55095,WI,Polk,.13857773
55097,WI,Portage,.071237251
55099,WI,Price,0
55101,WI,Racine,.056407399
55103,WI,Richland,.11415525
55105,WI,Rock,.068144791
55107,WI,Rusk,.07096225
55109,WI,St. Croix,.068457983
55111,WI,Sauk,.22011194
55113,WI,Sawyer,.061169598
55115,WI,Shawano,.073276177
55117,WI,Sheboygan,.078174539
55119,WI,Taylor,.0493218
55121,WI,Trempealeau,.067512825
55123,WI,Vernon,.16370364
55125,WI,Vilas,.13976891
55127,WI,Walworth,.077839941
55129,WI,Washburn,.0640615
55131,WI,Washington,.066978239
55133,WI,Waukesha,.087890014
55135,WI,Waupaca,.0194727
55137,WI,Waushara,0
55139,WI,Winnebago,.11205804
55141,WI,Wood,.08197169
56001,WY,Albany,.10529918
56003,WY,Big Horn,0
56005,WY,Campbell,.040983599
56007,WY,Carbon,.063584916
56009,WY,Converse,0
56011,WY,Crook,.13338669
56013,WY,Fremont,.099391229
56015,WY,Goshen,.14975664
56017,WY,Hot Springs,0
56019,WY,Johnson,0
56021,WY,Laramie,.040829699
56023,WY,Lincoln,0
56025,WY,Natrona,.049448598
56027,WY,Niobrara,0
56029,WY,Park,.1359989
56031,WY,Platte,0
56033,WY,Sheridan,.16639489
56035,WY,Sublette,0
56037,WY,Sweetwater,.0226014
56039,WY,Teton,.34512511
56041,WY,Uinta,.096567042
56043,WY,Washakie,0
56045,WY,Weston,0
