CountyFIPS,state,county,dirsales12
01001,AL,Autauga,308
01003,AL,Baldwin,648
01005,AL,Barbour,13
01007,AL,Bibb,20
01009,AL,Blount,495
01011,AL,Bullock,58
01013,AL,Butler,131
01015,AL,Calhoun,285
01017,AL,Chambers,67
01019,AL,Cherokee,31
01021,AL,Chilton,834
01023,AL,Choctaw,26
01025,AL,Clarke,42
01027,AL,Clay,39
01029,AL,Cleburne,9
01031,AL,Coffee,103
01033,AL,Colbert,72
01035,AL,Conecuh,19
01037,AL,Coosa,28
01039,AL,Covington,67
01041,AL,Crenshaw,5
01043,AL,Cullman,269
01045,AL,Dale,41
01047,AL,Dallas,137
01049,AL,DeKalb,168
01051,AL,Elmore,130
01053,AL,Escambia,50
01055,AL,Etowah,139
01057,AL,Fayette,51
01059,AL,Franklin,48
01061,AL,Geneva,192
01063,AL,Greene,136
01065,AL,Hale,44
01067,AL,Henry,21
01069,AL,Houston,136
01071,AL,Jackson,166
01073,AL,Jefferson,61
01075,AL,Lamar,33
01077,AL,Lauderdale,167
01079,AL,Lawrence,82
01081,AL,Lee,234
01083,AL,Limestone,598
01085,AL,Lowndes,28
01087,AL,Macon,45
01089,AL,Madison,371
01091,AL,Marengo,30
01093,AL,Marion,22
01095,AL,Marshall,146
01097,AL,Mobile,573
01099,AL,Monroe,29
01101,AL,Montgomery,83
01103,AL,Morgan,204
01105,AL,Perry,18
01107,AL,Pickens,40
01109,AL,Pike,30
01111,AL,Randolph,46
01113,AL,Russell,24
01115,AL,St. Clair,196
01117,AL,Shelby,166
01119,AL,Sumter,36
01121,AL,Talladega,49
01123,AL,Tallapoosa,71
01125,AL,Tuscaloosa,156
01127,AL,Walker,503
01129,AL,Washington,20
01131,AL,Wilcox,34
01133,AL,Winston,58
02020,AK,Anchorage,946
02090,AK,Fairbanks North Star,729
02110,AK,Juneau,87
02122,AK,Kenai Peninsula,312
04001,AZ,Apache,126
04003,AZ,Cochise,1148
04005,AZ,Coconino,1037
04007,AZ,Gila,37
04009,AZ,Graham,125
04013,AZ,Maricopa,2041
04015,AZ,Mohave,219
04017,AZ,Navajo,318
04019,AZ,Pima,1316
04021,AZ,Pinal,481
04023,AZ,Santa Cruz,54
04025,AZ,Yavapai,775
04027,AZ,Yuma,198
05001,AR,Arkansas,9
05003,AR,Ashley,127
05005,AR,Baxter,75
05007,AR,Benton,291
05009,AR,Boone,170
05011,AR,Bradley,44
05015,AR,Carroll,129
05019,AR,Clark,18
05023,AR,Cleburne,16
05025,AR,Cleveland,0
05027,AR,Columbia,6
05029,AR,Conway,19
05031,AR,Craighead,87
05033,AR,Crawford,154
05035,AR,Crittenden,49
05037,AR,Cross,106
05039,AR,Dallas,9
05043,AR,Drew,32
05045,AR,Faulkner,338
05047,AR,Franklin,112
05049,AR,Fulton,178
05051,AR,Garland,40
05053,AR,Grant,64
05055,AR,Greene,28
05057,AR,Hempstead,49
05059,AR,Hot Spring,187
05061,AR,Howard,140
05063,AR,Independence,111
05065,AR,Izard,36
05067,AR,Jackson,70
05069,AR,Jefferson,56
05071,AR,Johnson,206
05073,AR,Lafayette,132
05075,AR,Lawrence,64
05081,AR,Little River,24
05083,AR,Logan,76
05085,AR,Lonoke,633
05087,AR,Madison,179
05089,AR,Marion,38
05091,AR,Miller,69
05093,AR,Mississippi,51
05095,AR,Monroe,0
05097,AR,Montgomery,7
05099,AR,Nevada,52
05101,AR,Newton,12
05103,AR,Ouachita,16
05105,AR,Perry,66
05107,AR,Phillips,36
05109,AR,Pike,13
05111,AR,Poinsett,32
05113,AR,Polk,19
05115,AR,Pope,113
05117,AR,Prairie,1
05119,AR,Pulaski,145
05121,AR,Randolph,38
05123,AR,St. Francis,34
05125,AR,Saline,50
05127,AR,Scott,43
05129,AR,Searcy,52
05131,AR,Sebastian,41
05133,AR,Sevier,5
05135,AR,Sharp,42
05137,AR,Stone,30
05139,AR,Union,48
05141,AR,Van Buren,66
05143,AR,Washington,482
05145,AR,White,198
05147,AR,Woodruff,10
05149,AR,Yell,28
06001,CA,Alameda,387
06003,CA,Alpine,0
06005,CA,Amador,218
06007,CA,Butte,2285
06009,CA,Calaveras,574
06011,CA,Colusa,115
06013,CA,Contra Costa,1675
06015,CA,Del Norte,93
06017,CA,El Dorado,1937
06019,CA,Fresno,18037
06021,CA,Glenn,990
06023,CA,Humboldt,1759
06025,CA,Imperial,212
06027,CA,Inyo,197
06029,CA,Kern,5940
06031,CA,Kings,934
06033,CA,Lake,1005
06035,CA,Lassen,257
06037,CA,Los Angeles,2369
06039,CA,Madera,1287
06041,CA,Marin,1834
06043,CA,Mariposa,71
06045,CA,Mendocino,1561
06047,CA,Merced,11543
06049,CA,Modoc,152
06053,CA,Monterey,2449
06055,CA,Napa,1379
06057,CA,Nevada,933
06059,CA,Orange,716
06061,CA,Placer,1651
06063,CA,Plumas,100
06065,CA,Riverside,4143
06067,CA,Sacramento,3911
06069,CA,San Benito,1827
06071,CA,San Bernardino,3256
06073,CA,San Diego,11379
06077,CA,San Joaquin,8919
06079,CA,San Luis Obispo,5884
06081,CA,San Mateo,1098
06083,CA,Santa Barbara,6285
06085,CA,Santa Clara,3598
06087,CA,Santa Cruz,7786
06089,CA,Shasta,777
06093,CA,Siskiyou,449
06095,CA,Solano,2701
06097,CA,Sonoma,8153
06099,CA,Stanislaus,4584
06101,CA,Sutter,929
06103,CA,Tehama,758
06105,CA,Trinity,206
06107,CA,Tulare,15418
06109,CA,Tuolumne,235
06111,CA,Ventura,4732
06113,CA,Yolo,9426
06115,CA,Yuba,753
08001,CO,Adams,502
08003,CO,Alamosa,116
08005,CO,Arapahoe,224
08007,CO,Archuleta,119
08009,CO,Baca,19
08011,CO,Bent,58
08013,CO,Boulder,1753
08014,CO,Broomfield,0
08015,CO,Chaffee,129
08017,CO,Cheyenne,25
08021,CO,Conejos,58
08023,CO,Costilla,38
08025,CO,Crowley,92
08027,CO,Custer,7
08029,CO,Delta,1655
08033,CO,Dolores,31
08035,CO,Douglas,350
08037,CO,Eagle,113
08039,CO,Elbert,673
08041,CO,El Paso,366
08043,CO,Fremont,345
08045,CO,Garfield,180
08047,CO,Gilpin,0
08049,CO,Grand,44
08051,CO,Gunnison,47
08053,CO,Hinsdale,0
08055,CO,Huerfano,105
08057,CO,Jackson,13
08059,CO,Jefferson,85
08061,CO,Kiowa,56
08063,CO,Kit Carson,86
08065,CO,Lake,8
08067,CO,La Plata,533
08069,CO,Larimer,1803
08071,CO,Las Animas,43
08073,CO,Lincoln,122
08075,CO,Logan,125
08077,CO,Mesa,3532
08079,CO,Mineral,0
08081,CO,Moffat,40
08083,CO,Montezuma,322
08085,CO,Montrose,637
08087,CO,Morgan,267
08089,CO,Otero,778
08091,CO,Ouray,37
08093,CO,Park,132
08095,CO,Phillips,88
08097,CO,Pitkin,18
08099,CO,Prowers,10
08101,CO,Pueblo,483
08103,CO,Rio Blanco,35
08105,CO,Rio Grande,444
08107,CO,Routt,198
08109,CO,Saguache,70
08111,CO,San Juan,0
08113,CO,San Miguel,84
08115,CO,Sedgwick,21
08119,CO,Teller,86
08121,CO,Washington,57
08123,CO,Weld,1759
08125,CO,Yuma,83
09001,CT,Fairfield,3785
09003,CT,Hartford,7509
09005,CT,Litchfield,3289
09007,CT,Middlesex,3792
09009,CT,New Haven,3671
09011,CT,New London,4095
09013,CT,Tolland,1873
09015,CT,Windham,2425
10001,DE,Kent,1078
10003,DE,New Castle,492
10005,DE,Sussex,2731
12001,FL,Alachua,688
12003,FL,Baker,143
12005,FL,Bay,27
12007,FL,Bradford,46
12009,FL,Brevard,367
12011,FL,Broward,125
12013,FL,Calhoun,45
12015,FL,Charlotte,33
12017,FL,Citrus,98
12019,FL,Clay,60
12021,FL,Collier,102
12023,FL,Columbia,107
12027,FL,DeSoto,152
12029,FL,Dixie,10
12031,FL,Duval,86
12033,FL,Escambia,298
12035,FL,Flagler,22
12039,FL,Gadsden,58
12041,FL,Gilchrist,337
12043,FL,Glades,25
12047,FL,Hamilton,18
12049,FL,Hardee,170
12051,FL,Hendry,137
12053,FL,Hernando,235
12055,FL,Highlands,220
12057,FL,Hillsborough,1846
12059,FL,Holmes,90
12061,FL,Indian River,91
12063,FL,Jackson,790
12065,FL,Jefferson,143
12067,FL,Lafayette,25
12069,FL,Lake,1683
12071,FL,Lee,956
12075,FL,Levy,160
12077,FL,Liberty,0
12079,FL,Madison,37
12081,FL,Manatee,599
12083,FL,Marion,508
12085,FL,Martin,196
12086,FL,Miami-Dade,2727
12089,FL,Nassau,50
12091,FL,Okaloosa,71
12093,FL,Okeechobee,295
12095,FL,Orange,134
12097,FL,Osceola,28
12099,FL,Palm Beach,921
12101,FL,Pasco,1112
12103,FL,Pinellas,28
12105,FL,Polk,443
12107,FL,Putnam,105
12109,FL,St. Johns,66
12111,FL,St. Lucie,105
12113,FL,Santa Rosa,199
12115,FL,Sarasota,53
12117,FL,Seminole,214
12119,FL,Sumter,489
12121,FL,Suwannee,426
12123,FL,Taylor,12
12125,FL,Union,92
12127,FL,Volusia,229
12129,FL,Wakulla,58
12131,FL,Walton,64
12133,FL,Washington,174
13003,GA,Atkinson,20
13005,GA,Bacon,5
13009,GA,Baldwin,61
13011,GA,Banks,33
13013,GA,Barrow,37
13015,GA,Bartow,26
13017,GA,Ben Hill,15
13021,GA,Bibb,15
13023,GA,Bleckley,19
13025,GA,Brantley,262
13027,GA,Brooks,169
13029,GA,Bryan,1
13031,GA,Bulloch,273
13033,GA,Burke,43
13035,GA,Butts,51
13037,GA,Calhoun,4
13039,GA,Camden,74
13043,GA,Candler,18
13045,GA,Carroll,87
13047,GA,Catoosa,70
13049,GA,Charlton,14
13051,GA,Chatham,59
13053,GA,Chattahoochee,0
13055,GA,Chattooga,103
13057,GA,Cherokee,86
13059,GA,Clarke,17
13061,GA,Clay,0
13063,GA,Clayton,0
13067,GA,Cobb,102
13069,GA,Coffee,53
13071,GA,Colquitt,61
13073,GA,Columbia,42
13075,GA,Cook,15
13077,GA,Coweta,109
13079,GA,Crawford,483
13083,GA,Dade,36
13085,GA,Dawson,5
13087,GA,Decatur,12
13089,GA,DeKalb,32
13091,GA,Dodge,34
13093,GA,Dooly,21
13097,GA,Douglas,130
13101,GA,Echols,2
13103,GA,Effingham,57
13105,GA,Elbert,39
13107,GA,Emanuel,129
13109,GA,Evans,48
13111,GA,Fannin,222
13113,GA,Fayette,148
13115,GA,Floyd,80
13117,GA,Forsyth,145
13119,GA,Franklin,55
13121,GA,Fulton,394
13123,GA,Gilmer,369
13127,GA,Glynn,15
13129,GA,Gordon,162
13131,GA,Grady,16
13133,GA,Greene,24
13135,GA,Gwinnett,88
13137,GA,Habersham,182
13139,GA,Hall,125
13141,GA,Hancock,17
13143,GA,Haralson,31
13145,GA,Harris,118
13147,GA,Hart,141
13149,GA,Heard,12
13151,GA,Henry,279
13153,GA,Houston,43
13155,GA,Irwin,2
13157,GA,Jackson,301
13159,GA,Jasper,40
13161,GA,Jeff Davis,36
13163,GA,Jefferson,98
13167,GA,Johnson,10
13169,GA,Jones,30
13171,GA,Lamar,25
13173,GA,Lanier,1
13175,GA,Laurens,53
13177,GA,Lee,6
13179,GA,Liberty,4
13183,GA,Long,15
13185,GA,Lowndes,48
13187,GA,Lumpkin,7
13189,GA,McDuffie,47
13191,GA,McIntosh,56
13193,GA,Macon,79
13195,GA,Madison,193
13197,GA,Marion,21
13199,GA,Meriwether,154
13201,GA,Miller,29
13205,GA,Mitchell,32
13207,GA,Monroe,70
13209,GA,Montgomery,6
13211,GA,Morgan,92
13213,GA,Murray,34
13215,GA,Muscogee,0
13217,GA,Newton,321
13219,GA,Oconee,289
13221,GA,Oglethorpe,104
13223,GA,Paulding,21
13225,GA,Peach,112
13227,GA,Pickens,73
13229,GA,Pierce,22
13231,GA,Pike,231
13233,GA,Polk,49
13235,GA,Pulaski,59
13239,GA,Quitman,0
13241,GA,Rabun,118
13245,GA,Richmond,2
13247,GA,Rockdale,27
13251,GA,Screven,92
13253,GA,Seminole,0
13255,GA,Spalding,34
13257,GA,Stephens,22
13259,GA,Stewart,0
13261,GA,Sumter,196
13263,GA,Talbot,6
13265,GA,Taliaferro,20
13267,GA,Tattnall,238
13269,GA,Taylor,22
13271,GA,Telfair,19
13275,GA,Thomas,88
13279,GA,Toombs,29
13283,GA,Treutlen,82
13285,GA,Troup,11
13287,GA,Turner,81
13289,GA,Twiggs,10
13291,GA,Union,38
13293,GA,Upson,105
13295,GA,Walker,97
13297,GA,Walton,141
13299,GA,Ware,54
13303,GA,Washington,14
13305,GA,Wayne,35
13311,GA,White,103
13313,GA,Whitfield,47
13315,GA,Wilcox,175
13317,GA,Wilkes,39
13319,GA,Wilkinson,146
13321,GA,Worth,7
15001,HI,Hawaii,6029
15003,HI,Honolulu,3244
15007,HI,Kauai,1278
15009,HI,Maui,2664
16001,ID,Ada,1230
16003,ID,Adams,35
16005,ID,Bannock,172
16007,ID,Bear Lake,54
16009,ID,Benewah,63
16011,ID,Bingham,344
16013,ID,Blaine,29
16015,ID,Boise,29
16017,ID,Bonner,397
16019,ID,Bonneville,217
16021,ID,Boundary,114
16025,ID,Camas,98
16027,ID,Canyon,1249
16029,ID,Caribou,350
16031,ID,Cassia,98
16033,ID,Clark,0
16035,ID,Clearwater,50
16037,ID,Custer,29
16039,ID,Elmore,198
16041,ID,Franklin,128
16043,ID,Fremont,65
16045,ID,Gem,384
16047,ID,Gooding,119
16049,ID,Idaho,115
16051,ID,Jefferson,94
16053,ID,Jerome,84
16055,ID,Kootenai,431
16057,ID,Latah,291
16059,ID,Lemhi,102
16063,ID,Lincoln,55
16065,ID,Madison,69
16067,ID,Minidoka,62
16069,ID,Nez Perce,155
16071,ID,Oneida,51
16073,ID,Owyhee,96
16075,ID,Payette,353
16077,ID,Power,100
16079,ID,Shoshone,10
16081,ID,Teton,184
16083,ID,Twin Falls,397
16085,ID,Valley,32
16087,ID,Washington,378
17001,IL,Adams,290
17005,IL,Bond,34
17007,IL,Boone,1502
17009,IL,Brown,42
17011,IL,Bureau,126
17013,IL,Calhoun,411
17015,IL,Carroll,147
17017,IL,Cass,70
17019,IL,Champaign,479
17021,IL,Christian,65
17023,IL,Clark,50
17025,IL,Clay,21
17027,IL,Clinton,213
17029,IL,Coles,114
17031,IL,Cook,558
17033,IL,Crawford,164
17035,IL,Cumberland,81
17037,IL,DeKalb,1173
17039,IL,De Witt,146
17041,IL,Douglas,162
17043,IL,DuPage,314
17045,IL,Edgar,346
17047,IL,Edwards,3
17049,IL,Effingham,132
17051,IL,Fayette,293
17053,IL,Ford,329
17055,IL,Franklin,162
17057,IL,Fulton,134
17059,IL,Gallatin,32
17061,IL,Greene,168
17063,IL,Grundy,74
17065,IL,Hamilton,34
17067,IL,Hancock,18
17073,IL,Henry,175
17075,IL,Iroquois,295
17077,IL,Jackson,173
17079,IL,Jasper,134
17081,IL,Jefferson,184
17083,IL,Jersey,40
17085,IL,Jo Daviess,669
17087,IL,Johnson,68
17089,IL,Kane,1226
17091,IL,Kankakee,164
17093,IL,Kendall,1382
17095,IL,Knox,73
17097,IL,Lake,1399
17099,IL,LaSalle,836
17101,IL,Lawrence,110
17103,IL,Lee,241
17105,IL,Livingston,452
17107,IL,Logan,220
17109,IL,McDonough,67
17111,IL,McHenry,3790
17113,IL,McLean,381
17115,IL,Macon,94
17117,IL,Macoupin,406
17119,IL,Madison,1035
17121,IL,Marion,150
17123,IL,Marshall,243
17125,IL,Mason,118
17127,IL,Massac,312
17129,IL,Menard,87
17131,IL,Mercer,73
17133,IL,Monroe,240
17135,IL,Montgomery,62
17137,IL,Morgan,534
17139,IL,Moultrie,842
17141,IL,Ogle,417
17143,IL,Peoria,476
17145,IL,Perry,118
17147,IL,Piatt,38
17149,IL,Pike,30
17153,IL,Pulaski,10
17157,IL,Randolph,69
17159,IL,Richland,78
17161,IL,Rock Island,200
17163,IL,St. Clair,152
17165,IL,Saline,5
17167,IL,Sangamon,398
17169,IL,Schuyler,9
17173,IL,Shelby,99
17175,IL,Stark,250
17177,IL,Stephenson,137
17179,IL,Tazewell,270
17181,IL,Union,733
17183,IL,Vermilion,94
17187,IL,Warren,49
17189,IL,Washington,108
17191,IL,Wayne,35
17193,IL,White,58
17195,IL,Whiteside,389
17197,IL,Will,2676
17199,IL,Williamson,119
17201,IL,Winnebago,728
17203,IL,Woodford,569
18001,IN,Adams,281
18003,IN,Allen,632
18005,IN,Bartholomew,426
18007,IN,Benton,30
18009,IN,Blackford,22
18011,IN,Boone,191
18013,IN,Brown,65
18015,IN,Carroll,139
18017,IN,Cass,138
18019,IN,Clark,934
18021,IN,Clay,85
18023,IN,Clinton,151
18025,IN,Crawford,50
18027,IN,Daviess,700
18029,IN,Dearborn,185
18031,IN,Decatur,131
18033,IN,DeKalb,122
18035,IN,Delaware,234
18037,IN,Dubois,205
18039,IN,Elkhart,2393
18041,IN,Fayette,24
18043,IN,Floyd,75
18045,IN,Fountain,71
18047,IN,Franklin,170
18049,IN,Fulton,137
18051,IN,Gibson,234
18053,IN,Grant,174
18055,IN,Greene,310
18057,IN,Hamilton,452
18059,IN,Hancock,239
18061,IN,Harrison,204
18063,IN,Hendricks,720
18065,IN,Henry,194
18067,IN,Howard,257
18069,IN,Huntington,117
18071,IN,Jackson,478
18073,IN,Jasper,234
18075,IN,Jay,91
18077,IN,Jefferson,145
18079,IN,Jennings,245
18081,IN,Johnson,324
18083,IN,Knox,1814
18085,IN,Kosciusko,384
18087,IN,LaGrange,1100
18089,IN,Lake,373
18091,IN,LaPorte,1221
18093,IN,Lawrence,175
18095,IN,Madison,222
18097,IN,Marion,214
18099,IN,Marshall,611
18101,IN,Martin,49
18103,IN,Miami,129
18105,IN,Monroe,395
18107,IN,Montgomery,126
18109,IN,Morgan,596
18111,IN,Newton,106
18113,IN,Noble,414
18115,IN,Ohio,26
18117,IN,Orange,79
18119,IN,Owen,85
18121,IN,Parke,475
18123,IN,Perry,126
18127,IN,Porter,228
18129,IN,Posey,79
18131,IN,Pulaski,54
18133,IN,Putnam,101
18135,IN,Randolph,125
18137,IN,Ripley,223
18139,IN,Rush,114
18141,IN,St. Joseph,1111
18143,IN,Scott,53
18145,IN,Shelby,94
18147,IN,Spencer,231
18149,IN,Starke,132
18151,IN,Steuben,170
18153,IN,Sullivan,115
18157,IN,Tippecanoe,853
18159,IN,Tipton,37
18161,IN,Union,25
18163,IN,Vanderburgh,723
18167,IN,Vigo,133
18169,IN,Wabash,314
18171,IN,Warren,15
18173,IN,Warrick,40
18175,IN,Washington,473
18177,IN,Wayne,233
18179,IN,Wells,80
18181,IN,White,79
18183,IN,Whitley,219
19001,IA,Adair,137
19003,IA,Adams,28
19005,IA,Allamakee,85
19007,IA,Appanoose,31
19009,IA,Audubon,55
19011,IA,Benton,526
19013,IA,Black Hawk,432
19015,IA,Boone,244
19017,IA,Bremer,248
19019,IA,Buchanan,211
19021,IA,Buena Vista,82
19023,IA,Butler,73
19025,IA,Calhoun,223
19027,IA,Carroll,70
19029,IA,Cass,124
19031,IA,Cedar,139
19033,IA,Cerro Gordo,121
19035,IA,Cherokee,40
19037,IA,Chickasaw,449
19039,IA,Clarke,221
19041,IA,Clay,18
19043,IA,Clayton,132
19045,IA,Clinton,201
19047,IA,Crawford,49
19049,IA,Dallas,476
19051,IA,Davis,121
19053,IA,Decatur,25
19055,IA,Delaware,202
19057,IA,Des Moines,21
19059,IA,Dickinson,67
19061,IA,Dubuque,184
19063,IA,Emmet,20
19065,IA,Fayette,201
19067,IA,Floyd,136
19069,IA,Franklin,83
19071,IA,Fremont,60
19073,IA,Greene,183
19075,IA,Grundy,531
19077,IA,Guthrie,173
19079,IA,Hamilton,51
19081,IA,Hancock,151
19083,IA,Hardin,74
19085,IA,Harrison,70
19087,IA,Henry,73
19089,IA,Howard,134
19091,IA,Humboldt,62
19093,IA,Ida,10
19095,IA,Iowa,362
19097,IA,Jackson,496
19099,IA,Jasper,343
19101,IA,Jefferson,176
19103,IA,Johnson,373
19105,IA,Jones,157
19107,IA,Keokuk,88
19109,IA,Kossuth,141
19111,IA,Lee,339
19113,IA,Linn,604
19115,IA,Louisa,32
19117,IA,Lucas,107
19119,IA,Lyon,171
19121,IA,Madison,102
19123,IA,Mahaska,151
19125,IA,Marion,278
19127,IA,Marshall,180
19129,IA,Mills,28
19131,IA,Mitchell,539
19133,IA,Monona,18
19135,IA,Monroe,31
19137,IA,Montgomery,38
19139,IA,Muscatine,469
19141,IA,O'Brien,89
19143,IA,Osceola,20
19145,IA,Page,51
19147,IA,Palo Alto,109
19149,IA,Plymouth,81
19151,IA,Pocahontas,13
19153,IA,Polk,762
19155,IA,Pottawattamie,207
19157,IA,Poweshiek,421
19159,IA,Ringgold,60
19161,IA,Sac,21
19163,IA,Scott,531
19165,IA,Shelby,197
19167,IA,Sioux,236
19169,IA,Story,320
19171,IA,Tama,139
19173,IA,Taylor,24
19175,IA,Union,50
19177,IA,Van Buren,27
19179,IA,Wapello,9
19181,IA,Warren,307
19183,IA,Washington,182
19185,IA,Wayne,44
19187,IA,Webster,52
19189,IA,Winnebago,116
19191,IA,Winneshiek,324
19193,IA,Woodbury,578
19195,IA,Worth,169
19197,IA,Wright,110
20001,KS,Allen,139
20003,KS,Anderson,225
20005,KS,Atchison,47
20007,KS,Barber,21
20009,KS,Barton,56
20011,KS,Bourbon,53
20013,KS,Brown,66
20015,KS,Butler,253
20017,KS,Chase,63
20019,KS,Chautauqua,43
20021,KS,Cherokee,68
20023,KS,Cheyenne,132
20025,KS,Clark,8
20027,KS,Clay,45
20029,KS,Cloud,19
20031,KS,Coffey,96
20033,KS,Comanche,11
20035,KS,Cowley,188
20037,KS,Crawford,82
20041,KS,Dickinson,48
20043,KS,Doniphan,47
20045,KS,Douglas,497
20047,KS,Edwards,0
20049,KS,Elk,30
20051,KS,Ellis,111
20053,KS,Ellsworth,27
20055,KS,Finney,44
20057,KS,Ford,21
20059,KS,Franklin,115
20061,KS,Geary,11
20063,KS,Gove,93
20067,KS,Grant,15
20069,KS,Gray,16
20071,KS,Greeley,19
20073,KS,Greenwood,53
20075,KS,Hamilton,14
20077,KS,Harper,180
20079,KS,Harvey,268
20081,KS,Haskell,0
20083,KS,Hodgeman,0
20085,KS,Jackson,175
20087,KS,Jefferson,441
20089,KS,Jewell,20
20091,KS,Johnson,269
20093,KS,Kearny,6
20095,KS,Kingman,38
20097,KS,Kiowa,9
20099,KS,Labette,105
20101,KS,Lane,8
20103,KS,Leavenworth,314
20105,KS,Lincoln,10
20107,KS,Linn,102
20111,KS,Lyon,164
20113,KS,McPherson,155
20115,KS,Marion,84
20117,KS,Marshall,21
20119,KS,Meade,31
20121,KS,Miami,196
20123,KS,Mitchell,12
20125,KS,Montgomery,113
20127,KS,Morris,14
20129,KS,Morton,0
20131,KS,Nemaha,78
20133,KS,Neosho,81
20135,KS,Ness,37
20137,KS,Norton,10
20139,KS,Osage,101
20141,KS,Osborne,18
20143,KS,Ottawa,23
20145,KS,Pawnee,6
20147,KS,Phillips,141
20149,KS,Pottawatomie,203
20151,KS,Pratt,9
20153,KS,Rawlins,102
20155,KS,Reno,1067
20157,KS,Republic,132
20159,KS,Rice,42
20161,KS,Riley,63
20163,KS,Rooks,42
20165,KS,Rush,37
20167,KS,Russell,10
20169,KS,Saline,46
20173,KS,Sedgwick,429
20175,KS,Seward,8
20177,KS,Shawnee,176
20179,KS,Sheridan,12
20185,KS,Stafford,20
20191,KS,Sumner,80
20193,KS,Thomas,51
20195,KS,Trego,1
20197,KS,Wabaunsee,36
20199,KS,Wallace,0
20201,KS,Washington,53
20205,KS,Wilson,62
20207,KS,Woodson,5
20209,KS,Wyandotte,161
21001,KY,Adair,182
21003,KY,Allen,591
21005,KY,Anderson,104
21007,KY,Ballard,28
21009,KY,Barren,284
21011,KY,Bath,165
21013,KY,Bell,17
21015,KY,Boone,286
21017,KY,Bourbon,140
21019,KY,Boyd,81
21021,KY,Boyle,168
21023,KY,Bracken,35
21025,KY,Breathitt,21
21027,KY,Breckinridge,279
21029,KY,Bullitt,153
21031,KY,Butler,79
21033,KY,Caldwell,10
21035,KY,Calloway,118
21037,KY,Campbell,327
21039,KY,Carlisle,39
21041,KY,Carroll,38
21043,KY,Carter,224
21045,KY,Casey,262
21047,KY,Christian,372
21049,KY,Clark,179
21051,KY,Clay,541
21053,KY,Clinton,34
21055,KY,Crittenden,100
21057,KY,Cumberland,19
21059,KY,Daviess,190
21061,KY,Edmonson,31
21063,KY,Elliott,23
21065,KY,Estill,155
21067,KY,Fayette,235
21069,KY,Fleming,128
21071,KY,Floyd,8
21073,KY,Franklin,104
21075,KY,Fulton,2
21077,KY,Gallatin,45
21079,KY,Garrard,96
21081,KY,Grant,143
21083,KY,Graves,215
21085,KY,Grayson,193
21087,KY,Green,53
21089,KY,Greenup,135
21091,KY,Hancock,64
21093,KY,Hardin,140
21097,KY,Harrison,131
21099,KY,Hart,197
21101,KY,Henderson,170
21103,KY,Henry,158
21105,KY,Hickman,41
21107,KY,Hopkins,66
21109,KY,Jackson,36
21111,KY,Jefferson,117
21113,KY,Jessamine,70
21115,KY,Johnson,9
21117,KY,Kenton,278
21119,KY,Knott,0
21121,KY,Knox,7
21123,KY,Larue,460
21125,KY,Laurel,376
21127,KY,Lawrence,30
21129,KY,Lee,10
21131,KY,Leslie,0
21133,KY,Letcher,2
21135,KY,Lewis,26
21137,KY,Lincoln,259
21139,KY,Livingston,8
21141,KY,Logan,122
21143,KY,Lyon,19
21145,KY,McCracken,176
21147,KY,McCreary,5
21149,KY,McLean,79
21151,KY,Madison,550
21153,KY,Magoffin,28
21155,KY,Marion,120
21157,KY,Marshall,101
21161,KY,Mason,47
21163,KY,Meade,100
21165,KY,Menifee,22
21167,KY,Mercer,164
21169,KY,Metcalfe,143
21171,KY,Monroe,79
21173,KY,Montgomery,26
21175,KY,Morgan,89
21177,KY,Muhlenberg,34
21179,KY,Nelson,94
21181,KY,Nicholas,25
21183,KY,Ohio,86
21185,KY,Oldham,480
21187,KY,Owen,179
21189,KY,Owsley,28
21191,KY,Pendleton,115
21193,KY,Perry,13
21195,KY,Pike,40
21197,KY,Powell,10
21199,KY,Pulaski,641
21203,KY,Rockcastle,23
21205,KY,Rowan,83
21207,KY,Russell,25
21209,KY,Scott,155
21211,KY,Shelby,802
21213,KY,Simpson,75
21215,KY,Spencer,92
21217,KY,Taylor,88
21219,KY,Todd,479
21221,KY,Trigg,119
21223,KY,Trimble,208
21225,KY,Union,0
21227,KY,Warren,549
21229,KY,Washington,395
21231,KY,Wayne,95
21233,KY,Webster,78
21235,KY,Whitley,63
21237,KY,Wolfe,31
21239,KY,Woodford,167
22001,LA,Acadia,620
22003,LA,Allen,57
22005,LA,Ascension,21
22009,LA,Avoyelles,126
22011,LA,Beauregard,225
22013,LA,Bienville,65
22015,LA,Bossier,319
22017,LA,Caddo,305
22019,LA,Calcasieu,49
22021,LA,Caldwell,52
22023,LA,Cameron,16
22025,LA,Catahoula,10
22027,LA,Claiborne,21
22029,LA,Concordia,4
22031,LA,De Soto,73
22033,LA,East Baton Rouge,110
22035,LA,East Carroll,3
22037,LA,East Feliciana,24
22039,LA,Evangeline,41
22041,LA,Franklin,291
22043,LA,Grant,99
22045,LA,Iberia,28
22049,LA,Jackson,7
22053,LA,Jefferson Davis,46
22055,LA,Lafayette,55
22057,LA,Lafourche,154
22059,LA,La Salle,0
22061,LA,Lincoln,233
22063,LA,Livingston,60
22067,LA,Morehouse,204
22069,LA,Natchitoches,228
22071,LA,Orleans,14
22073,LA,Ouachita,146
22075,LA,Plaquemines,698
22077,LA,Pointe Coupee,346
22079,LA,Rapides,464
22081,LA,Red River,51
22083,LA,Richland,27
22085,LA,Sabine,23
22087,LA,St. Bernard,24
22089,LA,St. Charles,115
22091,LA,St. Helena,50
22093,LA,St. James,37
22095,LA,St. John the Baptist,0
22097,LA,St. Landry,411
22099,LA,St. Martin,132
22101,LA,St. Mary,33
22103,LA,St. Tammany,215
22105,LA,Tangipahoa,276
22107,LA,Tensas,118
22109,LA,Terrebonne,23
22111,LA,Union,15
22113,LA,Vermilion,158
22115,LA,Vernon,17
22117,LA,Washington,100
22119,LA,Webster,45
22123,LA,West Carroll,102
22125,LA,West Feliciana,66
22127,LA,Winn,15
23001,ME,Androscoggin,2263
23003,ME,Aroostook,2488
23005,ME,Cumberland,3027
23007,ME,Franklin,441
23009,ME,Hancock,1186
23011,ME,Kennebec,890
23013,ME,Knox,1339
23015,ME,Lincoln,2613
23017,ME,Oxford,1305
23019,ME,Penobscot,2046
23021,ME,Piscataquis,264
23023,ME,Sagadahoc,743
23025,ME,Somerset,1060
23027,ME,Waldo,1343
23029,ME,Washington,498
23031,ME,York,3287
24001,MD,Allegany,130
24003,MD,Anne Arundel,720
24005,MD,Baltimore,2550
24009,MD,Calvert,456
24011,MD,Caroline,3734
24013,MD,Carroll,3309
24015,MD,Cecil,690
24017,MD,Charles,491
24019,MD,Dorchester,210
24021,MD,Frederick,2803
24023,MD,Garrett,383
24025,MD,Harford,1162
24027,MD,Howard,1477
24029,MD,Kent,133
24031,MD,Montgomery,2373
24033,MD,Prince George's,1436
24035,MD,Queen Anne's,524
24037,MD,St. Mary's,1346
24039,MD,Somerset,30
24041,MD,Talbot,62
24043,MD,Washington,3361
24045,MD,Wicomico,475
24047,MD,Worcester,184
25001,MA,Barnstable,1248
25003,MA,Berkshire,1385
25005,MA,Bristol,4479
25007,MA,Dukes,958
25009,MA,Essex,5472
25011,MA,Franklin,3449
25013,MA,Hampden,2544
25015,MA,Hampshire,4450
25017,MA,Middlesex,8404
25019,MA,Nantucket,651
25021,MA,Norfolk,2440
25023,MA,Plymouth,1786
25025,MA,Suffolk,58
25027,MA,Worcester,10585
26001,MI,Alcona,64
26003,MI,Alger,111
26005,MI,Allegan,1782
26007,MI,Alpena,141
26009,MI,Antrim,657
26011,MI,Arenac,73
26013,MI,Baraga,15
26015,MI,Barry,1446
26017,MI,Bay,746
26019,MI,Benzie,320
26021,MI,Berrien,5878
26023,MI,Branch,599
26025,MI,Calhoun,578
26027,MI,Cass,745
26029,MI,Charlevoix,351
26031,MI,Cheboygan,173
26033,MI,Chippewa,203
26035,MI,Clare,130
26037,MI,Clinton,560
26039,MI,Crawford,16
26041,MI,Delta,434
26043,MI,Dickinson,39
26045,MI,Eaton,466
26047,MI,Emmet,1214
26049,MI,Genesee,1175
26051,MI,Gladwin,367
26053,MI,Gogebic,24
26055,MI,Grand Traverse,947
26057,MI,Gratiot,512
26059,MI,Hillsdale,846
26061,MI,Houghton,220
26063,MI,Huron,300
26065,MI,Ingham,573
26067,MI,Ionia,646
26069,MI,Iosco,158
26071,MI,Iron,31
26073,MI,Isabella,563
26075,MI,Jackson,1021
26077,MI,Kalamazoo,722
26079,MI,Kalkaska,54
26081,MI,Kent,3015
26083,MI,Keweenaw,0
26085,MI,Lake,60
26087,MI,Lapeer,3905
26089,MI,Leelanau,535
26091,MI,Lenawee,919
26093,MI,Livingston,496
26095,MI,Luce,26
26097,MI,Mackinac,90
26099,MI,Macomb,3643
26101,MI,Manistee,607
26103,MI,Marquette,217
26105,MI,Mason,326
26107,MI,Mecosta,590
26109,MI,Menominee,126
26111,MI,Midland,202
26113,MI,Missaukee,153
26115,MI,Monroe,1301
26117,MI,Montcalm,733
26119,MI,Montmorency,78
26121,MI,Muskegon,390
26123,MI,Newaygo,781
26125,MI,Oakland,513
26127,MI,Oceana,880
26129,MI,Ogemaw,83
26131,MI,Ontonagon,26
26133,MI,Osceola,325
26135,MI,Oscoda,138
26137,MI,Otsego,164
26139,MI,Ottawa,3184
26141,MI,Presque Isle,259
26143,MI,Roscommon,17
26145,MI,Saginaw,744
26147,MI,St. Clair,1076
26149,MI,St. Joseph,516
26151,MI,Sanilac,543
26153,MI,Schoolcraft,23
26155,MI,Shiawassee,504
26157,MI,Tuscola,1143
26159,MI,Van Buren,2680
26161,MI,Washtenaw,1786
26163,MI,Wayne,888
26165,MI,Wexford,209
27001,MN,Aitkin,236
27003,MN,Anoka,634
27005,MN,Becker,251
27007,MN,Beltrami,204
27009,MN,Benton,1239
27011,MN,Big Stone,97
27013,MN,Blue Earth,266
27015,MN,Brown,121
27017,MN,Carlton,280
27019,MN,Carver,429
27021,MN,Cass,99
27023,MN,Chippewa,302
27025,MN,Chisago,648
27027,MN,Clay,265
27029,MN,Clearwater,218
27031,MN,Cook,10
27033,MN,Cottonwood,140
27035,MN,Crow Wing,154
27037,MN,Dakota,1152
27039,MN,Dodge,147
27041,MN,Douglas,266
27043,MN,Faribault,104
27045,MN,Fillmore,430
27047,MN,Freeborn,175
27049,MN,Goodhue,575
27051,MN,Grant,37
27053,MN,Hennepin,1184
27055,MN,Houston,503
27057,MN,Hubbard,430
27059,MN,Isanti,979
27061,MN,Itasca,457
27063,MN,Jackson,36
27065,MN,Kanabec,194
27067,MN,Kandiyohi,309
27071,MN,Koochiching,46
27073,MN,Lac qui Parle,81
27075,MN,Lake,21
27077,MN,Lake of the Woods,19
27079,MN,Le Sueur,440
27081,MN,Lincoln,12
27083,MN,Lyon,41
27085,MN,McLeod,629
27087,MN,Mahnomen,151
27089,MN,Marshall,64
27091,MN,Martin,116
27093,MN,Meeker,226
27095,MN,Mille Lacs,581
27097,MN,Morrison,207
27099,MN,Mower,87
27101,MN,Murray,82
27103,MN,Nicollet,291
27105,MN,Nobles,283
27107,MN,Norman,166
27109,MN,Olmsted,607
27111,MN,Otter Tail,1571
27113,MN,Pennington,54
27115,MN,Pine,465
27117,MN,Pipestone,129
27119,MN,Polk,156
27121,MN,Pope,154
27123,MN,Ramsey,229
27127,MN,Redwood,283
27129,MN,Renville,127
27131,MN,Rice,1256
27133,MN,Rock,176
27135,MN,Roseau,240
27137,MN,St. Louis,591
27139,MN,Scott,878
27141,MN,Sherburne,1729
27143,MN,Sibley,161
27145,MN,Stearns,811
27147,MN,Steele,176
27149,MN,Stevens,145
27151,MN,Swift,59
27153,MN,Todd,350
27155,MN,Traverse,24
27157,MN,Wabasha,734
27159,MN,Wadena,271
27161,MN,Waseca,47
27163,MN,Washington,3374
27165,MN,Watonwan,51
27167,MN,Wilkin,16
27169,MN,Winona,900
27171,MN,Wright,1565
27173,MN,Yellow Medicine,115
28001,MS,Adams,13
28003,MS,Alcorn,11
28005,MS,Amite,25
28007,MS,Attala,41
28009,MS,Benton,79
28011,MS,Bolivar,2
28013,MS,Calhoun,58
28015,MS,Carroll,27
28017,MS,Chickasaw,305
28019,MS,Choctaw,57
28021,MS,Claiborne,5
28023,MS,Clarke,74
28025,MS,Clay,40
28027,MS,Coahoma,55
28029,MS,Copiah,15
28031,MS,Covington,104
28033,MS,DeSoto,91
28035,MS,Forrest,100
28037,MS,Franklin,4
28039,MS,George,133
28041,MS,Greene,202
28045,MS,Hancock,21
28047,MS,Harrison,115
28049,MS,Hinds,108
28053,MS,Humphreys,4
28055,MS,Issaquena,0
28057,MS,Itawamba,27
28059,MS,Jackson,90
28061,MS,Jasper,8
28063,MS,Jefferson,23
28065,MS,Jefferson Davis,37
28067,MS,Jones,93
28069,MS,Kemper,12
28071,MS,Lafayette,18
28073,MS,Lamar,21
28075,MS,Lauderdale,82
28079,MS,Leake,18
28081,MS,Lee,25
28083,MS,Leflore,12
28085,MS,Lincoln,36
28087,MS,Lowndes,83
28089,MS,Madison,23
28091,MS,Marion,97
28093,MS,Marshall,75
28095,MS,Monroe,65
28099,MS,Neshoba,13
28101,MS,Newton,62
28103,MS,Noxubee,9
28105,MS,Oktibbeha,80
28107,MS,Panola,118
28109,MS,Pearl River,102
28111,MS,Perry,83
28113,MS,Pike,32
28115,MS,Pontotoc,52
28117,MS,Prentiss,8
28119,MS,Quitman,9
28121,MS,Rankin,59
28123,MS,Scott,184
28127,MS,Simpson,144
28129,MS,Smith,78
28131,MS,Stone,95
28133,MS,Sunflower,16
28137,MS,Tate,128
28139,MS,Tippah,14
28141,MS,Tishomingo,2
28143,MS,Tunica,0
28145,MS,Union,27
28147,MS,Walthall,30
28149,MS,Warren,7
28153,MS,Wayne,13
28155,MS,Webster,2
28157,MS,Wilkinson,8
28159,MS,Winston,46
28161,MS,Yalobusha,16
28163,MS,Yazoo,48
29001,MO,Adair,77
29003,MO,Andrew,174
29005,MO,Atchison,30
29007,MO,Audrain,324
29009,MO,Barry,151
29011,MO,Barton,131
29013,MO,Bates,111
29015,MO,Benton,54
29017,MO,Bollinger,124
29019,MO,Boone,434
29021,MO,Buchanan,88
29023,MO,Butler,151
29025,MO,Caldwell,41
29027,MO,Callaway,269
29029,MO,Camden,34
29031,MO,Cape Girardeau,238
29033,MO,Carroll,33
29035,MO,Carter,16
29037,MO,Cass,370
29039,MO,Cedar,89
29041,MO,Chariton,159
29043,MO,Christian,191
29045,MO,Clark,275
29047,MO,Clay,206
29051,MO,Cole,182
29053,MO,Cooper,124
29055,MO,Crawford,88
29057,MO,Dade,53
29059,MO,Dallas,257
29061,MO,Daviess,125
29063,MO,DeKalb,65
29065,MO,Dent,153
29067,MO,Douglas,75
29069,MO,Dunklin,311
29071,MO,Franklin,511
29073,MO,Gasconade,170
29075,MO,Gentry,66
29077,MO,Greene,260
29079,MO,Grundy,119
29081,MO,Harrison,102
29083,MO,Henry,34
29085,MO,Hickory,33
29087,MO,Holt,42
29089,MO,Howard,70
29091,MO,Howell,147
29093,MO,Iron,38
29095,MO,Jackson,173
29097,MO,Jasper,103
29099,MO,Jefferson,290
29101,MO,Johnson,359
29103,MO,Knox,330
29105,MO,Laclede,134
29107,MO,Lafayette,990
29109,MO,Lawrence,407
29111,MO,Lewis,41
29113,MO,Lincoln,203
29115,MO,Linn,172
29117,MO,Livingston,73
29119,MO,McDonald,309
29121,MO,Macon,69
29123,MO,Madison,35
29125,MO,Maries,165
29127,MO,Marion,62
29129,MO,Mercer,12
29131,MO,Miller,110
29135,MO,Moniteau,348
29137,MO,Monroe,157
29139,MO,Montgomery,38
29141,MO,Morgan,323
29143,MO,New Madrid,0
29145,MO,Newton,292
29147,MO,Nodaway,107
29149,MO,Oregon,76
29151,MO,Osage,449
29153,MO,Ozark,117
29155,MO,Pemiscot,0
29157,MO,Perry,223
29159,MO,Pettis,136
29161,MO,Phelps,140
29163,MO,Pike,116
29165,MO,Platte,190
29167,MO,Polk,251
29169,MO,Pulaski,36
29171,MO,Putnam,38
29173,MO,Ralls,21
29175,MO,Randolph,39
29177,MO,Ray,408
29179,MO,Reynolds,12
29181,MO,Ripley,26
29183,MO,St. Charles,260
29185,MO,St. Clair,38
29186,MO,Ste. Genevieve,300
29187,MO,St. Francois,93
29195,MO,Saline,141
29197,MO,Schuyler,19
29199,MO,Scotland,35
29201,MO,Scott,149
29203,MO,Shannon,14
29205,MO,Shelby,49
29207,MO,Stoddard,121
29209,MO,Stone,152
29211,MO,Sullivan,80
29213,MO,Taney,63
29215,MO,Texas,64
29217,MO,Vernon,470
29219,MO,Warren,499
29221,MO,Washington,129
29223,MO,Wayne,17
29225,MO,Webster,255
29227,MO,Worth,11
29229,MO,Wright,169
30001,MT,Beaverhead,175
30003,MT,Big Horn,23
30005,MT,Blaine,234
30009,MT,Carbon,150
30011,MT,Carter,33
30013,MT,Cascade,516
30015,MT,Chouteau,204
30017,MT,Custer,114
30019,MT,Daniels,31
30021,MT,Dawson,75
30023,MT,Deer Lodge,17
30025,MT,Fallon,22
30027,MT,Fergus,64
30029,MT,Flathead,1015
30031,MT,Gallatin,438
30033,MT,Garfield,26
30035,MT,Glacier,74
30037,MT,Golden Valley,63
30039,MT,Granite,6
30041,MT,Hill,162
30043,MT,Jefferson,73
30045,MT,Judith Basin,28
30047,MT,Lake,611
30049,MT,Lewis and Clark,212
30051,MT,Liberty,257
30053,MT,Lincoln,176
30057,MT,Madison,122
30059,MT,Meagher,106
30063,MT,Missoula,405
30065,MT,Musselshell,61
30067,MT,Park,263
30069,MT,Petroleum,6
30071,MT,Phillips,125
30073,MT,Pondera,321
30075,MT,Powder River,13
30077,MT,Powell,122
30079,MT,Prairie,17
30081,MT,Ravalli,643
30083,MT,Richland,45
30087,MT,Rosebud,169
30089,MT,Sanders,204
30091,MT,Sheridan,33
30095,MT,Stillwater,121
30097,MT,Sweet Grass,170
30099,MT,Teton,184
30101,MT,Toole,56
30105,MT,Valley,3
30107,MT,Wheatland,215
30111,MT,Yellowstone,224
31001,NE,Adams,73
31003,NE,Antelope,13
31007,NE,Banner,19
31009,NE,Blaine,12
31011,NE,Boone,4
31013,NE,Box Butte,55
31015,NE,Boyd,12
31017,NE,Brown,6
31019,NE,Buffalo,344
31021,NE,Burt,29
31023,NE,Butler,38
31025,NE,Cass,151
31027,NE,Cedar,67
31029,NE,Chase,51
31031,NE,Cherry,27
31033,NE,Cheyenne,47
31035,NE,Clay,13
31037,NE,Colfax,10
31039,NE,Cuming,307
31041,NE,Custer,240
31043,NE,Dakota,10
31045,NE,Dawes,41
31047,NE,Dawson,87
31049,NE,Deuel,16
31053,NE,Dodge,137
31055,NE,Douglas,275
31057,NE,Dundy,41
31059,NE,Fillmore,14
31061,NE,Franklin,2
31063,NE,Frontier,28
31065,NE,Furnas,11
31067,NE,Gage,155
31069,NE,Garden,2
31075,NE,Grant,0
31077,NE,Greeley,23
31079,NE,Hall,37
31083,NE,Harlan,13
31085,NE,Hayes,5
31087,NE,Hitchcock,41
31089,NE,Holt,278
31091,NE,Hooker,6
31093,NE,Howard,53
31095,NE,Jefferson,27
31097,NE,Johnson,137
31099,NE,Kearney,22
31101,NE,Keith,23
31103,NE,Keya Paha,6
31105,NE,Kimball,97
31107,NE,Knox,56
31109,NE,Lancaster,1317
31111,NE,Lincoln,90
31113,NE,Logan,18
31115,NE,Loup,15
31117,NE,McPherson,0
31119,NE,Madison,122
31121,NE,Merrick,172
31123,NE,Morrill,5
31125,NE,Nance,11
31127,NE,Nemaha,78
31129,NE,Nuckolls,14
31131,NE,Otoe,607
31133,NE,Pawnee,25
31135,NE,Perkins,102
31137,NE,Phelps,13
31139,NE,Pierce,48
31141,NE,Platte,526
31145,NE,Red Willow,74
31147,NE,Richardson,152
31149,NE,Rock,11
31151,NE,Saline,79
31153,NE,Sarpy,196
31155,NE,Saunders,298
31157,NE,Scotts Bluff,93
31159,NE,Seward,77
31161,NE,Sheridan,56
31163,NE,Sherman,37
31165,NE,Sioux,119
31167,NE,Stanton,60
31169,NE,Thayer,19
31171,NE,Thomas,0
31173,NE,Thurston,0
31175,NE,Valley,17
31177,NE,Washington,231
31179,NE,Wayne,9
31181,NE,Webster,51
31183,NE,Wheeler,19
31185,NE,York,202
32001,NV,Churchill,914
32003,NV,Clark,1519
32005,NV,Douglas,138
32007,NV,Elko,123
32009,NV,Esmeralda,0
32013,NV,Humboldt,39
32015,NV,Lander,18
32017,NV,Lincoln,982
32019,NV,Lyon,333
32023,NV,Nye,43
32027,NV,Pershing,2
32029,NV,Storey,0
32031,NV,Washoe,135
32510,NV,Carson City,0
33001,NH,Belknap,1195
33003,NH,Carroll,1312
33005,NH,Cheshire,2482
33007,NH,Coos,417
33009,NH,Grafton,1265
33011,NH,Hillsborough,5061
33013,NH,Merrimack,2803
33015,NH,Rockingham,3301
33017,NH,Strafford,1169
33019,NH,Sullivan,1315
34001,NJ,Atlantic,2466
34003,NJ,Bergen,508
34005,NJ,Burlington,1775
34007,NJ,Camden,1219
34009,NJ,Cape May,596
34011,NJ,Cumberland,1557
34015,NJ,Gloucester,3867
34017,NJ,Hudson,0
34019,NJ,Hunterdon,3842
34021,NJ,Mercer,1060
34023,NJ,Middlesex,1414
34025,NJ,Monmouth,1439
34027,NJ,Morris,2192
34029,NJ,Ocean,733
34031,NJ,Passaic,293
34033,NJ,Salem,6474
34035,NJ,Somerset,418
34037,NJ,Sussex,1265
34041,NJ,Warren,2150
35001,NM,Bernalillo,1136
35003,NM,Catron,38
35005,NM,Chaves,38
35006,NM,Cibola,40
35007,NM,Colfax,92
35011,NM,De Baca,22
35013,NM,DoÃ±a Ana,1795
35015,NM,Eddy,45
35017,NM,Grant,92
35019,NM,Guadalupe,23
35021,NM,Harding,26
35023,NM,Hidalgo,23
35025,NM,Lea,22
35027,NM,Lincoln,135
35028,NM,Los Alamos,0
35029,NM,Luna,463
35031,NM,McKinley,49
35033,NM,Mora,31
35035,NM,Otero,280
35039,NM,Rio Arriba,1087
35041,NM,Roosevelt,264
35043,NM,Sandoval,106
35045,NM,San Juan,599
35047,NM,San Miguel,152
35049,NM,Santa Fe,303
35051,NM,Sierra,24
35053,NM,Socorro,454
35055,NM,Taos,293
35057,NM,Torrance,123
35059,NM,Union,44
35061,NM,Valencia,183
36001,NY,Albany,1117
36003,NY,Allegany,787
36005,NY,Bronx,0
36007,NY,Broome,566
36009,NY,Cattaraugus,823
36011,NY,Cayuga,2072
36013,NY,Chautauqua,1307
36015,NY,Chemung,354
36017,NY,Chenango,2077
36019,NY,Clinton,894
36021,NY,Columbia,5445
36023,NY,Cortland,569
36025,NY,Delaware,1380
36027,NY,Dutchess,5658
36029,NY,Erie,3468
36031,NY,Essex,1309
36033,NY,Franklin,916
36035,NY,Fulton,108
36037,NY,Genesee,509
36039,NY,Greene,1619
36041,NY,Hamilton,88
36043,NY,Herkimer,843
36045,NY,Jefferson,921
36047,NY,Kings,207
36049,NY,Lewis,786
36051,NY,Livingston,1172
36053,NY,Madison,1798
36055,NY,Monroe,2955
36057,NY,Montgomery,814
36059,NY,Nassau,1256
36061,NY,New York,0
36063,NY,Niagara,3030
36065,NY,Oneida,2842
36067,NY,Onondaga,3318
36069,NY,Ontario,1544
36071,NY,Orange,7564
36073,NY,Orleans,1564
36075,NY,Oswego,1760
36077,NY,Otsego,1082
36079,NY,Putnam,48
36081,NY,Queens,5
36083,NY,Rensselaer,1291
36085,NY,Richmond,0
36087,NY,Rockland,488
36089,NY,St. Lawrence,1387
36091,NY,Saratoga,1752
36093,NY,Schenectady,540
36095,NY,Schoharie,2649
36097,NY,Schuyler,1017
36099,NY,Seneca,1190
36101,NY,Steuben,986
36103,NY,Suffolk,8942
36105,NY,Sullivan,649
36107,NY,Tioga,993
36109,NY,Tompkins,2487
36111,NY,Ulster,3504
36113,NY,Warren,228
36115,NY,Washington,3242
36117,NY,Wayne,2142
36119,NY,Westchester,508
36121,NY,Wyoming,687
36123,NY,Yates,1385
37001,NC,Alamance,531
37003,NC,Alexander,676
37005,NC,Alleghany,164
37007,NC,Anson,25
37009,NC,Ashe,404
37011,NC,Avery,382
37013,NC,Beaufort,59
37015,NC,Bertie,325
37017,NC,Bladen,604
37021,NC,Buncombe,1141
37023,NC,Burke,340
37025,NC,Cabarrus,148
37027,NC,Caldwell,90
37029,NC,Camden,6
37031,NC,Carteret,418
37033,NC,Caswell,405
37035,NC,Catawba,83
37037,NC,Chatham,635
37039,NC,Cherokee,35
37041,NC,Chowan,159
37043,NC,Clay,235
37045,NC,Cleveland,481
37047,NC,Columbus,131
37049,NC,Craven,217
37051,NC,Cumberland,228
37053,NC,Currituck,276
37055,NC,Dare,0
37057,NC,Davidson,287
37059,NC,Davie,106
37061,NC,Duplin,353
37063,NC,Durham,115
37065,NC,Edgecombe,55
37067,NC,Forsyth,536
37069,NC,Franklin,522
37071,NC,Gaston,280
37073,NC,Gates,10
37075,NC,Graham,27
37077,NC,Granville,140
37079,NC,Greene,263
37081,NC,Guilford,521
37083,NC,Halifax,130
37085,NC,Harnett,444
37087,NC,Haywood,534
37089,NC,Henderson,2025
37091,NC,Hertford,45
37093,NC,Hoke,7
37095,NC,Hyde,54
37097,NC,Iredell,778
37099,NC,Jackson,75
37101,NC,Johnston,828
37103,NC,Jones,100
37105,NC,Lee,98
37109,NC,Lincoln,228
37111,NC,McDowell,46
37113,NC,Macon,236
37115,NC,Madison,520
37117,NC,Martin,20
37119,NC,Mecklenburg,95
37121,NC,Mitchell,134
37123,NC,Montgomery,664
37125,NC,Moore,679
37127,NC,Nash,1420
37129,NC,New Hanover,17
37131,NC,Northampton,17
37133,NC,Onslow,127
37135,NC,Orange,1422
37137,NC,Pamlico,9
37139,NC,Pasquotank,31
37141,NC,Pender,114
37143,NC,Perquimans,104
37145,NC,Person,382
37147,NC,Pitt,68
37149,NC,Polk,49
37151,NC,Randolph,382
37153,NC,Richmond,80
37155,NC,Robeson,427
37157,NC,Rockingham,355
37159,NC,Rowan,589
37161,NC,Rutherford,123
37163,NC,Sampson,402
37165,NC,Scotland,16
37167,NC,Stanly,310
37169,NC,Stokes,239
37171,NC,Surry,563
37173,NC,Swain,9
37175,NC,Transylvania,699
37177,NC,Tyrrell,31
37179,NC,Union,255
37181,NC,Vance,29
37183,NC,Wake,654
37185,NC,Warren,119
37187,NC,Washington,163
37189,NC,Watauga,189
37191,NC,Wayne,482
37193,NC,Wilkes,687
37195,NC,Wilson,117
37197,NC,Yadkin,158
37199,NC,Yancey,167
38003,ND,Barnes,3
38005,ND,Benson,12
38007,ND,Billings,7
38009,ND,Bottineau,26
38011,ND,Bowman,16
38013,ND,Burke,5
38015,ND,Burleigh,25
38017,ND,Cass,31
38019,ND,Cavalier,116
38021,ND,Dickey,44
38023,ND,Divide,0
38025,ND,Dunn,31
38027,ND,Eddy,32
38031,ND,Foster,2
38033,ND,Golden Valley,12
38035,ND,Grand Forks,49
38037,ND,Grant,32
38039,ND,Griggs,2
38041,ND,Hettinger,15
38043,ND,Kidder,56
38045,ND,LaMoure,15
38047,ND,Logan,12
38049,ND,McHenry,19
38051,ND,McIntosh,15
38053,ND,McKenzie,71
38055,ND,McLean,26
38057,ND,Mercer,14
38059,ND,Morton,158
38061,ND,Mountrail,12
38063,ND,Nelson,11
38065,ND,Oliver,291
38067,ND,Pembina,73
38069,ND,Pierce,0
38071,ND,Ramsey,10
38073,ND,Ransom,31
38075,ND,Renville,0
38077,ND,Richland,160
38079,ND,Rolette,7
38089,ND,Stark,20
38091,ND,Steele,0
38093,ND,Stutsman,41
38095,ND,Towner,5
38099,ND,Walsh,68
38101,ND,Ward,198
38103,ND,Wells,22
39001,OH,Adams,193
39003,OH,Allen,748
39005,OH,Ashland,354
39007,OH,Ashtabula,727
39009,OH,Athens,641
39011,OH,Auglaize,173
39013,OH,Belmont,301
39015,OH,Brown,198
39017,OH,Butler,526
39019,OH,Carroll,427
39021,OH,Champaign,702
39023,OH,Clark,301
39025,OH,Clermont,407
39027,OH,Clinton,512
39029,OH,Columbiana,1051
39031,OH,Coshocton,188
39033,OH,Crawford,129
39035,OH,Cuyahoga,230
39037,OH,Darke,536
39039,OH,Defiance,149
39041,OH,Delaware,391
39043,OH,Erie,1200
39045,OH,Fairfield,587
39047,OH,Fayette,83
39049,OH,Franklin,628
39051,OH,Fulton,530
39053,OH,Gallia,166
39055,OH,Geauga,2357
39057,OH,Greene,582
39059,OH,Guernsey,262
39061,OH,Hamilton,503
39063,OH,Hancock,434
39065,OH,Hardin,134
39067,OH,Harrison,97
39069,OH,Henry,98
39071,OH,Highland,678
39073,OH,Hocking,156
39075,OH,Holmes,1203
39077,OH,Huron,293
39079,OH,Jackson,196
39081,OH,Jefferson,117
39083,OH,Knox,684
39085,OH,Lake,540
39087,OH,Lawrence,134
39089,OH,Licking,1368
39091,OH,Logan,805
39093,OH,Lorain,1764
39095,OH,Lucas,868
39097,OH,Madison,741
39099,OH,Mahoning,2303
39101,OH,Marion,181
39103,OH,Medina,1305
39105,OH,Meigs,350
39107,OH,Mercer,72
39109,OH,Miami,857
39111,OH,Monroe,186
39113,OH,Montgomery,374
39115,OH,Morgan,338
39117,OH,Morrow,771
39119,OH,Muskingum,375
39121,OH,Noble,77
39123,OH,Ottawa,376
39125,OH,Paulding,87
39127,OH,Perry,182
39129,OH,Pickaway,394
39131,OH,Pike,299
39133,OH,Portage,1361
39135,OH,Preble,610
39137,OH,Putnam,178
39139,OH,Richland,816
39141,OH,Ross,462
39143,OH,Sandusky,847
39145,OH,Scioto,265
39147,OH,Seneca,381
39149,OH,Shelby,163
39151,OH,Stark,1307
39153,OH,Summit,940
39155,OH,Trumbull,651
39157,OH,Tuscarawas,328
39159,OH,Union,456
39161,OH,Van Wert,177
39163,OH,Vinton,76
39165,OH,Warren,451
39167,OH,Washington,586
39169,OH,Wayne,1293
39171,OH,Williams,162
39173,OH,Wood,390
39175,OH,Wyandot,98
40001,OK,Adair,99
40003,OK,Alfalfa,13
40005,OK,Atoka,67
40007,OK,Beaver,32
40009,OK,Beckham,21
40011,OK,Blaine,93
40013,OK,Bryan,85
40015,OK,Caddo,66
40017,OK,Canadian,216
40019,OK,Carter,52
40021,OK,Cherokee,179
40023,OK,Choctaw,23
40027,OK,Cleveland,146
40029,OK,Coal,6
40031,OK,Comanche,65
40033,OK,Cotton,35
40035,OK,Craig,295
40037,OK,Creek,188
40039,OK,Custer,62
40041,OK,Delaware,110
40043,OK,Dewey,10
40045,OK,Ellis,21
40047,OK,Garfield,17
40049,OK,Garvin,177
40051,OK,Grady,283
40053,OK,Grant,14
40057,OK,Harmon,0
40061,OK,Haskell,103
40063,OK,Hughes,20
40065,OK,Jackson,16
40069,OK,Johnston,47
40071,OK,Kay,125
40073,OK,Kingfisher,86
40075,OK,Kiowa,7
40077,OK,Latimer,41
40079,OK,Le Flore,172
40081,OK,Lincoln,297
40083,OK,Logan,115
40085,OK,Love,42
40087,OK,McClain,210
40089,OK,McCurtain,193
40091,OK,McIntosh,92
40093,OK,Major,99
40097,OK,Mayes,135
40099,OK,Murray,60
40101,OK,Muskogee,221
40105,OK,Nowata,114
40107,OK,Okfuskee,76
40109,OK,Oklahoma,185
40111,OK,Okmulgee,57
40113,OK,Osage,72
40115,OK,Ottawa,144
40117,OK,Pawnee,37
40119,OK,Payne,346
40121,OK,Pittsburg,79
40123,OK,Pontotoc,92
40125,OK,Pottawatomie,173
40127,OK,Pushmataha,13
40129,OK,Roger Mills,33
40131,OK,Rogers,334
40133,OK,Seminole,49
40135,OK,Sequoyah,31
40137,OK,Stephens,37
40139,OK,Texas,144
40141,OK,Tillman,3
40143,OK,Tulsa,377
40145,OK,Wagoner,216
40147,OK,Washington,101
40153,OK,Woodward,51
41001,OR,Baker,298
41003,OR,Benton,3705
41005,OR,Clackamas,3241
41007,OR,Clatsop,242
41009,OR,Columbia,530
41011,OR,Coos,303
41013,OR,Crook,268
41015,OR,Curry,138
41017,OR,Deschutes,908
41019,OR,Douglas,1761
41021,OR,Gilliam,5
41023,OR,Grant,146
41025,OR,Harney,63
41027,OR,Hood River,1520
41029,OR,Jackson,1522
41031,OR,Jefferson,59
41033,OR,Josephine,1047
41035,OR,Klamath,277
41037,OR,Lake,184
41039,OR,Lane,5641
41041,OR,Lincoln,1556
41043,OR,Linn,2193
41045,OR,Malheur,230
41047,OR,Marion,6338
41049,OR,Morrow,84
41051,OR,Multnomah,3807
41053,OR,Polk,1152
41055,OR,Sherman,9
41057,OR,Tillamook,515
41059,OR,Umatilla,901
41061,OR,Union,265
41063,OR,Wallowa,252
41065,OR,Wasco,359
41067,OR,Washington,3263
41069,OR,Wheeler,5
41071,OR,Yamhill,1389
42001,PA,Adams,3694
42003,PA,Allegheny,1090
42005,PA,Armstrong,740
42007,PA,Beaver,1371
42009,PA,Bedford,1040
42011,PA,Berks,4059
42013,PA,Blair,997
42015,PA,Bradford,742
42017,PA,Bucks,3835
42019,PA,Butler,2374
42021,PA,Cambria,463
42023,PA,Cameron,114
42025,PA,Carbon,169
42027,PA,Centre,1267
42029,PA,Chester,3924
42031,PA,Clarion,311
42033,PA,Clearfield,299
42035,PA,Clinton,482
42037,PA,Columbia,1460
42039,PA,Crawford,968
42041,PA,Cumberland,1720
42043,PA,Dauphin,358
42045,PA,Delaware,136
42047,PA,Elk,125
42049,PA,Erie,1444
42051,PA,Fayette,1180
42053,PA,Forest,96
42055,PA,Franklin,3107
42057,PA,Fulton,162
42059,PA,Greene,211
42061,PA,Huntingdon,1215
42063,PA,Indiana,556
42065,PA,Jefferson,198
42067,PA,Juniata,997
42069,PA,Lackawanna,1224
42071,PA,Lancaster,11916
42073,PA,Lawrence,667
42075,PA,Lebanon,1798
42077,PA,Lehigh,1607
42079,PA,Luzerne,1478
42081,PA,Lycoming,1205
42083,PA,McKean,160
42085,PA,Mercer,1056
42087,PA,Mifflin,416
42089,PA,Monroe,850
42091,PA,Montgomery,1353
42093,PA,Montour,202
42095,PA,Northampton,1169
42097,PA,Northumberland,2368
42099,PA,Perry,994
42101,PA,Philadelphia,54
42105,PA,Potter,269
42107,PA,Schuylkill,1596
42109,PA,Snyder,1014
42111,PA,Somerset,1043
42115,PA,Susquehanna,493
42117,PA,Tioga,449
42119,PA,Union,426
42121,PA,Venango,268
42123,PA,Warren,980
42125,PA,Washington,1860
42127,PA,Wayne,1023
42129,PA,Westmoreland,1927
42131,PA,Wyoming,513
42133,PA,York,4605
44001,RI,Bristol,135
44003,RI,Kent,222
44005,RI,Newport,1748
44007,RI,Providence,2442
44009,RI,Washington,1706
45001,SC,Abbeville,206
45003,SC,Aiken,228
45005,SC,Allendale,134
45007,SC,Anderson,575
45011,SC,Barnwell,208
45013,SC,Beaufort,333
45015,SC,Berkeley,252
45017,SC,Calhoun,88
45019,SC,Charleston,1688
45021,SC,Cherokee,41
45023,SC,Chester,296
45025,SC,Chesterfield,1069
45027,SC,Clarendon,105
45029,SC,Colleton,294
45031,SC,Darlington,53
45033,SC,Dillon,22
45035,SC,Dorchester,419
45037,SC,Edgefield,655
45039,SC,Fairfield,9
45041,SC,Florence,112
45043,SC,Georgetown,20
45045,SC,Greenville,2486
45047,SC,Greenwood,31
45051,SC,Horry,246
45053,SC,Jasper,24
45055,SC,Kershaw,40
45057,SC,Lancaster,65
45061,SC,Lee,2
45063,SC,Lexington,4116
45065,SC,McCormick,5
45067,SC,Marion,69
45069,SC,Marlboro,16
45071,SC,Newberry,24
45073,SC,Oconee,322
45075,SC,Orangeburg,1819
45077,SC,Pickens,109
45079,SC,Richland,64
45081,SC,Saluda,347
45083,SC,Spartanburg,3330
45085,SC,Sumter,92
45087,SC,Union,47
45089,SC,Williamsburg,142
45091,SC,York,1150
46003,SD,Aurora,5
46005,SD,Beadle,127
46007,SD,Bennett,14
46009,SD,Bon Homme,78
46011,SD,Brookings,59
46013,SD,Brown,39
46015,SD,Brule,81
46019,SD,Butte,226
46023,SD,Charles Mix,230
46025,SD,Clark,212
46027,SD,Clay,54
46029,SD,Codington,94
46033,SD,Custer,191
46035,SD,Davison,18
46037,SD,Day,31
46039,SD,Deuel,27
46041,SD,Dewey,22
46043,SD,Douglas,16
46045,SD,Edmunds,54
46047,SD,Fall River,106
46049,SD,Faulk,68
46051,SD,Grant,24
46053,SD,Gregory,23
46055,SD,Haakon,0
46057,SD,Hamlin,68
46059,SD,Hand,4
46061,SD,Hanson,4
46065,SD,Hughes,278
46067,SD,Hutchinson,128
46069,SD,Hyde,292
46073,SD,Jerauld,5
46075,SD,Jones,1
46077,SD,Kingsbury,16
46079,SD,Lake,77
46081,SD,Lawrence,40
46083,SD,Lincoln,59
46085,SD,Lyman,50
46087,SD,McCook,286
46089,SD,McPherson,126
46091,SD,Marshall,9
46093,SD,Meade,83
46095,SD,Mellette,60
46097,SD,Miner,12
46099,SD,Minnehaha,210
46101,SD,Moody,64
46103,SD,Pennington,127
46109,SD,Roberts,34
46111,SD,Sanborn,56
46113,SD,Shannon,0
46115,SD,Spink,14
46119,SD,Sully,0
46121,SD,Todd,0
46123,SD,Tripp,125
46125,SD,Turner,62
46127,SD,Union,11
46129,SD,Walworth,22
46135,SD,Yankton,11
47001,TN,Anderson,123
47003,TN,Bedford,116
47005,TN,Benton,65
47007,TN,Bledsoe,762
47009,TN,Blount,344
47011,TN,Bradley,237
47013,TN,Campbell,22
47015,TN,Cannon,112
47017,TN,Carroll,71
47019,TN,Carter,97
47021,TN,Cheatham,211
47023,TN,Chester,7
47025,TN,Claiborne,78
47027,TN,Clay,30
47029,TN,Cocke,227
47031,TN,Coffee,75
47035,TN,Cumberland,463
47037,TN,Davidson,127
47039,TN,Decatur,11
47041,TN,DeKalb,99
47043,TN,Dickson,231
47045,TN,Dyer,60
47047,TN,Fayette,67
47049,TN,Fentress,105
47051,TN,Franklin,127
47053,TN,Gibson,280
47055,TN,Giles,144
47057,TN,Grainger,853
47059,TN,Greene,259
47061,TN,Grundy,112
47063,TN,Hamblen,209
47065,TN,Hamilton,363
47067,TN,Hancock,23
47069,TN,Hardeman,241
47071,TN,Hardin,106
47073,TN,Hawkins,222
47075,TN,Haywood,21
47077,TN,Henderson,109
47079,TN,Henry,89
47081,TN,Hickman,110
47083,TN,Houston,35
47085,TN,Humphreys,219
47087,TN,Jackson,30
47089,TN,Jefferson,346
47091,TN,Johnson,55
47093,TN,Knox,544
47095,TN,Lake,0
47097,TN,Lauderdale,185
47099,TN,Lawrence,818
47101,TN,Lewis,14
47103,TN,Lincoln,473
47105,TN,Loudon,186
47107,TN,McMinn,264
47109,TN,McNairy,58
47111,TN,Macon,67
47113,TN,Madison,53
47115,TN,Marion,66
47117,TN,Marshall,206
47119,TN,Maury,180
47121,TN,Meigs,41
47123,TN,Monroe,127
47125,TN,Montgomery,143
47127,TN,Moore,96
47129,TN,Morgan,242
47131,TN,Obion,35
47133,TN,Overton,354
47135,TN,Perry,56
47137,TN,Pickett,33
47139,TN,Polk,283
47141,TN,Putnam,181
47143,TN,Rhea,898
47145,TN,Roane,154
47147,TN,Robertson,212
47149,TN,Rutherford,492
47151,TN,Scott,10
47153,TN,Sequatchie,72
47155,TN,Sevier,82
47157,TN,Shelby,242
47159,TN,Smith,109
47161,TN,Stewart,14
47163,TN,Sullivan,57
47165,TN,Sumner,151
47167,TN,Tipton,114
47169,TN,Trousdale,28
47173,TN,Union,136
47175,TN,Van Buren,10
47177,TN,Warren,226
47179,TN,Washington,1526
47181,TN,Wayne,59
47183,TN,Weakley,183
47185,TN,White,213
47187,TN,Williamson,1323
47189,TN,Wilson,426
48001,TX,Anderson,100
48005,TX,Angelina,75
48007,TX,Aransas,10
48011,TX,Armstrong,8
48013,TX,Atascosa,243
48015,TX,Austin,295
48017,TX,Bailey,0
48019,TX,Bandera,103
48021,TX,Bastrop,466
48023,TX,Baylor,0
48025,TX,Bee,68
48027,TX,Bell,230
48029,TX,Bexar,176
48031,TX,Blanco,23
48035,TX,Bosque,192
48037,TX,Bowie,220
48039,TX,Brazoria,864
48041,TX,Brazos,143
48043,TX,Brewster,5
48045,TX,Briscoe,25
48047,TX,Brooks,6
48049,TX,Brown,172
48051,TX,Burleson,49
48053,TX,Burnet,415
48055,TX,Caldwell,199
48057,TX,Calhoun,5
48059,TX,Callahan,52
48061,TX,Cameron,256
48063,TX,Camp,43
48067,TX,Cass,98
48071,TX,Chambers,39
48073,TX,Cherokee,271
48077,TX,Clay,183
48079,TX,Cochran,0
48081,TX,Coke,19
48083,TX,Coleman,62
48085,TX,Collin,227
48087,TX,Collingsworth,21
48089,TX,Colorado,102
48091,TX,Comal,77
48093,TX,Comanche,144
48097,TX,Cooke,181
48099,TX,Coryell,65
48103,TX,Crane,1
48105,TX,Crockett,54
48109,TX,Culberson,0
48111,TX,Dallam,60
48113,TX,Dallas,202
48119,TX,Delta,30
48121,TX,Denton,257
48123,TX,DeWitt,308
48127,TX,Dimmit,61
48129,TX,Donley,59
48131,TX,Duval,95
48133,TX,Eastland,36
48135,TX,Ector,24
48137,TX,Edwards,20
48139,TX,Ellis,202
48141,TX,El Paso,151
48143,TX,Erath,275
48145,TX,Falls,79
48147,TX,Fannin,314
48149,TX,Fayette,96
48155,TX,Foard,0
48157,TX,Fort Bend,164
48159,TX,Franklin,53
48161,TX,Freestone,648
48163,TX,Frio,65
48165,TX,Gaines,17
48167,TX,Galveston,86
48169,TX,Garza,28
48171,TX,Gillespie,1341
48175,TX,Goliad,15
48177,TX,Gonzales,92
48179,TX,Gray,21
48181,TX,Grayson,215
48183,TX,Gregg,62
48185,TX,Grimes,82
48187,TX,Guadalupe,210
48189,TX,Hale,1
48191,TX,Hall,0
48193,TX,Hamilton,25
48199,TX,Hardin,160
48201,TX,Harris,650
48203,TX,Harrison,86
48205,TX,Hartley,9
48207,TX,Haskell,0
48209,TX,Hays,216
48213,TX,Henderson,228
48215,TX,Hidalgo,2278
48217,TX,Hill,161
48219,TX,Hockley,23
48221,TX,Hood,62
48223,TX,Hopkins,122
48225,TX,Houston,175
48227,TX,Howard,7
48229,TX,Hudspeth,0
48231,TX,Hunt,314
48233,TX,Hutchinson,28
48235,TX,Irion,7
48237,TX,Jack,395
48239,TX,Jackson,362
48241,TX,Jasper,108
48243,TX,Jeff Davis,0
48245,TX,Jefferson,163
48249,TX,Jim Wells,15
48251,TX,Johnson,172
48253,TX,Jones,48
48255,TX,Karnes,29
48257,TX,Kaufman,252
48259,TX,Kendall,57
48261,TX,Kenedy,0
48265,TX,Kerr,35
48267,TX,Kimble,17
48273,TX,Kleberg,36
48275,TX,Knox,0
48277,TX,Lamar,81
48279,TX,Lamb,0
48281,TX,Lampasas,81
48283,TX,La Salle,21
48285,TX,Lavaca,130
48287,TX,Lee,226
48289,TX,Leon,91
48291,TX,Liberty,115
48293,TX,Limestone,98
48295,TX,Lipscomb,12
48297,TX,Live Oak,10
48299,TX,Llano,50
48301,TX,Loving,0
48303,TX,Lubbock,116
48307,TX,McCulloch,96
48309,TX,McLennan,73
48311,TX,McMullen,0
48313,TX,Madison,65
48319,TX,Mason,226
48321,TX,Matagorda,111
48323,TX,Maverick,175
48325,TX,Medina,401
48327,TX,Menard,3
48329,TX,Midland,26
48331,TX,Milam,418
48333,TX,Mills,51
48337,TX,Montague,165
48339,TX,Montgomery,437
48341,TX,Moore,10
48345,TX,Motley,0
48347,TX,Nacogdoches,200
48349,TX,Navarro,114
48351,TX,Newton,18
48353,TX,Nolan,6
48355,TX,Nueces,66
48359,TX,Oldham,0
48361,TX,Orange,47
48363,TX,Palo Pinto,70
48365,TX,Panola,36
48367,TX,Parker,200
48369,TX,Parmer,17
48371,TX,Pecos,65
48373,TX,Polk,24
48375,TX,Potter,88
48377,TX,Presidio,15
48379,TX,Rains,254
48381,TX,Randall,44
48383,TX,Reagan,0
48385,TX,Real,62
48387,TX,Red River,145
48389,TX,Reeves,6
48391,TX,Refugio,12
48395,TX,Robertson,92
48397,TX,Rockwall,11
48399,TX,Runnels,41
48401,TX,Rusk,169
48403,TX,Sabine,1
48405,TX,San Augustine,14
48407,TX,San Jacinto,59
48409,TX,San Patricio,16
48411,TX,San Saba,87
48413,TX,Schleicher,20
48415,TX,Scurry,15
48417,TX,Shackelford,7
48419,TX,Shelby,46
48421,TX,Sherman,56
48423,TX,Smith,543
48425,TX,Somervell,11
48427,TX,Starr,208
48429,TX,Stephens,57
48433,TX,Stonewall,6
48437,TX,Swisher,15
48439,TX,Tarrant,121
48441,TX,Taylor,45
48443,TX,Terrell,0
48447,TX,Throckmorton,9
48449,TX,Titus,35
48451,TX,Tom Green,57
48453,TX,Travis,407
48455,TX,Trinity,59
48457,TX,Tyler,37
48459,TX,Upshur,261
48461,TX,Upton,1
48463,TX,Uvalde,9
48465,TX,Val Verde,26
48467,TX,Van Zandt,333
48469,TX,Victoria,143
48471,TX,Walker,50
48473,TX,Waller,237
48477,TX,Washington,277
48479,TX,Webb,14
48481,TX,Wharton,184
48483,TX,Wheeler,24
48485,TX,Wichita,60
48489,TX,Willacy,8
48491,TX,Williamson,601
48493,TX,Wilson,233
48497,TX,Wise,314
48499,TX,Wood,213
48501,TX,Yoakum,21
48503,TX,Young,33
48505,TX,Zapata,9
49001,UT,Beaver,65
49003,UT,Box Elder,2439
49005,UT,Cache,550
49007,UT,Carbon,158
49009,UT,Daggett,13
49011,UT,Davis,1187
49013,UT,Duchesne,269
49015,UT,Emery,580
49017,UT,Garfield,49
49019,UT,Grand,460
49021,UT,Iron,86
49023,UT,Juab,119
49025,UT,Kane,61
49027,UT,Millard,256
49029,UT,Morgan,127
49031,UT,Piute,5
49033,UT,Rich,20
49035,UT,Salt Lake,898
49037,UT,San Juan,87
49039,UT,Sanpete,478
49041,UT,Sevier,269
49043,UT,Summit,275
49045,UT,Tooele,211
49047,UT,Uintah,184
49049,UT,Utah,6196
49051,UT,Wasatch,69
49053,UT,Washington,175
49055,UT,Wayne,77
49057,UT,Weber,569
50001,VT,Addison,4659
50003,VT,Bennington,771
50005,VT,Caledonia,1984
50007,VT,Chittenden,3851
50009,VT,Essex,89
50011,VT,Franklin,1468
50013,VT,Grand Isle,560
50015,VT,Lamoille,706
50017,VT,Orange,2109
50019,VT,Orleans,1449
50021,VT,Rutland,2491
50023,VT,Washington,1562
50025,VT,Windham,3175
50027,VT,Windsor,2556
51001,VA,Accomack,285
51005,VA,Alleghany,31
51007,VA,Amelia,91
51009,VA,Amherst,144
51011,VA,Appomattox,137
51015,VA,Augusta,990
51017,VA,Bath,3
51019,VA,Bedford,453
51021,VA,Bland,53
51023,VA,Botetourt,390
51025,VA,Brunswick,36
51027,VA,Buchanan,6
51029,VA,Buckingham,149
51031,VA,Campbell,466
51033,VA,Caroline,373
51035,VA,Carroll,1479
51037,VA,Charlotte,131
51043,VA,Clarke,414
51045,VA,Craig,95
51047,VA,Culpeper,327
51049,VA,Cumberland,128
51051,VA,Dickenson,7
51053,VA,Dinwiddie,95
51057,VA,Essex,24
51059,VA,Fairfax,58
51061,VA,Fauquier,1387
51063,VA,Floyd,588
51065,VA,Fluvanna,77
51067,VA,Franklin,496
51069,VA,Frederick,866
51071,VA,Giles,129
51073,VA,Gloucester,73
51075,VA,Goochland,316
51077,VA,Grayson,48
51079,VA,Greene,75
51081,VA,Greensville,9
51083,VA,Halifax,369
51085,VA,Hanover,455
51087,VA,Henrico,158
51089,VA,Henry,19
51091,VA,Highland,261
51093,VA,Isle of Wight,172
51095,VA,James City,99
51097,VA,King and Queen,72
51099,VA,King George,510
51101,VA,King William,13
51103,VA,Lancaster,14
51105,VA,Lee,87
51107,VA,Loudoun,1575
51109,VA,Louisa,99
51111,VA,Lunenburg,54
51113,VA,Madison,549
51115,VA,Mathews,51
51117,VA,Mecklenburg,75
51119,VA,Middlesex,22
51121,VA,Montgomery,435
51125,VA,Nelson,598
51133,VA,Northumberland,45
51135,VA,Nottoway,68
51137,VA,Orange,121
51139,VA,Page,143
51141,VA,Patrick,164
51143,VA,Pittsylvania,313
51145,VA,Powhatan,273
51147,VA,Prince Edward,89
51149,VA,Prince George,69
51153,VA,Prince William,254
51155,VA,Pulaski,23
51157,VA,Rappahannock,466
51159,VA,Richmond,7
51161,VA,Roanoke,91
51163,VA,Rockbridge,243
51165,VA,Rockingham,1610
51167,VA,Russell,164
51169,VA,Scott,60
51171,VA,Shenandoah,703
51173,VA,Smyth,136
51175,VA,Southampton,69
51177,VA,Spotsylvania,344
51179,VA,Stafford,336
51181,VA,Surry,76
51183,VA,Sussex,9
51185,VA,Tazewell,95
51187,VA,Warren,84
51191,VA,Washington,270
51193,VA,Westmoreland,676
51195,VA,Wise,15
51197,VA,Wythe,238
51550,VA,Chesapeake,131
51650,VA,Hampton,0
51700,VA,Newport News,0
51800,VA,Suffolk,100
51810,VA,Virginia Beach,504
53001,WA,Adams,115
53003,WA,Asotin,278
53005,WA,Benton,862
53007,WA,Chelan,1269
53009,WA,Clallam,412
53011,WA,Clark,2093
53013,WA,Columbia,58
53015,WA,Cowlitz,824
53017,WA,Douglas,1005
53019,WA,Ferry,410
53021,WA,Franklin,1280
53023,WA,Garfield,36
53025,WA,Grant,2111
53027,WA,Grays Harbor,810
53029,WA,Island,1081
53031,WA,Jefferson,1013
53033,WA,King,2635
53035,WA,Kitsap,1055
53037,WA,Kittitas,638
53039,WA,Klickitat,795
53041,WA,Lewis,1022
53043,WA,Lincoln,151
53045,WA,Mason,1056
53047,WA,Okanogan,1680
53049,WA,Pacific,171
53051,WA,Pend Oreille,71
53053,WA,Pierce,1891
53055,WA,San Juan,1170
53057,WA,Skagit,2564
53059,WA,Skamania,102
53061,WA,Snohomish,1976
53063,WA,Spokane,2293
53065,WA,Stevens,866
53067,WA,Thurston,3484
53069,WA,Wahkiakum,40
53071,WA,Walla Walla,846
53073,WA,Whatcom,2576
53075,WA,Whitman,245
53077,WA,Yakima,4138
54001,WV,Barbour,130
54003,WV,Berkeley,2112
54007,WV,Braxton,24
54009,WV,Brooke,17
54011,WV,Cabell,58
54013,WV,Calhoun,33
54015,WV,Clay,51
54017,WV,Doddridge,132
54019,WV,Fayette,54
54021,WV,Gilmer,10
54023,WV,Grant,13
54025,WV,Greenbrier,462
54027,WV,Hampshire,1773
54029,WV,Hancock,22
54031,WV,Hardy,74
54033,WV,Harrison,195
54035,WV,Jackson,292
54037,WV,Jefferson,927
54039,WV,Kanawha,75
54041,WV,Lewis,56
54043,WV,Lincoln,25
54045,WV,Logan,0
54047,WV,McDowell,5
54049,WV,Marion,242
54051,WV,Marshall,130
54053,WV,Mason,181
54055,WV,Mercer,94
54057,WV,Mineral,293
54061,WV,Monongalia,198
54063,WV,Monroe,174
54065,WV,Morgan,364
54067,WV,Nicholas,65
54069,WV,Ohio,27
54071,WV,Pendleton,82
54073,WV,Pleasants,12
54075,WV,Pocahontas,75
54077,WV,Preston,663
54079,WV,Putnam,863
54081,WV,Raleigh,109
54083,WV,Randolph,74
54085,WV,Ritchie,60
54087,WV,Roane,51
54089,WV,Summers,64
54091,WV,Taylor,119
54093,WV,Tucker,66
54095,WV,Tyler,34
54097,WV,Upshur,80
54099,WV,Wayne,29
54101,WV,Webster,17
54103,WV,Wetzel,64
54105,WV,Wirt,73
54107,WV,Wood,94
54109,WV,Wyoming,7
55001,WI,Adams,178
55003,WI,Ashland,144
55005,WI,Barron,1030
55007,WI,Bayfield,907
55009,WI,Brown,910
55011,WI,Buffalo,160
55013,WI,Burnett,204
55015,WI,Calumet,311
55017,WI,Chippewa,896
55019,WI,Clark,622
55021,WI,Columbia,1184
55023,WI,Crawford,1351
55025,WI,Dane,2939
55027,WI,Dodge,1303
55029,WI,Door,1402
55031,WI,Douglas,120
55033,WI,Dunn,732
55035,WI,Eau Claire,458
55037,WI,Florence,23
55039,WI,Fond du Lac,442
55041,WI,Forest,58
55043,WI,Grant,344
55045,WI,Green,538
55047,WI,Green Lake,291
55049,WI,Iowa,603
55051,WI,Iron,26
55053,WI,Jackson,295
55055,WI,Jefferson,682
55057,WI,Juneau,211
55059,WI,Kenosha,986
55061,WI,Kewaunee,469
55063,WI,La Crosse,228
55065,WI,Lafayette,169
55067,WI,Langlade,623
55069,WI,Lincoln,428
55071,WI,Manitowoc,624
55073,WI,Marathon,909
55075,WI,Marinette,610
55077,WI,Marquette,73
55078,WI,Menominee,0
55079,WI,Milwaukee,106
55081,WI,Monroe,563
55083,WI,Oconto,426
55085,WI,Oneida,155
55087,WI,Outagamie,1346
55089,WI,Ozaukee,1551
55091,WI,Pepin,452
55093,WI,Pierce,762
55095,WI,Polk,894
55097,WI,Portage,652
55099,WI,Price,88
55101,WI,Racine,1198
55103,WI,Richland,729
55105,WI,Rock,1718
55107,WI,Rusk,121
55109,WI,St. Croix,660
55111,WI,Sauk,975
55113,WI,Sawyer,37
55115,WI,Shawano,312
55117,WI,Sheboygan,643
55119,WI,Taylor,339
55121,WI,Trempealeau,601
55123,WI,Vernon,2689
55125,WI,Vilas,36
55127,WI,Walworth,1166
55129,WI,Washburn,254
55131,WI,Washington,1541
55133,WI,Waukesha,660
55135,WI,Waupaca,907
55137,WI,Waushara,628
55139,WI,Winnebago,218
55141,WI,Wood,1040
56001,WY,Albany,158
56003,WY,Big Horn,189
56005,WY,Campbell,188
56007,WY,Carbon,47
56009,WY,Converse,118
56011,WY,Crook,86
56013,WY,Fremont,596
56015,WY,Goshen,73
56017,WY,Hot Springs,22
56019,WY,Johnson,99
56021,WY,Laramie,199
56023,WY,Lincoln,221
56025,WY,Natrona,138
56027,WY,Niobrara,40
56029,WY,Park,219
56031,WY,Platte,139
56033,WY,Sheridan,143
56035,WY,Sublette,68
56037,WY,Sweetwater,94
56039,WY,Teton,24
56041,WY,Uinta,133
