CountyFIPS,state,county,snaps17
01001,AL,Autauga,44.666668
01003,AL,Baldwin,189.41667
01005,AL,Barbour,36
01007,AL,Bibb,18.166666
01009,AL,Blount,40.166668
01011,AL,Bullock,10.166667
01013,AL,Butler,24.916666
01015,AL,Calhoun,136
01017,AL,Chambers,35.666668
01019,AL,Cherokee,27.416666
01021,AL,Chilton,42.5
01023,AL,Choctaw,14.416667
01025,AL,Clarke,36.166668
01027,AL,Clay,11.166667
01029,AL,Cleburne,12.166667
01031,AL,Coffee,42.666668
01033,AL,Colbert,63
01035,AL,Conecuh,15.833333
01037,AL,Coosa,7
01039,AL,Covington,54.083332
01041,AL,Crenshaw,19.833334
01043,AL,Cullman,74.083336
01045,AL,Dale,51.333332
01047,AL,Dallas,43.666668
01049,AL,DeKalb,81.916664
01051,AL,Elmore,66.833336
01053,AL,Escambia,42.083332
01055,AL,Etowah,108.5
01057,AL,Fayette,14
01059,AL,Franklin,33.083332
01061,AL,Geneva,31.583334
01063,AL,Greene,14.833333
01065,AL,Hale,14.25
01067,AL,Henry,12.583333
01069,AL,Houston,136.66667
01071,AL,Jackson,49.25
01073,AL,Jefferson,569.41669
01075,AL,Lamar,13.333333
01077,AL,Lauderdale,93.083336
01079,AL,Lawrence,27.25
01081,AL,Lee,100.5
01083,AL,Limestone,67.833336
01085,AL,Lowndes,13.25
01087,AL,Macon,18
01089,AL,Madison,263.16666
01091,AL,Marengo,22.833334
01093,AL,Marion,22.666666
01095,AL,Marshall,100.66666
01097,AL,Mobile,484.25
01099,AL,Monroe,26.666666
01101,AL,Montgomery,213.58333
01103,AL,Morgan,118
01105,AL,Perry,11.083333
01107,AL,Pickens,24.666666
01109,AL,Pike,37.583332
01111,AL,Randolph,20.583334
01113,AL,Russell,62.083332
01115,AL,St. Clair,74.083336
01117,AL,Shelby,124.75
01119,AL,Sumter,19.916666
01121,AL,Talladega,95.583336
01123,AL,Tallapoosa,41.75
01125,AL,Tuscaloosa,163.33333
01127,AL,Walker,72.833336
01129,AL,Washington,16.666666
01131,AL,Wilcox,19.083334
01133,AL,Winston,25
02013,AK,Aleutians East,5
02016,AK,Aleutians West,3.8333333
02020,AK,Anchorage,117.41666
02050,AK,Bethel,51.583332
02060,AK,Bristol Bay,2
02068,AK,Denali,.083333336
02070,AK,Dillingham,8
02090,AK,Fairbanks North Star,25.833334
02100,AK,Haines,3
02110,AK,Juneau,12
02122,AK,Kenai Peninsula,36.583332
02130,AK,Ketchikan Gateway,11
02150,AK,Kodiak Island,8.583333
02164,AK,Lake and Peninsula,9
02170,AK,Matanuska-Susitna,39
02180,AK,Nome,24.916666
02185,AK,North Slope,11.916667
02188,AK,Northwest Arctic,20.5
02195,AK,Petersburg,1
02198,AK,Prince of Wales-Hyder,2
02220,AK,Sitka,3.0833333
02240,AK,Southeast Fairbanks,5.9166665
02261,AK,Valdez-Cordova,14.25
02282,AK,Yakutat,2
02290,AK,Yukon-Koyukuk,31.666666
04001,AZ,Apache,46
04003,AZ,Cochise,93.5
04005,AZ,Coconino,93.083336
04007,AZ,Gila,44.75
04009,AZ,Graham,24.416666
04011,AZ,Greenlee,10.083333
04012,AZ,La Paz,35.083332
04013,AZ,Maricopa,2072.5
04015,AZ,Mohave,150.75
04017,AZ,Navajo,93.333336
04019,AZ,Pima,603.58331
04021,AZ,Pinal,164.08333
04023,AZ,Santa Cruz,27.25
04025,AZ,Yavapai,146.16667
04027,AZ,Yuma,110.75
05001,AR,Arkansas,19
05003,AR,Ashley,19.666666
05005,AR,Baxter,33.833332
05007,AR,Benton,137.33333
05009,AR,Boone,29.666666
05011,AR,Bradley,10.25
05013,AR,Calhoun,4
05015,AR,Carroll,19.25
05017,AR,Chicot,13.333333
05019,AR,Clark,17
05021,AR,Clay,12.416667
05023,AR,Cleburne,22.416666
05025,AR,Cleveland,4
05027,AR,Columbia,19.333334
05029,AR,Conway,22.083334
05031,AR,Craighead,97.416664
05033,AR,Crawford,44
05035,AR,Crittenden,65.833336
05037,AR,Cross,18.75
05039,AR,Dallas,11.833333
05041,AR,Desha,15.166667
05043,AR,Drew,19
05045,AR,Faulkner,73.5
05047,AR,Franklin,15.333333
05049,AR,Fulton,7.5833335
05051,AR,Garland,79.5
05053,AR,Grant,11.583333
05055,AR,Greene,38.666668
05057,AR,Hempstead,18.666666
05059,AR,Hot Spring,28.666666
05061,AR,Howard,17.166666
05063,AR,Independence,28
05065,AR,Izard,12.666667
05067,AR,Jackson,19.166666
05069,AR,Jefferson,78.25
05071,AR,Johnson,22.416666
05073,AR,Lafayette,7
05075,AR,Lawrence,18.416666
05077,AR,Lee,12.083333
05079,AR,Lincoln,9.666667
05081,AR,Little River,13
05083,AR,Logan,18.666666
05085,AR,Lonoke,51.333332
05087,AR,Madison,10.333333
05089,AR,Marion,10.083333
05091,AR,Miller,47
05093,AR,Mississippi,46.833332
05095,AR,Monroe,18.333334
05097,AR,Montgomery,6
05099,AR,Nevada,7.5
05101,AR,Newton,6.5
05103,AR,Ouachita,31.25
05105,AR,Perry,4.0833335
05107,AR,Phillips,29.25
05109,AR,Pike,15
05111,AR,Poinsett,28.083334
05113,AR,Polk,16.666666
05115,AR,Pope,41.166668
05117,AR,Prairie,7.9166665
05119,AR,Pulaski,318.33334
05121,AR,Randolph,13.666667
05123,AR,St. Francis,32.333332
05125,AR,Saline,71.5
05127,AR,Scott,10.5
05129,AR,Searcy,8.166667
05131,AR,Sebastian,117.83334
05133,AR,Sevier,19.5
05135,AR,Sharp,16.416666
05137,AR,Stone,8.666667
05139,AR,Union,32.75
05141,AR,Van Buren,13.75
05143,AR,Washington,161
05145,AR,White,73.833336
05147,AR,Woodruff,10
05149,AR,Yell,25
06001,CA,Alameda,841
06005,CA,Amador,30.083334
06007,CA,Butte,186.83333
06009,CA,Calaveras,42.75
06011,CA,Colusa,22.666666
06013,CA,Contra Costa,509.75
06015,CA,Del Norte,26.916666
06017,CA,El Dorado,108.33334
06019,CA,Fresno,888.25
06021,CA,Glenn,32
06023,CA,Humboldt,128.5
06025,CA,Imperial,115.83334
06027,CA,Inyo,16.416666
06029,CA,Kern,704.58331
06031,CA,Kings,111.08334
06033,CA,Lake,61
06035,CA,Lassen,23.416666
06037,CA,Los Angeles,6112.8335
06039,CA,Madera,133.75
06041,CA,Marin,108.58334
06043,CA,Mariposa,9
06045,CA,Mendocino,92
06047,CA,Merced,229.58333
06049,CA,Modoc,10.75
06051,CA,Mono,9
06053,CA,Monterey,270.33334
06055,CA,Napa,63.833332
06057,CA,Nevada,57.333332
06059,CA,Orange,1392.5
06061,CA,Placer,210.5
06063,CA,Plumas,24.833334
06065,CA,Riverside,1176
06067,CA,Sacramento,939.5
06069,CA,San Benito,25.833334
06071,CA,San Bernardino,1360.5834
06073,CA,San Diego,1637.75
06075,CA,San Francisco,436.33334
06077,CA,San Joaquin,514
06079,CA,San Luis Obispo,150.5
06081,CA,San Mateo,260.5
06083,CA,Santa Barbara,238.08333
06085,CA,Santa Clara,750.66669
06087,CA,Santa Cruz,156.58333
06089,CA,Shasta,165.83333
06091,CA,Sierra,3
06093,CA,Siskiyou,51.666668
06095,CA,Solano,229.75
06097,CA,Sonoma,301.91666
06099,CA,Stanislaus,451.5
06101,CA,Sutter,86.333336
06103,CA,Tehama,59.75
06105,CA,Trinity,20.916666
06107,CA,Tulare,445.91666
06109,CA,Tuolumne,40.083332
06111,CA,Ventura,433.33334
06113,CA,Yolo,147.91667
06115,CA,Yuba,67.916664
08001,CO,Adams,235.58333
08003,CO,Alamosa,15.666667
08005,CO,Arapahoe,277.5
08007,CO,Archuleta,11.166667
08009,CO,Baca,4
08011,CO,Bent,4
08013,CO,Boulder,122.16666
08014,CO,Broomfield,21.666666
08015,CO,Chaffee,15.333333
08017,CO,Cheyenne,1.5833334
08019,CO,Clear Creek,6.4166665
08021,CO,Conejos,7.8333335
08023,CO,Costilla,9
08025,CO,Crowley,3
08027,CO,Custer,3.75
08029,CO,Delta,12.5
08031,CO,Denver,341.16666
08033,CO,Dolores,2
08035,CO,Douglas,89.25
08037,CO,Eagle,18
08039,CO,Elbert,3.6666667
08041,CO,El Paso,301.25
08043,CO,Fremont,15.333333
08045,CO,Garfield,37
08047,CO,Gilpin,1
08049,CO,Grand,8.083333
08051,CO,Gunnison,9.333333
08053,CO,Hinsdale,1.9166666
08055,CO,Huerfano,9.416667
08057,CO,Jackson,2
08059,CO,Jefferson,233.33333
08061,CO,Kiowa,2
08063,CO,Kit Carson,9
08065,CO,Lake,7
08067,CO,La Plata,24.166666
08069,CO,Larimer,104.75
08071,CO,Las Animas,11.583333
08073,CO,Lincoln,7.6666665
08075,CO,Logan,7.1666665
08077,CO,Mesa,77.25
08079,CO,Mineral,1.0833334
08081,CO,Moffat,11
08083,CO,Montezuma,20.75
08085,CO,Montrose,22.25
08087,CO,Morgan,25.166666
08089,CO,Otero,15.416667
08091,CO,Ouray,3
08093,CO,Park,5
08095,CO,Phillips,2.4166667
08097,CO,Pitkin,4
08099,CO,Prowers,13
08101,CO,Pueblo,114.08334
08103,CO,Rio Blanco,9
08105,CO,Rio Grande,18.5
08107,CO,Routt,13.083333
08109,CO,Saguache,4
08111,CO,San Juan,1
08113,CO,San Miguel,4.8333335
08115,CO,Sedgwick,1.4166666
08117,CO,Summit,16
08119,CO,Teller,17.25
08121,CO,Washington,2
08123,CO,Weld,117.33334
08125,CO,Yuma,10
09001,CT,Fairfield,420.5
09003,CT,Hartford,639.58331
09005,CT,Litchfield,96.25
09007,CT,Middlesex,97.25
09009,CT,New Haven,609.25
09011,CT,New London,181.66667
09013,CT,Tolland,74.583336
09015,CT,Windham,89.083336
10001,DE,Kent,128.66667
10003,DE,New Castle,401.83334
10005,DE,Sussex,193.33333
11001,DC,District of Columbia,365.91666
12001,FL,Alachua,206.83333
12003,FL,Baker,31.75
12005,FL,Bay,203.5
12007,FL,Bradford,30.166666
12009,FL,Brevard,467.16666
12011,FL,Broward,1024.4166
12013,FL,Calhoun,10.083333
12015,FL,Charlotte,111.33334
12017,FL,Citrus,128.66667
12019,FL,Clay,130.83333
12021,FL,Collier,213.16667
12023,FL,Columbia,87.916664
12027,FL,DeSoto,28.916666
12029,FL,Dixie,17.083334
12031,FL,Duval,896.5
12033,FL,Escambia,300.25
12035,FL,Flagler,62.75
12037,FL,Franklin,17
12039,FL,Gadsden,52.5
12041,FL,Gilchrist,15.166667
12043,FL,Glades,6.5833335
12045,FL,Gulf,18.75
12047,FL,Hamilton,21.916666
12049,FL,Hardee,29.083334
12051,FL,Hendry,37.5
12053,FL,Hernando,119.83334
12055,FL,Highlands,87.166664
12057,FL,Hillsborough,1024.5834
12059,FL,Holmes,22
12061,FL,Indian River,112.33334
12063,FL,Jackson,49.5
12065,FL,Jefferson,17.25
12067,FL,Lafayette,7
12069,FL,Lake,250.66667
12071,FL,Lee,489.58334
12073,FL,Leon,224.08333
12075,FL,Levy,48.5
12077,FL,Liberty,9.083333
12079,FL,Madison,26
12081,FL,Manatee,254.25
12083,FL,Marion,320.66666
12085,FL,Martin,112.08334
12086,FL,Miami-Dade,1389.3334
12087,FL,Monroe,72.5
12089,FL,Nassau,61.833332
12091,FL,Okaloosa,157.66667
12093,FL,Okeechobee,46.583332
12095,FL,Orange,919.08331
12097,FL,Osceola,235.16667
12099,FL,Palm Beach,758.91669
12101,FL,Pasco,334
12103,FL,Pinellas,766
12105,FL,Polk,544.83331
12107,FL,Putnam,94.083336
12109,FL,St. Johns,126.16666
12111,FL,St. Lucie,196.58333
12113,FL,Santa Rosa,112.33334
12115,FL,Sarasota,248.25
12117,FL,Seminole,280.91666
12119,FL,Sumter,67.166664
12121,FL,Suwannee,54.166668
12123,FL,Taylor,30
12125,FL,Union,12
12127,FL,Volusia,441.25
12129,FL,Wakulla,29.583334
12131,FL,Walton,44.75
12133,FL,Washington,22.25
13001,GA,Appling,22.916666
13003,GA,Atkinson,11.166667
13005,GA,Bacon,16.833334
13007,GA,Baker,4
13009,GA,Baldwin,55.666668
13011,GA,Banks,18.25
13013,GA,Barrow,52.75
13015,GA,Bartow,109.5
13017,GA,Ben Hill,27
13019,GA,Berrien,25.916666
13021,GA,Bibb,213.83333
13023,GA,Bleckley,12.833333
13025,GA,Brantley,23.25
13027,GA,Brooks,21.333334
13029,GA,Bryan,32.916668
13031,GA,Bulloch,85.583336
13033,GA,Burke,27.083334
13035,GA,Butts,28.75
13037,GA,Calhoun,5
13039,GA,Camden,45.75
13043,GA,Candler,20.25
13045,GA,Carroll,125.08334
13047,GA,Catoosa,68.25
13049,GA,Charlton,16
13051,GA,Chatham,283.16666
13053,GA,Chattahoochee,4
13055,GA,Chattooga,30.416666
13057,GA,Cherokee,117.58334
13059,GA,Clarke,112.08334
13061,GA,Clay,4.3333335
13063,GA,Clayton,256.16666
13065,GA,Clinch,10.5
13067,GA,Cobb,409.75
13069,GA,Coffee,59.416668
13071,GA,Colquitt,62.5
13073,GA,Columbia,82.833336
13075,GA,Cook,23.583334
13077,GA,Coweta,96.083336
13079,GA,Crawford,8.416667
13081,GA,Crisp,41.916668
13083,GA,Dade,27.5
13085,GA,Dawson,28
13087,GA,Decatur,45.083332
13089,GA,DeKalb,545.16669
13091,GA,Dodge,23
13093,GA,Dooly,18.916666
13095,GA,Dougherty,128.91667
13097,GA,Douglas,113.16666
13099,GA,Early,16
13101,GA,Echols,3.9166667
13103,GA,Effingham,34.916668
13105,GA,Elbert,21.333334
13107,GA,Emanuel,32.833332
13109,GA,Evans,20.916666
13111,GA,Fannin,19.25
13113,GA,Fayette,65.416664
13115,GA,Floyd,106.25
13117,GA,Forsyth,94.916664
13119,GA,Franklin,31.5
13121,GA,Fulton,638.91669
13123,GA,Gilmer,23.333334
13125,GA,Glascock,4
13127,GA,Glynn,103.91666
13129,GA,Gordon,68
13131,GA,Grady,26.5
13133,GA,Greene,25.75
13135,GA,Gwinnett,514.83331
13137,GA,Habersham,54.5
13139,GA,Hall,173.58333
13141,GA,Hancock,13.5
13143,GA,Haralson,34.916668
13145,GA,Harris,23.333334
13147,GA,Hart,24.916666
13149,GA,Heard,7.75
13151,GA,Henry,154.75
13153,GA,Houston,138.58333
13155,GA,Irwin,8.583333
13157,GA,Jackson,57
13159,GA,Jasper,10
13161,GA,Jeff Davis,19
13163,GA,Jefferson,26.75
13165,GA,Jenkins,12.666667
13167,GA,Johnson,11.083333
13169,GA,Jones,16.666666
13171,GA,Lamar,16
13173,GA,Lanier,10.083333
13175,GA,Laurens,70.833336
13177,GA,Lee,25.25
13179,GA,Liberty,63.416668
13181,GA,Lincoln,7.6666665
13183,GA,Long,8.25
13185,GA,Lowndes,126.66666
13187,GA,Lumpkin,20.583334
13189,GA,McDuffie,31.416666
13191,GA,McIntosh,16.833334
13193,GA,Macon,19.833334
13195,GA,Madison,32
13197,GA,Marion,8
13199,GA,Meriwether,26
13201,GA,Miller,10
13205,GA,Mitchell,31.416666
13207,GA,Monroe,24.5
13209,GA,Montgomery,14.416667
13211,GA,Morgan,22.666666
13213,GA,Murray,47.5
13215,GA,Muscogee,192.33333
13217,GA,Newton,81.666664
13219,GA,Oconee,21.583334
13221,GA,Oglethorpe,8.583333
13223,GA,Paulding,72.166664
13225,GA,Peach,36
13227,GA,Pickens,24.333334
13229,GA,Pierce,23.416666
13231,GA,Pike,11.75
13233,GA,Polk,59.75
13235,GA,Pulaski,15.75
13237,GA,Putnam,28.416666
13239,GA,Quitman,2
13241,GA,Rabun,15.25
13243,GA,Randolph,13.916667
13245,GA,Richmond,206.66667
13247,GA,Rockdale,75.166664
13249,GA,Schley,2.6666667
13251,GA,Screven,22.833334
13253,GA,Seminole,12.583333
13255,GA,Spalding,65.75
13257,GA,Stephens,31.25
13259,GA,Stewart,6.3333335
13261,GA,Sumter,43.833332
13263,GA,Talbot,4.9166665
13265,GA,Taliaferro,3.25
13267,GA,Tattnall,27.25
13269,GA,Taylor,11.416667
13271,GA,Telfair,22.333334
13273,GA,Terrell,10.333333
13275,GA,Thomas,70
13277,GA,Tift,74.583336
13279,GA,Toombs,40.5
13281,GA,Towns,17
13283,GA,Treutlen,11.416667
13285,GA,Troup,83.5
13287,GA,Turner,17.416666
13289,GA,Twiggs,10.416667
13291,GA,Union,22.666666
13293,GA,Upson,34.083332
13295,GA,Walker,65.416664
13297,GA,Walton,77.583336
13299,GA,Ware,56.333332
13301,GA,Warren,6
13303,GA,Washington,24.166666
13305,GA,Wayne,35.25
13307,GA,Webster,1.75
13309,GA,Wheeler,5.1666665
13311,GA,White,22
13313,GA,Whitfield,124.08334
13315,GA,Wilcox,8.75
13317,GA,Wilkes,16.083334
13319,GA,Wilkinson,14.833333
13321,GA,Worth,20.416666
15001,HI,Hawaii,162.41667
15003,HI,Honolulu,558.16669
15007,HI,Kauai,42
15009,HI,Maui,114.25
16001,ID,Ada,230
16003,ID,Adams,4.5
16005,ID,Bannock,56.833332
16007,ID,Bear Lake,4
16009,ID,Benewah,4.3333335
16011,ID,Bingham,24.833334
16013,ID,Blaine,9.333333
16015,ID,Boise,7.75
16017,ID,Bonner,26
16019,ID,Bonneville,69.833336
16021,ID,Boundary,8
16023,ID,Butte,3
16025,ID,Camas,1
16027,ID,Canyon,108.91666
16029,ID,Caribou,6
16031,ID,Cassia,16
16035,ID,Clearwater,7
16037,ID,Custer,6
16039,ID,Elmore,16.666666
16041,ID,Franklin,2.5
16043,ID,Fremont,7.75
16045,ID,Gem,13.75
16047,ID,Gooding,10
16049,ID,Idaho,15.416667
16051,ID,Jefferson,7.75
16053,ID,Jerome,18
16055,ID,Kootenai,94
16057,ID,Latah,22.666666
16059,ID,Lemhi,7.3333335
16061,ID,Lewis,5
16063,ID,Lincoln,2.75
16065,ID,Madison,8.333333
16067,ID,Minidoka,6
16069,ID,Nez Perce,33.833332
16071,ID,Oneida,4.6666665
16073,ID,Owyhee,10.333333
16075,ID,Payette,19.083334
16077,ID,Power,5
16079,ID,Shoshone,10.833333
16081,ID,Teton,4
16083,ID,Twin Falls,58
16085,ID,Valley,9.333333
16087,ID,Washington,8.25
17001,IL,Adams,51.333332
17003,IL,Alexander,7
17005,IL,Bond,14
17007,IL,Boone,34.416668
17009,IL,Brown,4
17011,IL,Bureau,22.166666
17013,IL,Calhoun,2.5
17015,IL,Carroll,12.25
17017,IL,Cass,15.083333
17019,IL,Champaign,147.75
17021,IL,Christian,34.416668
17023,IL,Clark,11.916667
17025,IL,Clay,14
17027,IL,Clinton,38.083332
17029,IL,Coles,38.333332
17031,IL,Cook,3200.8333
17033,IL,Crawford,15.25
17035,IL,Cumberland,9.583333
17037,IL,DeKalb,62.75
17039,IL,De Witt,15.416667
17041,IL,Douglas,21.416666
17043,IL,DuPage,428.58334
17045,IL,Edgar,12
17047,IL,Edwards,9.833333
17049,IL,Effingham,30.75
17051,IL,Fayette,16.583334
17053,IL,Ford,11.333333
17055,IL,Franklin,43.25
17057,IL,Fulton,29
17059,IL,Gallatin,2
17061,IL,Greene,13
17063,IL,Grundy,29.833334
17065,IL,Hamilton,8
17067,IL,Hancock,19
17069,IL,Hardin,3.8333333
17071,IL,Henderson,5
17073,IL,Henry,40.666668
17075,IL,Iroquois,25.416666
17077,IL,Jackson,49.833332
17079,IL,Jasper,7
17081,IL,Jefferson,34.083332
17083,IL,Jersey,13
17085,IL,Jo Daviess,13
17087,IL,Johnson,10.333333
17089,IL,Kane,254
17091,IL,Kankakee,102.08334
17093,IL,Kendall,47
17095,IL,Knox,42.583332
17097,IL,Lake,341.91666
17099,IL,LaSalle,96.083336
17101,IL,Lawrence,11
17103,IL,Lee,29.5
17105,IL,Livingston,38.25
17107,IL,Logan,21.583334
17109,IL,McDonough,28
17111,IL,McHenry,120.83334
17113,IL,McLean,119.91666
17115,IL,Macon,99.166664
17117,IL,Macoupin,38.75
17119,IL,Madison,216.16667
17121,IL,Marion,39.583332
17123,IL,Marshall,16
17125,IL,Mason,12.583333
17127,IL,Massac,13
17129,IL,Menard,9
17131,IL,Mercer,15.25
17133,IL,Monroe,14.5
17135,IL,Montgomery,32.166668
17137,IL,Morgan,32.416668
17139,IL,Moultrie,9.666667
17141,IL,Ogle,41.916668
17143,IL,Peoria,151.58333
17145,IL,Perry,15.25
17147,IL,Piatt,11.5
17149,IL,Pike,21
17151,IL,Pope,4
17153,IL,Pulaski,10
17155,IL,Putnam,5.0833335
17157,IL,Randolph,31.833334
17159,IL,Richland,12
17161,IL,Rock Island,126.33334
17163,IL,St. Clair,215.66667
17165,IL,Saline,31
17167,IL,Sangamon,174.5
17169,IL,Schuyler,6
17171,IL,Scott,3
17173,IL,Shelby,16.333334
17175,IL,Stark,6
17177,IL,Stephenson,45.75
17179,IL,Tazewell,103.25
17181,IL,Union,16.75
17183,IL,Vermilion,74
17185,IL,Wabash,10.5
17187,IL,Warren,18.25
17189,IL,Washington,13.416667
17191,IL,Wayne,14
17193,IL,White,16.25
17195,IL,Whiteside,44.75
17197,IL,Will,340.91666
17199,IL,Williamson,58.75
17201,IL,Winnebago,252.41667
17203,IL,Woodford,29.25
18001,IN,Adams,17.333334
18003,IN,Allen,266.75
18005,IN,Bartholomew,57.916668
18007,IN,Benton,6.9166665
18009,IN,Blackford,9.583333
18011,IN,Boone,31
18013,IN,Brown,6.0833335
18015,IN,Carroll,11.166667
18017,IN,Cass,32.333332
18019,IN,Clark,95.166664
18021,IN,Clay,24.833334
18023,IN,Clinton,28.166666
18025,IN,Crawford,11.166667
18027,IN,Daviess,27
18029,IN,Dearborn,29
18031,IN,Decatur,24.583334
18033,IN,DeKalb,31.333334
18035,IN,Delaware,98.833336
18037,IN,Dubois,34.166668
18039,IN,Elkhart,146.41667
18041,IN,Fayette,18.083334
18043,IN,Floyd,52.666668
18045,IN,Fountain,16.166666
18047,IN,Franklin,17.666666
18049,IN,Fulton,20.75
18051,IN,Gibson,35.333332
18053,IN,Grant,68.666664
18055,IN,Greene,24.166666
18057,IN,Hamilton,128
18059,IN,Hancock,41.25
18061,IN,Harrison,29.75
18063,IN,Hendricks,74.416664
18065,IN,Henry,43.75
18067,IN,Howard,83.416664
18069,IN,Huntington,26.666666
18071,IN,Jackson,37.25
18073,IN,Jasper,42.416668
18075,IN,Jay,12.916667
18077,IN,Jefferson,30
18079,IN,Jennings,19.666666
18081,IN,Johnson,87.666664
18083,IN,Knox,27.166666
18085,IN,Kosciusko,51.666668
18087,IN,LaGrange,20.416666
18089,IN,Lake,373.58334
18091,IN,LaPorte,89.166664
18093,IN,Lawrence,37.083332
18095,IN,Madison,102.33334
18097,IN,Marion,743.08331
18099,IN,Marshall,37.083332
18101,IN,Martin,7.6666665
18103,IN,Miami,30.666666
18105,IN,Monroe,71.666664
18107,IN,Montgomery,33.416668
18109,IN,Morgan,49.25
18111,IN,Newton,13.583333
18113,IN,Noble,35.916668
18115,IN,Ohio,4
18117,IN,Orange,17.416666
18119,IN,Owen,17.833334
18121,IN,Parke,12
18123,IN,Perry,11.333333
18125,IN,Pike,8.916667
18127,IN,Porter,95.916664
18129,IN,Posey,14.666667
18131,IN,Pulaski,13
18133,IN,Putnam,29.583334
18135,IN,Randolph,22.416666
18137,IN,Ripley,22.083334
18139,IN,Rush,12.416667
18141,IN,St. Joseph,199.41667
18143,IN,Scott,21.75
18145,IN,Shelby,25.083334
18147,IN,Spencer,7.5
18149,IN,Starke,19.5
18151,IN,Steuben,29
18153,IN,Sullivan,17
18155,IN,Switzerland,11
18157,IN,Tippecanoe,103.33334
18159,IN,Tipton,8.583333
18161,IN,Union,7
18163,IN,Vanderburgh,140.66667
18165,IN,Vermillion,16.75
18167,IN,Vigo,90.833336
18169,IN,Wabash,27.583334
18171,IN,Warren,3
18173,IN,Warrick,27
18175,IN,Washington,18
18177,IN,Wayne,64
18179,IN,Wells,15
18181,IN,White,19.666666
18183,IN,Whitley,21.333334
19001,IA,Adair,7
19003,IA,Adams,3.3333333
19005,IA,Allamakee,16.25
19007,IA,Appanoose,14.5
19009,IA,Audubon,6.0833335
19011,IA,Benton,17.833334
19013,IA,Black Hawk,125.83334
19015,IA,Boone,20
19017,IA,Bremer,20.75
19019,IA,Buchanan,17
19021,IA,Buena Vista,18.166666
19023,IA,Butler,15.416667
19025,IA,Calhoun,10
19027,IA,Carroll,16.416666
19029,IA,Cass,11.75
19031,IA,Cedar,18.166666
19033,IA,Cerro Gordo,40
19035,IA,Cherokee,10.25
19037,IA,Chickasaw,11.166667
19039,IA,Clarke,12.666667
19041,IA,Clay,12
19043,IA,Clayton,18.666666
19045,IA,Clinton,38.5
19047,IA,Crawford,11.25
19049,IA,Dallas,49.5
19051,IA,Davis,7.3333335
19053,IA,Decatur,8.833333
19055,IA,Delaware,7
19057,IA,Des Moines,38.583332
19059,IA,Dickinson,14.5
19061,IA,Dubuque,69.583336
19063,IA,Emmet,9
19065,IA,Fayette,17.75
19067,IA,Floyd,14.916667
19069,IA,Franklin,12.416667
19071,IA,Fremont,6.6666665
19073,IA,Greene,8
19075,IA,Grundy,10.916667
19077,IA,Guthrie,9.5
19079,IA,Hamilton,14.666667
19081,IA,Hancock,8
19083,IA,Hardin,21.5
19085,IA,Harrison,12.583333
19087,IA,Henry,15.166667
19089,IA,Howard,10.916667
19091,IA,Humboldt,10.5
19093,IA,Ida,9.5
19095,IA,Iowa,14.916667
19097,IA,Jackson,14.666667
19099,IA,Jasper,27.083334
19101,IA,Jefferson,13.166667
19103,IA,Johnson,79
19105,IA,Jones,15
19107,IA,Keokuk,10.333333
19109,IA,Kossuth,14
19111,IA,Lee,30.083334
19113,IA,Linn,160.33333
19115,IA,Louisa,12.416667
19117,IA,Lucas,10
19119,IA,Lyon,7
19121,IA,Madison,11
19123,IA,Mahaska,20
19125,IA,Marion,28.166666
19127,IA,Marshall,38.166668
19129,IA,Mills,10.166667
19131,IA,Mitchell,12.25
19133,IA,Monona,8
19135,IA,Monroe,7
19137,IA,Montgomery,11.166667
19139,IA,Muscatine,34.333332
19141,IA,O'Brien,15.583333
19143,IA,Osceola,3.5833333
19145,IA,Page,14
19147,IA,Palo Alto,5.8333335
19149,IA,Plymouth,11.25
19151,IA,Pocahontas,8.5
19153,IA,Polk,376
19155,IA,Pottawattamie,65.083336
19157,IA,Poweshiek,19.833334
19159,IA,Ringgold,5.6666665
19161,IA,Sac,7.4166665
19163,IA,Scott,148.5
19165,IA,Shelby,11
19167,IA,Sioux,16.833334
19169,IA,Story,55.916668
19171,IA,Tama,17.25
19173,IA,Taylor,6.4166665
19175,IA,Union,12
19177,IA,Van Buren,11
19179,IA,Wapello,36.333332
19181,IA,Warren,35.083332
19183,IA,Washington,18
19185,IA,Wayne,7.5833335
19187,IA,Webster,32.75
19189,IA,Winnebago,11.5
19191,IA,Winneshiek,12.166667
19193,IA,Woodbury,83.833336
19195,IA,Worth,6.8333335
19197,IA,Wright,19.833334
20001,KS,Allen,15.416667
20003,KS,Anderson,5
20005,KS,Atchison,10.25
20007,KS,Barber,4.1666665
20009,KS,Barton,25.416666
20011,KS,Bourbon,10.083333
20013,KS,Brown,7.8333335
20015,KS,Butler,36.25
20017,KS,Chase,2
20019,KS,Chautauqua,5.5833335
20021,KS,Cherokee,14.583333
20023,KS,Cheyenne,3
20025,KS,Clark,2
20027,KS,Clay,9
20029,KS,Cloud,9
20031,KS,Coffey,10
20033,KS,Comanche,3
20035,KS,Cowley,25
20037,KS,Crawford,30.416666
20039,KS,Decatur,2
20041,KS,Dickinson,16.166666
20043,KS,Doniphan,5.5833335
20045,KS,Douglas,51.5
20047,KS,Edwards,2
20049,KS,Elk,3
20051,KS,Ellis,19
20053,KS,Ellsworth,5.5833335
20055,KS,Finney,25.833334
20057,KS,Ford,23.166666
20059,KS,Franklin,18.333334
20061,KS,Geary,22.25
20063,KS,Gove,3
20065,KS,Graham,3
20067,KS,Grant,5
20069,KS,Gray,5
20071,KS,Greeley,1
20073,KS,Greenwood,7
20075,KS,Hamilton,4
20077,KS,Harper,8
20079,KS,Harvey,23.916666
20081,KS,Haskell,5
20083,KS,Hodgeman,2
20085,KS,Jackson,8.75
20087,KS,Jefferson,13.083333
20089,KS,Jewell,3
20091,KS,Johnson,250.5
20093,KS,Kearny,5
20095,KS,Kingman,5.9166665
20097,KS,Kiowa,3
20099,KS,Labette,22.25
20101,KS,Lane,4
20103,KS,Leavenworth,32.75
20105,KS,Lincoln,2
20107,KS,Linn,8.75
20109,KS,Logan,2
20111,KS,Lyon,25
20113,KS,McPherson,22.583334
20115,KS,Marion,9.416667
20117,KS,Marshall,8.333333
20119,KS,Meade,5.5
20121,KS,Miami,13.916667
20123,KS,Mitchell,6.75
20125,KS,Montgomery,29.166666
20127,KS,Morris,3
20129,KS,Morton,3
20131,KS,Nemaha,7.75
20133,KS,Neosho,15.916667
20135,KS,Ness,4
20137,KS,Norton,7
20139,KS,Osage,15.166667
20141,KS,Osborne,5
20143,KS,Ottawa,3
20145,KS,Pawnee,6
20147,KS,Phillips,6
20149,KS,Pottawatomie,8
20151,KS,Pratt,6.75
20153,KS,Rawlins,3
20155,KS,Reno,39.416668
20157,KS,Republic,5
20159,KS,Rice,9.083333
20161,KS,Riley,29.5
20163,KS,Rooks,6
20165,KS,Rush,4
20167,KS,Russell,6.5
20169,KS,Saline,43.75
20171,KS,Scott,6.5833335
20173,KS,Sedgwick,308.75
20175,KS,Seward,17.166666
20177,KS,Shawnee,102.5
20179,KS,Sheridan,2.75
20181,KS,Sherman,6
20183,KS,Smith,5.6666665
20185,KS,Stafford,2.0833333
20187,KS,Stanton,2
20189,KS,Stevens,2.5
20191,KS,Sumner,16.666666
20193,KS,Thomas,10
20195,KS,Trego,3.8333333
20197,KS,Wabaunsee,4.6666665
20199,KS,Wallace,1
20201,KS,Washington,8
20203,KS,Wichita,3
20205,KS,Wilson,12
20207,KS,Woodson,6
20209,KS,Wyandotte,129.75
21001,KY,Adair,18.25
21003,KY,Allen,14
21005,KY,Anderson,15.083333
21007,KY,Ballard,9.083333
21009,KY,Barren,44
21011,KY,Bath,12
21013,KY,Bell,32.916668
21015,KY,Boone,88.75
21017,KY,Bourbon,20.833334
21019,KY,Boyd,52.416668
21021,KY,Boyle,28.5
21023,KY,Bracken,9.083333
21025,KY,Breathitt,18.916666
21027,KY,Breckinridge,19.583334
21029,KY,Bullitt,54.75
21031,KY,Butler,9.75
21033,KY,Caldwell,15
21035,KY,Calloway,29
21037,KY,Campbell,65.916664
21039,KY,Carlisle,8
21041,KY,Carroll,16
21043,KY,Carter,35.916668
21045,KY,Casey,18.25
21047,KY,Christian,67.666664
21049,KY,Clark,32.583332
21051,KY,Clay,32.75
21053,KY,Clinton,14.666667
21055,KY,Crittenden,6.9166665
21057,KY,Cumberland,10
21059,KY,Daviess,98.166664
21061,KY,Edmonson,11
21063,KY,Elliott,10.166667
21065,KY,Estill,15
21067,KY,Fayette,217.83333
21069,KY,Fleming,18.166666
21071,KY,Floyd,59.833332
21073,KY,Franklin,47.333332
21075,KY,Fulton,7.5
21077,KY,Gallatin,8
21079,KY,Garrard,12.583333
21081,KY,Grant,21.333334
21083,KY,Graves,41.833332
21085,KY,Grayson,28.416666
21087,KY,Green,7
21089,KY,Greenup,33.583332
21091,KY,Hancock,8
21093,KY,Hardin,82.75
21095,KY,Harlan,35.333332
21097,KY,Harrison,15.166667
21099,KY,Hart,23.25
21101,KY,Henderson,43.083332
21103,KY,Henry,20.5
21105,KY,Hickman,4.25
21107,KY,Hopkins,43.75
21109,KY,Jackson,14.166667
21111,KY,Jefferson,595.41669
21113,KY,Jessamine,37.666668
21115,KY,Johnson,31.166666
21117,KY,Kenton,116.33334
21119,KY,Knott,16.916666
21121,KY,Knox,35.25
21123,KY,Larue,11.916667
21125,KY,Laurel,68.083336
21127,KY,Lawrence,18.666666
21129,KY,Lee,10.916667
21131,KY,Leslie,17
21133,KY,Letcher,31.583334
21135,KY,Lewis,16.333334
21137,KY,Lincoln,23.666666
21139,KY,Livingston,13.916667
21141,KY,Logan,21.25
21143,KY,Lyon,5.25
21145,KY,McCracken,63.75
21147,KY,McCreary,18.25
21149,KY,McLean,11
21151,KY,Madison,84.583336
21153,KY,Magoffin,19.666666
21155,KY,Marion,16.416666
21157,KY,Marshall,27.416666
21159,KY,Martin,18.666666
21161,KY,Mason,26
21163,KY,Meade,21.416666
21165,KY,Menifee,7.0833335
21167,KY,Mercer,16.666666
21169,KY,Metcalfe,8.25
21171,KY,Monroe,17.916666
21173,KY,Montgomery,34.25
21175,KY,Morgan,19.166666
21177,KY,Muhlenberg,26.166666
21179,KY,Nelson,35.916668
21181,KY,Nicholas,6.0833335
21183,KY,Ohio,17.916666
21185,KY,Oldham,19.416666
21187,KY,Owen,8.5
21189,KY,Owsley,6.25
21191,KY,Pendleton,7.3333335
21193,KY,Perry,47.666668
21195,KY,Pike,82.666664
21197,KY,Powell,17.416666
21199,KY,Pulaski,73.833336
21201,KY,Robertson,3
21203,KY,Rockcastle,18.25
21205,KY,Rowan,26.833334
21207,KY,Russell,24.416666
21209,KY,Scott,34.416668
21211,KY,Shelby,29.583334
21213,KY,Simpson,14.916667
21215,KY,Spencer,6.25
21217,KY,Taylor,24.083334
21219,KY,Todd,8.5
21221,KY,Trigg,12
21223,KY,Trimble,5.1666665
21225,KY,Union,18.833334
21227,KY,Warren,104.16666
21229,KY,Washington,10.583333
21231,KY,Wayne,20.416666
21233,KY,Webster,18.75
21235,KY,Whitley,53.666668
21237,KY,Wolfe,13.5
21239,KY,Woodford,17.666666
22001,LA,Acadia,73.666664
22003,LA,Allen,27.583334
22005,LA,Ascension,94.5
22007,LA,Assumption,16.666666
22009,LA,Avoyelles,63.333332
22011,LA,Beauregard,26.5
22013,LA,Bienville,21.583334
22015,LA,Bossier,88.166664
22017,LA,Caddo,216.91667
22019,LA,Calcasieu,209.58333
22021,LA,Caldwell,10.416667
22023,LA,Cameron,7.9166665
22025,LA,Catahoula,12
22027,LA,Claiborne,11.833333
22029,LA,Concordia,23
22031,LA,De Soto,23.583334
22033,LA,East Baton Rouge,429.66666
22035,LA,East Carroll,12.833333
22037,LA,East Feliciana,17.166666
22039,LA,Evangeline,47.25
22041,LA,Franklin,25.833334
22043,LA,Grant,14
22045,LA,Iberia,79.833336
22047,LA,Iberville,28.583334
22049,LA,Jackson,14
22051,LA,Jefferson,385.5
22053,LA,Jefferson Davis,30.833334
22055,LA,Lafayette,214.25
22057,LA,Lafourche,70
22059,LA,La Salle,13
22061,LA,Lincoln,35.5
22063,LA,Livingston,105.58334
22065,LA,Madison,11.583333
22067,LA,Morehouse,25.75
22069,LA,Natchitoches,33.333332
22071,LA,Orleans,320.58334
22073,LA,Ouachita,139
22075,LA,Plaquemines,17.416666
22077,LA,Pointe Coupee,24.416666
22079,LA,Rapides,130
22081,LA,Red River,8.666667
22083,LA,Richland,20.75
22085,LA,Sabine,21.333334
22087,LA,St. Bernard,56
22089,LA,St. Charles,41.75
22091,LA,St. Helena,9.5
22093,LA,St. James,19.5
22095,LA,St. John the Baptist,39.666668
22097,LA,St. Landry,111.5
22099,LA,St. Martin,57.416668
22101,LA,St. Mary,61.083332
22103,LA,St. Tammany,181.41667
22105,LA,Tangipahoa,143
22107,LA,Tensas,6
22109,LA,Terrebonne,107.08334
22111,LA,Union,17.5
22113,LA,Vermilion,52.75
22115,LA,Vernon,33.5
22117,LA,Washington,57.083332
22119,LA,Webster,51.333332
22121,LA,West Baton Rouge,26.916666
22123,LA,West Carroll,11.75
22125,LA,West Feliciana,8.25
22127,LA,Winn,11
23001,ME,Androscoggin,126.16666
23003,ME,Aroostook,92.083336
23005,ME,Cumberland,226.33333
23007,ME,Franklin,39.166668
23009,ME,Hancock,50.833332
23011,ME,Kennebec,139.41667
23013,ME,Knox,48.416668
23015,ME,Lincoln,32.666668
23017,ME,Oxford,65.25
23019,ME,Penobscot,169.83333
23021,ME,Piscataquis,28.083334
23023,ME,Sagadahoc,26.083334
23025,ME,Somerset,60.916668
23027,ME,Waldo,41.333332
23029,ME,Washington,52.083332
23031,ME,York,142.33333
24001,MD,Allegany,64.583336
24003,MD,Anne Arundel,263.66666
24005,MD,Baltimore,482.08334
24009,MD,Calvert,42.583332
24011,MD,Caroline,33.333332
24013,MD,Carroll,78.333336
24015,MD,Cecil,68.916664
24017,MD,Charles,78.833336
24019,MD,Dorchester,31.416666
24021,MD,Frederick,118
24023,MD,Garrett,35.583332
24025,MD,Harford,135.83333
24027,MD,Howard,98.333336
24029,MD,Kent,23.333334
24031,MD,Montgomery,328.25
24033,MD,Prince George's,451.25
24035,MD,Queen Anne's,34.333332
24037,MD,St. Mary's,52.166668
24039,MD,Somerset,18.5
24041,MD,Talbot,30.5
24043,MD,Washington,101.16666
24045,MD,Wicomico,94
24047,MD,Worcester,53.416668
24510,MD,Baltimore,700.33331
25001,MA,Barnstable,180.08333
25003,MA,Berkshire,92.416664
25005,MA,Bristol,483.75
25007,MA,Dukes,9.25
25009,MA,Essex,509.33334
25011,MA,Franklin,63.583332
25013,MA,Hampden,457.58334
25015,MA,Hampshire,102.58334
25017,MA,Middlesex,819.83331
25019,MA,Nantucket,3.4166667
25021,MA,Norfolk,337.5
25023,MA,Plymouth,314.66666
25025,MA,Suffolk,636.41669
25027,MA,Worcester,561.91669
26001,MI,Alcona,11.5
26003,MI,Alger,12.25
26005,MI,Allegan,71.333336
26007,MI,Alpena,34
26009,MI,Antrim,15.916667
26011,MI,Arenac,25.583334
26013,MI,Baraga,7.4166665
26015,MI,Barry,39.5
26017,MI,Bay,115.83334
26019,MI,Benzie,16.416666
26021,MI,Berrien,136.5
26023,MI,Branch,43.333332
26025,MI,Calhoun,153.83333
26027,MI,Cass,39.25
26029,MI,Charlevoix,27.583334
26031,MI,Cheboygan,21.666666
26033,MI,Chippewa,34.333332
26035,MI,Clare,49.416668
26037,MI,Clinton,42.166668
26039,MI,Crawford,16.583334
26041,MI,Delta,30.666666
26043,MI,Dickinson,20.666666
26045,MI,Eaton,83.416664
26047,MI,Emmet,35.333332
26049,MI,Genesee,423.25
26051,MI,Gladwin,38.916668
26053,MI,Gogebic,18
26055,MI,Grand Traverse,71
26057,MI,Gratiot,40.833332
26059,MI,Hillsdale,32.25
26061,MI,Houghton,28.583334
26063,MI,Huron,35.916668
26065,MI,Ingham,211.33333
26067,MI,Ionia,48.916668
26069,MI,Iosco,36.833332
26071,MI,Iron,14.083333
26073,MI,Isabella,51.75
26075,MI,Jackson,132.83333
26077,MI,Kalamazoo,189.41667
26079,MI,Kalkaska,20.75
26081,MI,Kent,448.5
26083,MI,Keweenaw,1
26085,MI,Lake,14.5
26087,MI,Lapeer,70.916664
26089,MI,Leelanau,13.416667
26091,MI,Lenawee,72.166664
26093,MI,Livingston,72
26095,MI,Luce,9
26097,MI,Mackinac,15.583333
26099,MI,Macomb,772.25
26101,MI,Manistee,28.666666
26103,MI,Marquette,46.416668
26105,MI,Mason,31.666666
26107,MI,Mecosta,44.666668
26109,MI,Menominee,19.666666
26111,MI,Midland,57.25
26113,MI,Missaukee,16.916666
26115,MI,Monroe,95.5
26117,MI,Montcalm,75.083336
26119,MI,Montmorency,10.916667
26121,MI,Muskegon,165.08333
26123,MI,Newaygo,48.166668
26125,MI,Oakland,894.41669
26127,MI,Oceana,30.75
26129,MI,Ogemaw,31.5
26131,MI,Ontonagon,8.916667
26133,MI,Osceola,28
26135,MI,Oscoda,12
26137,MI,Otsego,31.583334
26139,MI,Ottawa,132.91667
26141,MI,Presque Isle,16.083334
26143,MI,Roscommon,37.083332
26145,MI,Saginaw,183.58333
26147,MI,St. Clair,154.58333
26149,MI,St. Joseph,65.5
26151,MI,Sanilac,52.75
26153,MI,Schoolcraft,10.583333
26155,MI,Shiawassee,50.166668
26157,MI,Tuscola,53.916668
26159,MI,Van Buren,86.5
26161,MI,Washtenaw,213.83333
26163,MI,Wayne,2140.75
26165,MI,Wexford,35.666668
27001,MN,Aitkin,11.25
27003,MN,Anoka,164.83333
27005,MN,Becker,27.916666
27007,MN,Beltrami,34.25
27009,MN,Benton,25.333334
27011,MN,Big Stone,6
27013,MN,Blue Earth,41.333332
27015,MN,Brown,16.916666
27017,MN,Carlton,29.25
27019,MN,Carver,37.25
27021,MN,Cass,30.5
27023,MN,Chippewa,9
27025,MN,Chisago,18.166666
27027,MN,Clay,31.666666
27029,MN,Clearwater,8.583333
27031,MN,Cook,4
27033,MN,Cottonwood,10
27035,MN,Crow Wing,50.25
27037,MN,Dakota,216.16667
27039,MN,Dodge,11.166667
27041,MN,Douglas,24.583334
27043,MN,Faribault,15
27045,MN,Fillmore,15.416667
27047,MN,Freeborn,27.333334
27049,MN,Goodhue,32.416668
27051,MN,Grant,6
27053,MN,Hennepin,589.41669
27055,MN,Houston,11.583333
27057,MN,Hubbard,16.666666
27059,MN,Isanti,17.833334
27061,MN,Itasca,32.25
27063,MN,Jackson,6.9166665
27065,MN,Kanabec,8.416667
27067,MN,Kandiyohi,27.583334
27069,MN,Kittson,4.75
27071,MN,Koochiching,13.333333
27073,MN,Lac qui Parle,6
27075,MN,Lake,10
27077,MN,Lake of the Woods,3
27079,MN,Le Sueur,14.166667
27081,MN,Lincoln,6
27083,MN,Lyon,21.833334
27085,MN,McLeod,30
27087,MN,Mahnomen,6.25
27089,MN,Marshall,8.5
27091,MN,Martin,20.25
27093,MN,Meeker,14.166667
27095,MN,Mille Lacs,18.166666
27097,MN,Morrison,31.25
27099,MN,Mower,27.083334
27101,MN,Murray,5.75
27103,MN,Nicollet,17.833334
27105,MN,Nobles,23.666666
27107,MN,Norman,5.5833335
27109,MN,Olmsted,80.5
27111,MN,Otter Tail,37.25
27113,MN,Pennington,9
27115,MN,Pine,23.916666
27117,MN,Pipestone,10.416667
27119,MN,Polk,19.583334
27121,MN,Pope,8
27123,MN,Ramsey,310.58334
27125,MN,Red Lake,3
27127,MN,Redwood,9.5
27129,MN,Renville,11.25
27131,MN,Rice,35.5
27133,MN,Rock,4.5833335
27135,MN,Roseau,12
27137,MN,St. Louis,153.66667
27139,MN,Scott,56
27141,MN,Sherburne,30.416666
27143,MN,Sibley,9.583333
27145,MN,Stearns,95.916664
27147,MN,Steele,26.333334
27149,MN,Stevens,5.3333335
27151,MN,Swift,10.416667
27153,MN,Todd,24.666666
27155,MN,Traverse,3
27157,MN,Wabasha,12.666667
27159,MN,Wadena,12.916667
27161,MN,Waseca,12.25
27163,MN,Washington,104.08334
27165,MN,Watonwan,14
27167,MN,Wilkin,4
27169,MN,Winona,29.583334
27171,MN,Wright,59
27173,MN,Yellow Medicine,8.666667
28001,MS,Adams,35.833332
28003,MS,Alcorn,32.333332
28005,MS,Amite,12.416667
28007,MS,Attala,17.833334
28009,MS,Benton,6.1666665
28011,MS,Bolivar,46.416668
28013,MS,Calhoun,17.416666
28015,MS,Carroll,8
28017,MS,Chickasaw,21.25
28019,MS,Choctaw,10
28021,MS,Claiborne,9.083333
28023,MS,Clarke,14.25
28025,MS,Clay,29.583334
28027,MS,Coahoma,37.25
28029,MS,Copiah,41.5
28031,MS,Covington,20.916666
28033,MS,DeSoto,139.83333
28035,MS,Forrest,97.583336
28037,MS,Franklin,10.416667
28039,MS,George,17.333334
28041,MS,Greene,16.583334
28043,MS,Grenada,28.333334
28045,MS,Hancock,37.583332
28047,MS,Harrison,202
28049,MS,Hinds,262.58334
28051,MS,Holmes,29
28053,MS,Humphreys,14.833333
28055,MS,Issaquena,1.9166666
28057,MS,Itawamba,17.666666
28059,MS,Jackson,132.66667
28061,MS,Jasper,15.083333
28063,MS,Jefferson,12.083333
28065,MS,Jefferson Davis,13.416667
28067,MS,Jones,75.583336
28069,MS,Kemper,9.333333
28071,MS,Lafayette,25.416666
28073,MS,Lamar,35.333332
28075,MS,Lauderdale,96.166664
28077,MS,Lawrence,17.083334
28079,MS,Leake,22.833334
28081,MS,Lee,91
28083,MS,Leflore,49.25
28085,MS,Lincoln,35.916668
28087,MS,Lowndes,80.25
28089,MS,Madison,74.833336
28091,MS,Marion,32.25
28093,MS,Marshall,36.083332
28095,MS,Monroe,28.333334
28097,MS,Montgomery,13
28099,MS,Neshoba,33.416668
28101,MS,Newton,18.333334
28103,MS,Noxubee,16.833334
28105,MS,Oktibbeha,34.583332
28107,MS,Panola,42.916668
28109,MS,Pearl River,59.583332
28111,MS,Perry,16.833334
28113,MS,Pike,58.25
28115,MS,Pontotoc,26.833334
28117,MS,Prentiss,23.583334
28119,MS,Quitman,8.916667
28121,MS,Rankin,118.66666
28123,MS,Scott,36.333332
28125,MS,Sharkey,8
28127,MS,Simpson,31.25
28129,MS,Smith,12.666667
28131,MS,Stone,15.583333
28133,MS,Sunflower,41.25
28135,MS,Tallahatchie,13.833333
28137,MS,Tate,26.833334
28139,MS,Tippah,18.416666
28141,MS,Tishomingo,23.333334
28143,MS,Tunica,19.833334
28145,MS,Union,28
28147,MS,Walthall,12.416667
28149,MS,Warren,59.916668
28151,MS,Washington,76
28153,MS,Wayne,24
28155,MS,Webster,12.416667
28157,MS,Wilkinson,14.583333
28159,MS,Winston,21
28161,MS,Yalobusha,15
28163,MS,Yazoo,34.25
29001,MO,Adair,16.833334
29003,MO,Andrew,7.9166665
29005,MO,Atchison,5.0833335
29007,MO,Audrain,17
29009,MO,Barry,42.5
29011,MO,Barton,13.583333
29013,MO,Bates,16.833334
29015,MO,Benton,17.166666
29017,MO,Bollinger,12
29019,MO,Boone,102.83334
29021,MO,Buchanan,69.166664
29023,MO,Butler,50.333332
29025,MO,Caldwell,9
29027,MO,Callaway,30.75
29029,MO,Camden,41.5
29031,MO,Cape Girardeau,45.083332
29033,MO,Carroll,9.416667
29035,MO,Carter,7.9166665
29037,MO,Cass,68.916664
29039,MO,Cedar,13.083333
29041,MO,Chariton,6
29043,MO,Christian,51.166668
29045,MO,Clark,10.75
29047,MO,Clay,129.83333
29049,MO,Clinton,11.833333
29051,MO,Cole,57.25
29053,MO,Cooper,12.75
29055,MO,Crawford,21.166666
29057,MO,Dade,8
29059,MO,Dallas,13.166667
29061,MO,Daviess,7
29063,MO,DeKalb,7
29065,MO,Dent,6.4166665
29067,MO,Douglas,9.583333
29069,MO,Dunklin,35.166668
29071,MO,Franklin,71.333336
29073,MO,Gasconade,12
29075,MO,Gentry,9.583333
29077,MO,Greene,208.08333
29079,MO,Grundy,7.4166665
29081,MO,Harrison,8
29083,MO,Henry,26.333334
29085,MO,Hickory,10.5
29087,MO,Holt,3
29089,MO,Howard,8.583333
29091,MO,Howell,54.25
29093,MO,Iron,10.166667
29095,MO,Jackson,502.16666
29097,MO,Jasper,116.08334
29099,MO,Jefferson,129.83333
29101,MO,Johnson,31.916666
29103,MO,Knox,4
29105,MO,Laclede,37.333332
29107,MO,Lafayette,28.333334
29109,MO,Lawrence,29.333334
29111,MO,Lewis,9.583333
29113,MO,Lincoln,36.5
29115,MO,Linn,13.083333
29117,MO,Livingston,12.833333
29119,MO,McDonald,28
29121,MO,Macon,15.416667
29123,MO,Madison,10
29125,MO,Maries,6
29127,MO,Marion,29
29129,MO,Mercer,5.6666665
29131,MO,Miller,21.25
29133,MO,Mississippi,15.583333
29135,MO,Moniteau,11
29137,MO,Monroe,7.8333335
29139,MO,Montgomery,12
29141,MO,Morgan,23.166666
29143,MO,New Madrid,22.666666
29145,MO,Newton,48.666668
29147,MO,Nodaway,16
29149,MO,Oregon,14
29151,MO,Osage,11.25
29153,MO,Ozark,11.416667
29155,MO,Pemiscot,17.416666
29157,MO,Perry,12.666667
29159,MO,Pettis,41
29161,MO,Phelps,38.416668
29163,MO,Pike,15.916667
29165,MO,Platte,45.75
29167,MO,Polk,23.166666
29169,MO,Pulaski,36.416668
29171,MO,Putnam,4.75
29173,MO,Ralls,10
29175,MO,Randolph,22.75
29177,MO,Ray,11.5
29179,MO,Reynolds,7
29181,MO,Ripley,11.666667
29183,MO,St. Charles,198.33333
29185,MO,St. Clair,13.916667
29186,MO,Ste. Genevieve,12.083333
29187,MO,St. Francois,57
29189,MO,St. Louis,634
29195,MO,Saline,19.583334
29197,MO,Schuyler,4
29199,MO,Scotland,6.3333335
29201,MO,Scott,34.666668
29203,MO,Shannon,8.416667
29205,MO,Shelby,7.5833335
29207,MO,Stoddard,21.75
29209,MO,Stone,26
29211,MO,Sullivan,6
29213,MO,Taney,49.583332
29215,MO,Texas,20.416666
29217,MO,Vernon,15.083333
29219,MO,Warren,17.916666
29221,MO,Washington,22.5
29223,MO,Wayne,16
29225,MO,Webster,30.333334
29227,MO,Worth,4
29229,MO,Wright,18
29510,MO,St. Louis,321.75
30001,MT,Beaverhead,8
30003,MT,Big Horn,10.583333
30005,MT,Blaine,4.8333335
30007,MT,Broadwater,4.0833335
30009,MT,Carbon,9.25
30011,MT,Carter,1
30013,MT,Cascade,54.916668
30015,MT,Chouteau,3.4166667
30017,MT,Custer,10.75
30019,MT,Daniels,1
30021,MT,Dawson,7.25
30023,MT,Deer Lodge,8.25
30025,MT,Fallon,1
30027,MT,Fergus,6.3333335
30029,MT,Flathead,67.833336
30031,MT,Gallatin,46.666668
30033,MT,Garfield,1
30035,MT,Glacier,11
30039,MT,Granite,2
30041,MT,Hill,13.166667
30043,MT,Jefferson,5.5833335
30045,MT,Judith Basin,1.9166666
30047,MT,Lake,19.583334
30049,MT,Lewis and Clark,47.416668
30051,MT,Liberty,1.4166666
30053,MT,Lincoln,20.5
30055,MT,McCone,1
30057,MT,Madison,6
30059,MT,Meagher,3
30061,MT,Mineral,6.8333335
30063,MT,Missoula,67.666664
30065,MT,Musselshell,1.6666666
30067,MT,Park,11.916667
30069,MT,Petroleum,.33333334
30071,MT,Phillips,3
30073,MT,Pondera,7.1666665
30075,MT,Powder River,1
30077,MT,Powell,3
30079,MT,Prairie,1
30081,MT,Ravalli,23.083334
30083,MT,Richland,7.6666665
30085,MT,Roosevelt,10
30087,MT,Rosebud,9
30089,MT,Sanders,15.166667
30091,MT,Sheridan,4
30093,MT,Silver Bow,31
30095,MT,Stillwater,6
30097,MT,Sweet Grass,4
30099,MT,Teton,2
30101,MT,Toole,5
30105,MT,Valley,6
30107,MT,Wheatland,1
30109,MT,Wibaux,1
30111,MT,Yellowstone,101.91666
31001,NE,Adams,15.5
31003,NE,Antelope,5
31011,NE,Boone,7.8333335
31013,NE,Box Butte,9
31015,NE,Boyd,3
31017,NE,Brown,5
31019,NE,Buffalo,28.416666
31021,NE,Burt,6.5833335
31023,NE,Butler,3
31025,NE,Cass,12.916667
31027,NE,Cedar,6
31029,NE,Chase,4
31031,NE,Cherry,5
31033,NE,Cheyenne,6
31035,NE,Clay,4.8333335
31037,NE,Colfax,10
31039,NE,Cuming,8.333333
31041,NE,Custer,9
31043,NE,Dakota,19
31045,NE,Dawes,7
31047,NE,Dawson,19.083334
31049,NE,Deuel,2.6666667
31051,NE,Dixon,1.75
31053,NE,Dodge,28.25
31055,NE,Douglas,302.58334
31057,NE,Dundy,1
31059,NE,Fillmore,8.416667
31061,NE,Franklin,3.9166667
31063,NE,Frontier,3
31065,NE,Furnas,7
31067,NE,Gage,17.666666
31069,NE,Garden,1
31071,NE,Garfield,2
31073,NE,Gosper,1
31075,NE,Grant,1
31077,NE,Greeley,2
31079,NE,Hall,37.416668
31081,NE,Hamilton,4
31083,NE,Harlan,2
31085,NE,Hayes,1
31087,NE,Hitchcock,2.3333333
31089,NE,Holt,11
31091,NE,Hooker,1
31093,NE,Howard,5
31095,NE,Jefferson,5
31097,NE,Johnson,3
31099,NE,Kearney,4
31101,NE,Keith,8.333333
31103,NE,Keya Paha,1
31105,NE,Kimball,3
31107,NE,Knox,9.166667
31109,NE,Lancaster,151.41667
31111,NE,Lincoln,20.25
31113,NE,Logan,.75
31119,NE,Madison,27
31121,NE,Merrick,3
31123,NE,Morrill,4.5833335
31125,NE,Nance,3
31127,NE,Nemaha,7.8333335
31129,NE,Nuckolls,5
31131,NE,Otoe,12.916667
31133,NE,Pawnee,3
31135,NE,Perkins,2
31137,NE,Phelps,9
31139,NE,Pierce,6.5833335
31141,NE,Platte,20
31143,NE,Polk,6
31145,NE,Red Willow,6
31147,NE,Richardson,6
31149,NE,Rock,1
31151,NE,Saline,14.083333
31153,NE,Sarpy,60.333332
31155,NE,Saunders,12
31157,NE,Scotts Bluff,20.916666
31159,NE,Seward,8
31161,NE,Sheridan,9.75
31163,NE,Sherman,3
31167,NE,Stanton,2
31169,NE,Thayer,5
31171,NE,Thomas,1
31173,NE,Thurston,6
31175,NE,Valley,5.9166665
31177,NE,Washington,7.6666665
31179,NE,Wayne,5
31181,NE,Webster,3.75
31185,NE,York,9
32001,NV,Churchill,15.916667
32003,NV,Clark,1165.4166
32005,NV,Douglas,28.5
32007,NV,Elko,36.5
32011,NV,Eureka,1
32013,NV,Humboldt,13.333333
32015,NV,Lander,3.75
32017,NV,Lincoln,4
32019,NV,Lyon,40.083332
32021,NV,Mineral,8
32023,NV,Nye,40
32027,NV,Pershing,5
32029,NV,Storey,.83333331
32031,NV,Washoe,297.5
32033,NV,White Pine,6.5
32510,NV,Carson City,41.666668
33001,NH,Belknap,54
33003,NH,Carroll,41.083332
33005,NH,Cheshire,54.333332
33007,NH,Coos,37.083332
33009,NH,Grafton,89.75
33011,NH,Hillsborough,273.58334
33013,NH,Merrimack,104.75
33015,NH,Rockingham,173
33017,NH,Strafford,82.833336
33019,NH,Sullivan,34.666668
34001,NJ,Atlantic,216.58333
34003,NJ,Bergen,357.25
34005,NJ,Burlington,251.91667
34007,NJ,Camden,404.5
34009,NJ,Cape May,79.083336
34011,NJ,Cumberland,147.66667
34013,NJ,Essex,542.08331
34015,NJ,Gloucester,176.33333
34017,NJ,Hudson,590.58331
34019,NJ,Hunterdon,38.75
34021,NJ,Mercer,256.33334
34023,NJ,Middlesex,423.75
34025,NJ,Monmouth,321.66666
34027,NJ,Morris,168.91667
34029,NJ,Ocean,323
34031,NJ,Passaic,467.41666
34033,NJ,Salem,49.5
34035,NJ,Somerset,118.91666
34037,NJ,Sussex,61.916668
34039,NJ,Union,336.91666
34041,NJ,Warren,51.416668
35001,NM,Bernalillo,390.75
35003,NM,Catron,10
35005,NM,Chaves,60.25
35006,NM,Cibola,24.833334
35007,NM,Colfax,15.416667
35009,NM,Curry,45.166668
35011,NM,De Baca,4.5
35013,NM,DoÃ±a Ana,133.58333
35015,NM,Eddy,47.833332
35017,NM,Grant,27.166666
35019,NM,Guadalupe,11
35021,NM,Harding,2
35023,NM,Hidalgo,8.25
35025,NM,Lea,62.5
35027,NM,Lincoln,23.833334
35028,NM,Los Alamos,4.6666665
35029,NM,Luna,22.5
35031,NM,McKinley,72.583336
35033,NM,Mora,2.8333333
35035,NM,Otero,40.75
35037,NM,Quay,12.666667
35039,NM,Rio Arriba,42.666668
35041,NM,Roosevelt,15.333333
35043,NM,Sandoval,65.833336
35045,NM,San Juan,76.666664
35047,NM,San Miguel,24.5
35049,NM,Santa Fe,67.25
35051,NM,Sierra,14.416667
35053,NM,Socorro,14.583333
35055,NM,Taos,33
35057,NM,Torrance,15.083333
35059,NM,Union,5
35061,NM,Valencia,56.75
36001,NY,Albany,248.83333
36003,NY,Allegany,42.416668
36005,NY,Bronx,1722
36007,NY,Broome,185.33333
36009,NY,Cattaraugus,52.416668
36011,NY,Cayuga,52.25
36013,NY,Chautauqua,102.66666
36015,NY,Chemung,81.083336
36017,NY,Chenango,53.083332
36019,NY,Clinton,91.916664
36021,NY,Columbia,60.833332
36023,NY,Cortland,43.916668
36025,NY,Delaware,53.083332
36027,NY,Dutchess,167.41667
36029,NY,Erie,791.41669
36031,NY,Essex,38.833332
36033,NY,Franklin,54
36035,NY,Fulton,47.083332
36037,NY,Genesee,39.083332
36039,NY,Greene,49.333332
36041,NY,Hamilton,4
36043,NY,Herkimer,52.333332
36045,NY,Jefferson,111.83334
36047,NY,Kings,2910.0833
36049,NY,Lewis,23.583334
36051,NY,Livingston,49.083332
36053,NY,Madison,47.916668
36055,NY,Monroe,538.58331
36057,NY,Montgomery,61.416668
36059,NY,Nassau,587.08331
36061,NY,New York,1219.5
36063,NY,Niagara,168.16667
36065,NY,Oneida,233
36067,NY,Onondaga,404.08334
36069,NY,Ontario,72.5
36071,NY,Orange,240.58333
36073,NY,Orleans,25.166666
36075,NY,Oswego,91.833336
36077,NY,Otsego,59.75
36079,NY,Putnam,24.583334
36081,NY,Queens,1710
36083,NY,Rensselaer,129.5
36085,NY,Richmond,332.16666
36087,NY,Rockland,145.58333
36089,NY,St. Lawrence,112.91666
36091,NY,Saratoga,150.41667
36093,NY,Schenectady,147
36095,NY,Schoharie,27.666666
36097,NY,Schuyler,15.083333
36099,NY,Seneca,28.25
36101,NY,Steuben,79.833336
36103,NY,Suffolk,673.25
36105,NY,Sullivan,87.833336
36107,NY,Tioga,37.416668
36109,NY,Tompkins,61.333332
36111,NY,Ulster,141.08333
36113,NY,Warren,71.416664
36115,NY,Washington,52
36117,NY,Wayne,71.833336
36119,NY,Westchester,500
36121,NY,Wyoming,24.166666
36123,NY,Yates,19.666666
37001,NC,Alamance,142.58333
37003,NC,Alexander,29.666666
37005,NC,Alleghany,10.416667
37007,NC,Anson,30.25
37009,NC,Ashe,19.583334
37011,NC,Avery,15.5
37013,NC,Beaufort,54.666668
37015,NC,Bertie,23.666666
37017,NC,Bladen,39.166668
37019,NC,Brunswick,110.25
37021,NC,Buncombe,206.83333
37023,NC,Burke,100.25
37025,NC,Cabarrus,151.16667
37027,NC,Caldwell,79.666664
37029,NC,Camden,6.9166665
37031,NC,Carteret,63.083332
37033,NC,Caswell,20.083334
37035,NC,Catawba,181.58333
37037,NC,Chatham,44.416668
37039,NC,Cherokee,23.75
37041,NC,Chowan,19.583334
37043,NC,Clay,7.8333335
37045,NC,Cleveland,125.5
37047,NC,Columbus,64.5
37049,NC,Craven,102.83334
37051,NC,Cumberland,291.66666
37053,NC,Currituck,21.25
37055,NC,Dare,42.166668
37057,NC,Davidson,140.16667
37059,NC,Davie,34.666668
37061,NC,Duplin,59.583332
37063,NC,Durham,221.25
37065,NC,Edgecombe,58.916668
37067,NC,Forsyth,326.16666
37069,NC,Franklin,58
37071,NC,Gaston,214.5
37073,NC,Gates,8.083333
37075,NC,Graham,6
37077,NC,Granville,53.5
37079,NC,Greene,16.333334
37081,NC,Guilford,449.08334
37083,NC,Halifax,78.833336
37085,NC,Harnett,90.5
37087,NC,Haywood,45
37089,NC,Henderson,71.333336
37091,NC,Hertford,35.083332
37093,NC,Hoke,40.5
37095,NC,Hyde,7
37097,NC,Iredell,136.58333
37099,NC,Jackson,29.5
37101,NC,Johnston,132.91667
37103,NC,Jones,9
37105,NC,Lee,72.083336
37107,NC,Lenoir,67.416664
37109,NC,Lincoln,68
37111,NC,McDowell,49.833332
37113,NC,Macon,30.333334
37115,NC,Madison,12.583333
37117,NC,Martin,28
37119,NC,Mecklenburg,718.66669
37121,NC,Mitchell,17.75
37123,NC,Montgomery,31.333334
37125,NC,Moore,74.5
37127,NC,Nash,123.58334
37129,NC,New Hanover,199.33333
37131,NC,Northampton,25.083334
37133,NC,Onslow,132.58333
37135,NC,Orange,83.583336
37137,NC,Pamlico,15.166667
37139,NC,Pasquotank,38.916668
37141,NC,Pender,53.416668
37143,NC,Perquimans,12
37145,NC,Person,37.166668
37147,NC,Pitt,165.66667
37149,NC,Polk,17.75
37151,NC,Randolph,96.5
37153,NC,Richmond,55.583332
37155,NC,Robeson,188.41667
37157,NC,Rockingham,104.08334
37159,NC,Rowan,112.58334
37161,NC,Rutherford,67.166664
37163,NC,Sampson,43.666668
37165,NC,Scotland,50.833332
37167,NC,Stanly,53.75
37169,NC,Stokes,42.666668
37171,NC,Surry,101.5
37173,NC,Swain,16.25
37175,NC,Transylvania,27
37177,NC,Tyrrell,5.5
37179,NC,Union,139.91667
37181,NC,Vance,70.166664
37183,NC,Wake,634.16669
37185,NC,Warren,18.166666
37187,NC,Washington,18
37189,NC,Watauga,38.5
37191,NC,Wayne,133.33333
37193,NC,Wilkes,79
37195,NC,Wilson,100.08334
37197,NC,Yadkin,36.416668
37199,NC,Yancey,11.833333
38001,ND,Adams,4
38003,ND,Barnes,6.5
38005,ND,Benson,6
38009,ND,Bottineau,5.75
38011,ND,Bowman,5
38013,ND,Burke,1.0833334
38015,ND,Burleigh,38.916668
38017,ND,Cass,89.083336
38019,ND,Cavalier,2.1666667
38021,ND,Dickey,9.583333
38023,ND,Divide,.33333334
38025,ND,Dunn,1
38027,ND,Eddy,1
38029,ND,Emmons,6.9166665
38031,ND,Foster,3
38033,ND,Golden Valley,1.6666666
38035,ND,Grand Forks,47.583332
38037,ND,Grant,4
38039,ND,Griggs,3
38041,ND,Hettinger,2.8333333
38043,ND,Kidder,2.1666667
38045,ND,LaMoure,3.3333333
38047,ND,Logan,1
38049,ND,McHenry,3
38051,ND,McIntosh,3
38053,ND,McKenzie,5.3333335
38055,ND,McLean,4
38057,ND,Mercer,6
38059,ND,Morton,12.5
38061,ND,Mountrail,7.75
38063,ND,Nelson,3.9166667
38065,ND,Oliver,.33333334
38067,ND,Pembina,5
38069,ND,Pierce,3
38071,ND,Ramsey,11
38073,ND,Ransom,5.4166665
38075,ND,Renville,1
38077,ND,Richland,9.916667
38079,ND,Rolette,17.666666
38081,ND,Sargent,3.9166667
38083,ND,Sheridan,1
38085,ND,Sioux,4
38089,ND,Stark,11.666667
38091,ND,Steele,1.5
38093,ND,Stutsman,12.416667
38095,ND,Towner,1.4166666
38097,ND,Traill,6.9166665
38099,ND,Walsh,10
38101,ND,Ward,27.666666
38103,ND,Wells,4
38105,ND,Williams,18.083334
39001,OH,Adams,31
39003,OH,Allen,96
39005,OH,Ashland,36.083332
39007,OH,Ashtabula,100.58334
39009,OH,Athens,52.583332
39011,OH,Auglaize,27.416666
39013,OH,Belmont,60.25
39015,OH,Brown,38.75
39017,OH,Butler,250.83333
39019,OH,Carroll,20.75
39021,OH,Champaign,24
39023,OH,Clark,106.25
39025,OH,Clermont,128.16667
39027,OH,Clinton,35.166668
39029,OH,Columbiana,93.583336
39031,OH,Coshocton,21.166666
39033,OH,Crawford,36.083332
39035,OH,Cuyahoga,1104.4166
39037,OH,Darke,21.916666
39039,OH,Defiance,24.916666
39041,OH,Delaware,70.666664
39043,OH,Erie,67.416664
39045,OH,Fairfield,71.416664
39047,OH,Fayette,32.916668
39049,OH,Franklin,947.66669
39051,OH,Fulton,27.75
39053,OH,Gallia,37.25
39055,OH,Geauga,50.666668
39057,OH,Greene,88.333336
39059,OH,Guernsey,39.916668
39061,OH,Hamilton,635.66669
39063,OH,Hancock,51.666668
39065,OH,Hardin,25.083334
39067,OH,Harrison,17
39069,OH,Henry,17
39071,OH,Highland,43.666668
39073,OH,Hocking,20.666666
39075,OH,Holmes,17.333334
39077,OH,Huron,48.583332
39079,OH,Jackson,43.083332
39081,OH,Jefferson,64.5
39083,OH,Knox,35.083332
39085,OH,Lake,158.5
39087,OH,Lawrence,50.416668
39089,OH,Licking,115
39091,OH,Logan,38.833332
39093,OH,Lorain,216.41667
39095,OH,Lucas,399.16666
39097,OH,Madison,27.583334
39099,OH,Mahoning,196.91667
39101,OH,Marion,49.666668
39103,OH,Medina,99.75
39105,OH,Meigs,25
39107,OH,Mercer,20.75
39109,OH,Miami,55.916668
39111,OH,Monroe,16.583334
39113,OH,Montgomery,403.83334
39115,OH,Morgan,10
39117,OH,Morrow,23.666666
39119,OH,Muskingum,88.666664
39121,OH,Noble,9.583333
39123,OH,Ottawa,28
39125,OH,Paulding,13.5
39127,OH,Perry,33.416668
39129,OH,Pickaway,38.75
39131,OH,Pike,36.5
39133,OH,Portage,101.25
39135,OH,Preble,27.75
39137,OH,Putnam,14
39139,OH,Richland,105.83334
39141,OH,Ross,66.083336
39143,OH,Sandusky,50
39145,OH,Scioto,70.083336
39147,OH,Seneca,40.5
39149,OH,Shelby,32.916668
39151,OH,Stark,278
39153,OH,Summit,417.16666
39155,OH,Trumbull,187.83333
39157,OH,Tuscarawas,81.666664
39159,OH,Union,22.916666
39161,OH,Van Wert,16.083334
39163,OH,Vinton,12.25
39165,OH,Warren,99.416664
39167,OH,Washington,60.5
39169,OH,Wayne,61.666668
39171,OH,Williams,29.5
39173,OH,Wood,85.25
39175,OH,Wyandot,15.416667
40001,OK,Adair,25.166666
40003,OK,Alfalfa,6
40005,OK,Atoka,17.25
40007,OK,Beaver,3
40009,OK,Beckham,21.583334
40011,OK,Blaine,10.25
40013,OK,Bryan,42.916668
40015,OK,Caddo,35.833332
40017,OK,Canadian,76
40019,OK,Carter,60.75
40021,OK,Cherokee,48.416668
40023,OK,Choctaw,18.416666
40025,OK,Cimarron,3.9166667
40027,OK,Cleveland,175.66667
40029,OK,Coal,6.0833335
40031,OK,Comanche,97.083336
40033,OK,Cotton,5
40035,OK,Craig,10.916667
40037,OK,Creek,54.166668
40039,OK,Custer,24.5
40041,OK,Delaware,38.5
40043,OK,Dewey,7
40045,OK,Ellis,3
40047,OK,Garfield,66.166664
40049,OK,Garvin,28.583334
40051,OK,Grady,43.75
40053,OK,Grant,5.9166665
40055,OK,Greer,5
40057,OK,Harmon,3
40059,OK,Harper,4.6666665
40061,OK,Haskell,16.25
40063,OK,Hughes,15.666667
40065,OK,Jackson,20.166666
40067,OK,Jefferson,7.6666665
40069,OK,Johnston,13.916667
40071,OK,Kay,39.333332
40073,OK,Kingfisher,11
40075,OK,Kiowa,12.166667
40077,OK,Latimer,9.583333
40079,OK,Le Flore,62.25
40081,OK,Lincoln,29.916666
40083,OK,Logan,29.416666
40085,OK,Love,9
40087,OK,McClain,29.333334
40089,OK,McCurtain,49.916668
40091,OK,McIntosh,24.333334
40093,OK,Major,9.5
40095,OK,Marshall,16.166666
40097,OK,Mayes,44.5
40099,OK,Murray,13
40101,OK,Muskogee,83.5
40103,OK,Noble,9.5
40105,OK,Nowata,11.833333
40107,OK,Okfuskee,13
40109,OK,Oklahoma,672.41669
40111,OK,Okmulgee,34.083332
40113,OK,Osage,30.416666
40115,OK,Ottawa,25.916666
40117,OK,Pawnee,11.916667
40119,OK,Payne,58.166668
40121,OK,Pittsburg,57.083332
40123,OK,Pontotoc,29.416666
40125,OK,Pottawatomie,74.416664
40127,OK,Pushmataha,11.833333
40129,OK,Roger Mills,2.5833333
40131,OK,Rogers,54.833332
40133,OK,Seminole,24.416666
40135,OK,Sequoyah,42.083332
40137,OK,Stephens,36
40139,OK,Texas,15.916667
40141,OK,Tillman,9.75
40143,OK,Tulsa,454
40145,OK,Wagoner,39.833332
40147,OK,Washington,39.25
40149,OK,Washita,10.5
40151,OK,Woods,8.25
40153,OK,Woodward,17.916666
41001,OR,Baker,20.333334
41003,OR,Benton,54.833332
41005,OR,Clackamas,231
41007,OR,Clatsop,44.166668
41009,OR,Columbia,33.166668
41011,OR,Coos,61.75
41013,OR,Crook,20.916666
41015,OR,Curry,22.75
41017,OR,Deschutes,103.41666
41019,OR,Douglas,124.25
41021,OR,Gilliam,4
41023,OR,Grant,16
41025,OR,Harney,8.75
41027,OR,Hood River,18.25
41029,OR,Jackson,156.75
41031,OR,Jefferson,20.75
41033,OR,Josephine,79.083336
41035,OR,Klamath,63.666668
41037,OR,Lake,12.083333
41039,OR,Lane,302.5
41041,OR,Lincoln,51.75
41043,OR,Linn,101.41666
41045,OR,Malheur,30.583334
41047,OR,Marion,243.83333
41049,OR,Morrow,7
41051,OR,Multnomah,619.58331
41053,OR,Polk,44.083332
41055,OR,Sherman,5.6666665
41057,OR,Tillamook,32.25
41059,OR,Umatilla,67.416664
41061,OR,Union,25.5
41063,OR,Wallowa,6.4166665
41065,OR,Wasco,21.25
41067,OR,Washington,292.16666
41069,OR,Wheeler,2
41071,OR,Yamhill,70.166664
42001,PA,Adams,52.916668
42003,PA,Allegheny,820.58331
42005,PA,Armstrong,45.833332
42007,PA,Beaver,125.91666
42009,PA,Bedford,37.833332
42011,PA,Berks,321.08334
42013,PA,Blair,119.33334
42015,PA,Bradford,61.916668
42017,PA,Bucks,297
42019,PA,Butler,113
42021,PA,Cambria,110
42023,PA,Cameron,4
42025,PA,Carbon,36.666668
42027,PA,Centre,62.333332
42029,PA,Chester,214.41667
42031,PA,Clarion,40.166668
42033,PA,Clearfield,65.916664
42035,PA,Clinton,32.5
42037,PA,Columbia,52.5
42039,PA,Crawford,70.75
42041,PA,Cumberland,149.91667
42043,PA,Dauphin,230.83333
42045,PA,Delaware,381.58334
42047,PA,Elk,26
42049,PA,Erie,223.5
42051,PA,Fayette,128.16667
42053,PA,Forest,4.6666665
42055,PA,Franklin,95.083336
42057,PA,Fulton,8.5
42059,PA,Greene,32.916668
42061,PA,Huntingdon,33.75
42063,PA,Indiana,55.666668
42065,PA,Jefferson,38.75
42067,PA,Juniata,22.166666
42069,PA,Lackawanna,176.83333
42071,PA,Lancaster,326.41666
42073,PA,Lawrence,77.5
42075,PA,Lebanon,89.583336
42077,PA,Lehigh,263.33334
42079,PA,Luzerne,284
42081,PA,Lycoming,81.75
42083,PA,McKean,43.333332
42085,PA,Mercer,94.083336
42087,PA,Mifflin,40.75
42089,PA,Monroe,102
42091,PA,Montgomery,394.16666
42093,PA,Montour,12.416667
42095,PA,Northampton,176.25
42097,PA,Northumberland,73.75
42099,PA,Perry,33.916668
42101,PA,Philadelphia,1757.5
42103,PA,Pike,23.916666
42105,PA,Potter,19.583334
42107,PA,Schuylkill,121.91666
42109,PA,Snyder,32.166668
42111,PA,Somerset,59.583332
42113,PA,Sullivan,9.166667
42115,PA,Susquehanna,17.916666
42117,PA,Tioga,31.75
42119,PA,Union,27.333334
42121,PA,Venango,40.5
42123,PA,Warren,28.25
42125,PA,Washington,129.83333
42127,PA,Wayne,42.833332
42129,PA,Westmoreland,236.75
42131,PA,Wyoming,19
42133,PA,York,277.83334
44001,RI,Bristol,26.833334
44003,RI,Kent,120
44005,RI,Newport,50.416668
44007,RI,Providence,567.33331
44009,RI,Washington,76.083336
45001,SC,Abbeville,20.25
45003,SC,Aiken,171.5
45005,SC,Allendale,13.833333
45007,SC,Anderson,214.83333
45009,SC,Bamberg,22.916666
45011,SC,Barnwell,28.5
45013,SC,Beaufort,119.83334
45015,SC,Berkeley,133.58333
45017,SC,Calhoun,13.833333
45019,SC,Charleston,335.75
45021,SC,Cherokee,70.5
45023,SC,Chester,41
45025,SC,Chesterfield,50.166668
45027,SC,Clarendon,40.833332
45029,SC,Colleton,60.083332
45031,SC,Darlington,76.416664
45033,SC,Dillon,42.25
45035,SC,Dorchester,105
45037,SC,Edgefield,13.333333
45039,SC,Fairfield,22.916666
45041,SC,Florence,159.33333
45043,SC,Georgetown,69.416664
45045,SC,Greenville,428.41666
45047,SC,Greenwood,86.666664
45049,SC,Hampton,34.583332
45051,SC,Horry,356.58334
45053,SC,Jasper,38.333332
45055,SC,Kershaw,67.333336
45057,SC,Lancaster,85.666664
45059,SC,Laurens,75.166664
45061,SC,Lee,21.083334
45063,SC,Lexington,277.33334
45065,SC,McCormick,10.083333
45067,SC,Marion,39.25
45069,SC,Marlboro,40.083332
45071,SC,Newberry,40.333332
45073,SC,Oconee,76.833336
45075,SC,Orangeburg,131.75
45077,SC,Pickens,104.66666
45079,SC,Richland,326.66666
45081,SC,Saluda,18.416666
45083,SC,Spartanburg,316.33334
45085,SC,Sumter,132.41667
45087,SC,Union,34.916668
45089,SC,Williamsburg,45.666668
45091,SC,York,197.33333
46003,SD,Aurora,2.1666667
46005,SD,Beadle,18.5
46007,SD,Bennett,8.666667
46009,SD,Bon Homme,5.75
46011,SD,Brookings,19.166666
46013,SD,Brown,16.083334
46015,SD,Brule,5.3333335
46017,SD,Buffalo,2.1666667
46019,SD,Butte,9.916667
46021,SD,Campbell,2
46023,SD,Charles Mix,13.583333
46025,SD,Clark,3
46027,SD,Clay,6.9166665
46029,SD,Codington,14
46031,SD,Corson,7
46033,SD,Custer,7.25
46035,SD,Davison,16.75
46037,SD,Day,7
46039,SD,Deuel,3
46041,SD,Dewey,7.0833335
46043,SD,Douglas,3
46045,SD,Edmunds,4
46047,SD,Fall River,7.3333335
46049,SD,Faulk,1
46051,SD,Grant,6
46053,SD,Gregory,7
46055,SD,Haakon,2
46057,SD,Hamlin,5
46059,SD,Hand,1
46061,SD,Hanson,1
46063,SD,Harding,1
46065,SD,Hughes,9
46067,SD,Hutchinson,8.666667
46069,SD,Hyde,2
46071,SD,Jackson,7
46073,SD,Jerauld,1.1666666
46075,SD,Jones,2.5833333
46077,SD,Kingsbury,5.0833335
46079,SD,Lake,6
46081,SD,Lawrence,18.25
46083,SD,Lincoln,24.333334
46085,SD,Lyman,5
46087,SD,McCook,4.6666665
46089,SD,McPherson,2.0833333
46091,SD,Marshall,3
46093,SD,Meade,17.083334
46095,SD,Mellette,2
46097,SD,Miner,1.3333334
46099,SD,Minnehaha,158.16667
46101,SD,Moody,3
46103,SD,Pennington,75
46105,SD,Perkins,4
46107,SD,Potter,4.6666665
46109,SD,Roberts,11.75
46111,SD,Sanborn,1
46115,SD,Spink,5.6666665
46117,SD,Stanley,2.25
46119,SD,Sully,2
46121,SD,Todd,11.916667
46123,SD,Tripp,11
46125,SD,Turner,4
46127,SD,Union,7.3333335
46129,SD,Walworth,9.333333
46135,SD,Yankton,14.416667
46137,SD,Ziebach,1
47001,TN,Anderson,79.75
47003,TN,Bedford,44.416668
47005,TN,Benton,17.916666
47007,TN,Bledsoe,14.083333
47009,TN,Blount,97.666664
47011,TN,Bradley,116
47013,TN,Campbell,44.666668
47015,TN,Cannon,11
47017,TN,Carroll,35.083332
47019,TN,Carter,54
47021,TN,Cheatham,39.416668
47023,TN,Chester,17.5
47025,TN,Claiborne,33
47027,TN,Clay,9.916667
47029,TN,Cocke,50.25
47031,TN,Coffee,76.583336
47033,TN,Crockett,15.666667
47035,TN,Cumberland,65.083336
47037,TN,Davidson,589.58331
47039,TN,Decatur,13.833333
47041,TN,DeKalb,18.75
47043,TN,Dickson,62
47045,TN,Dyer,46.583332
47047,TN,Fayette,30.416666
47049,TN,Fentress,19.833334
47051,TN,Franklin,36.833332
47053,TN,Gibson,58.583332
47055,TN,Giles,34.166668
47057,TN,Grainger,25.5
47059,TN,Greene,87
47061,TN,Grundy,25.333334
47063,TN,Hamblen,79.75
47065,TN,Hamilton,361.25
47067,TN,Hancock,7.75
47069,TN,Hardeman,25.416666
47071,TN,Hardin,30
47073,TN,Hawkins,53
47075,TN,Haywood,28.25
47077,TN,Henderson,23.833334
47079,TN,Henry,31.166666
47081,TN,Hickman,20.166666
47083,TN,Houston,7.8333335
47085,TN,Humphreys,16
47087,TN,Jackson,8.5
47089,TN,Jefferson,47.416668
47091,TN,Johnson,19.25
47093,TN,Knox,376.91666
47095,TN,Lake,8
47097,TN,Lauderdale,25.083334
47099,TN,Lawrence,46.583332
47101,TN,Lewis,15.333333
47103,TN,Lincoln,30.5
47105,TN,Loudon,45.833332
47107,TN,McMinn,61.916668
47109,TN,McNairy,28.75
47111,TN,Macon,22.25
47113,TN,Madison,108.08334
47115,TN,Marion,33
47117,TN,Marshall,31.916666
47119,TN,Maury,92.916664
47121,TN,Meigs,16.666666
47123,TN,Monroe,58.916668
47125,TN,Montgomery,118.83334
47127,TN,Moore,4.9166665
47129,TN,Morgan,22.416666
47131,TN,Obion,27.5
47133,TN,Overton,24.833334
47135,TN,Perry,7.25
47137,TN,Pickett,5.75
47139,TN,Polk,19
47141,TN,Putnam,91.583336
47143,TN,Rhea,36.5
47145,TN,Roane,52
47147,TN,Robertson,60.5
47149,TN,Rutherford,213.5
47151,TN,Scott,24.083334
47153,TN,Sequatchie,19.083334
47155,TN,Sevier,114.83334
47157,TN,Shelby,876.41669
47159,TN,Smith,16.333334
47161,TN,Stewart,12.916667
47163,TN,Sullivan,138.75
47165,TN,Sumner,129.16667
47167,TN,Tipton,45.083332
47169,TN,Trousdale,9
47171,TN,Unicoi,16
47173,TN,Union,16.416666
47175,TN,Van Buren,5
47177,TN,Warren,41.5
47179,TN,Washington,111.75
47181,TN,Wayne,14
47183,TN,Weakley,34.583332
47185,TN,White,27.583334
47187,TN,Williamson,100
47189,TN,Wilson,88.083336
48001,TX,Anderson,37.333332
48003,TX,Andrews,9.833333
48005,TX,Angelina,67.583336
48007,TX,Aransas,15
48009,TX,Archer,5.75
48011,TX,Armstrong,1
48013,TX,Atascosa,40.916668
48015,TX,Austin,27.666666
48017,TX,Bailey,7
48019,TX,Bandera,13.5
48021,TX,Bastrop,68.25
48023,TX,Baylor,5.25
48025,TX,Bee,24.666666
48027,TX,Bell,260.16666
48029,TX,Bexar,1208.25
48031,TX,Blanco,7.8333335
48035,TX,Bosque,23.5
48037,TX,Bowie,80.583336
48039,TX,Brazoria,184
48041,TX,Brazos,116
48043,TX,Brewster,9
48045,TX,Briscoe,3.6666667
48047,TX,Brooks,9.333333
48049,TX,Brown,42.416668
48051,TX,Burleson,20.333334
48053,TX,Burnet,33.166668
48055,TX,Caldwell,26.25
48057,TX,Calhoun,25
48059,TX,Callahan,13.416667
48061,TX,Cameron,383
48063,TX,Camp,12.583333
48065,TX,Carson,8.916667
48067,TX,Cass,29.166666
48069,TX,Castro,5.6666665
48071,TX,Chambers,23.333334
48073,TX,Cherokee,33.833332
48075,TX,Childress,5.6666665
48077,TX,Clay,3
48079,TX,Cochran,3.8333333
48081,TX,Coke,6
48083,TX,Coleman,10.666667
48085,TX,Collin,404.08334
48087,TX,Collingsworth,4
48089,TX,Colorado,19.916666
48091,TX,Comal,80.166664
48093,TX,Comanche,13
48095,TX,Concho,3.8333333
48097,TX,Cooke,22.916666
48099,TX,Coryell,37.25
48101,TX,Cottle,2.25
48103,TX,Crane,5.4166665
48105,TX,Crockett,3
48107,TX,Crosby,10.25
48109,TX,Culberson,4.6666665
48111,TX,Dallam,9
48113,TX,Dallas,1590
48115,TX,Dawson,11.583333
48117,TX,Deaf Smith,16.75
48119,TX,Delta,4.3333335
48121,TX,Denton,291
48123,TX,DeWitt,14.5
48125,TX,Dickens,2
48127,TX,Dimmit,15.666667
48129,TX,Donley,5
48131,TX,Duval,15.666667
48133,TX,Eastland,26.5
48135,TX,Ector,110.58334
48137,TX,Edwards,2.8333333
48139,TX,Ellis,82.916664
48141,TX,El Paso,628.58331
48143,TX,Erath,30.166666
48145,TX,Falls,17.083334
48147,TX,Fannin,26.416666
48149,TX,Fayette,13.333333
48151,TX,Fisher,5.3333335
48153,TX,Floyd,6
48155,TX,Foard,1
48157,TX,Fort Bend,277.16666
48159,TX,Franklin,8.5
48161,TX,Freestone,15.083333
48163,TX,Frio,15.333333
48165,TX,Gaines,12.833333
48167,TX,Galveston,229.41667
48169,TX,Garza,6
48171,TX,Gillespie,9.5
48175,TX,Goliad,4
48177,TX,Gonzales,17.083334
48179,TX,Gray,21
48181,TX,Grayson,104.5
48183,TX,Gregg,113.58334
48185,TX,Grimes,23.166666
48187,TX,Guadalupe,76.75
48189,TX,Hale,29
48191,TX,Hall,5
48193,TX,Hamilton,9
48195,TX,Hansford,5
48197,TX,Hardeman,5.4166665
48199,TX,Hardin,38.166668
48201,TX,Harris,2765.75
48203,TX,Harrison,44.666668
48205,TX,Hartley,2
48207,TX,Haskell,6.4166665
48209,TX,Hays,93.166664
48211,TX,Hemphill,5
48213,TX,Henderson,59.5
48215,TX,Hidalgo,831.66669
48217,TX,Hill,43.416668
48219,TX,Hockley,14
48221,TX,Hood,46.5
48223,TX,Hopkins,26
48225,TX,Houston,20.166666
48227,TX,Howard,22.583334
48229,TX,Hudspeth,6.3333335
48231,TX,Hunt,73.5
48233,TX,Hutchinson,24.916666
48235,TX,Irion,1.6666666
48237,TX,Jack,8
48239,TX,Jackson,12
48241,TX,Jasper,35.75
48243,TX,Jeff Davis,2
48245,TX,Jefferson,228.16667
48247,TX,Jim Hogg,7
48249,TX,Jim Wells,41.583332
48251,TX,Johnson,109.41666
48253,TX,Jones,14.833333
48255,TX,Karnes,12.083333
48257,TX,Kaufman,77.083336
48259,TX,Kendall,17.75
48263,TX,Kent,1
48265,TX,Kerr,40
48267,TX,Kimble,5.6666665
48271,TX,Kinney,3
48273,TX,Kleberg,32.083332
48275,TX,Knox,5.6666665
48277,TX,Lamar,50.416668
48279,TX,Lamb,15
48281,TX,Lampasas,14
48283,TX,La Salle,13.083333
48285,TX,Lavaca,16.25
48287,TX,Lee,13.333333
48289,TX,Leon,18
48291,TX,Liberty,68.333336
48293,TX,Limestone,22
48295,TX,Lipscomb,4
48297,TX,Live Oak,12.416667
48299,TX,Llano,15
48303,TX,Lubbock,172.91667
48305,TX,Lynn,5
48307,TX,McCulloch,8.75
48309,TX,McLennan,192.5
48311,TX,McMullen,.66666669
48313,TX,Madison,10.416667
48315,TX,Marion,8.916667
48317,TX,Martin,2
48319,TX,Mason,3
48321,TX,Matagorda,41.5
48323,TX,Maverick,48.666668
48325,TX,Medina,39.166668
48327,TX,Menard,2
48329,TX,Midland,78.666664
48331,TX,Milam,25.833334
48333,TX,Mills,3
48335,TX,Mitchell,7
48337,TX,Montague,11.666667
48339,TX,Montgomery,272.58334
48341,TX,Moore,25.916666
48343,TX,Morris,9.333333
48345,TX,Motley,2.1666667
48347,TX,Nacogdoches,40.25
48349,TX,Navarro,41.666668
48351,TX,Newton,9.75
48353,TX,Nolan,15.166667
48355,TX,Nueces,280.08334
48357,TX,Ochiltree,9
48359,TX,Oldham,2.75
48361,TX,Orange,84.416664
48363,TX,Palo Pinto,31.833334
48365,TX,Panola,20.916666
48367,TX,Parker,57.25
48369,TX,Parmer,9
48371,TX,Pecos,15.166667
48373,TX,Polk,45.333332
48375,TX,Potter,123.5
48377,TX,Presidio,9.916667
48379,TX,Rains,10.25
48381,TX,Randall,68
48383,TX,Reagan,4.75
48385,TX,Real,6.9166665
48387,TX,Red River,14.5
48389,TX,Reeves,10.916667
48391,TX,Refugio,8.583333
48395,TX,Robertson,19.666666
48397,TX,Rockwall,40.583332
48399,TX,Runnels,14.416667
48401,TX,Rusk,22.583334
48403,TX,Sabine,10.666667
48405,TX,San Augustine,8.083333
48407,TX,San Jacinto,24.333334
48409,TX,San Patricio,59.333332
48411,TX,San Saba,4
48413,TX,Schleicher,3
48415,TX,Scurry,12.5
48417,TX,Shackelford,3
48419,TX,Shelby,23.25
48421,TX,Sherman,4.6666665
48423,TX,Smith,148.83333
48425,TX,Somervell,6.5
48427,TX,Starr,101.91666
48429,TX,Stephens,11
48431,TX,Sterling,3
48433,TX,Stonewall,2
48435,TX,Sutton,9.916667
48437,TX,Swisher,7.1666665
48439,TX,Tarrant,1237.9166
48441,TX,Taylor,123.41666
48443,TX,Terrell,1
48445,TX,Terry,9
48447,TX,Throckmorton,2
48449,TX,Titus,28.583334
48451,TX,Tom Green,76
48453,TX,Travis,619.25
48455,TX,Trinity,16.083334
48457,TX,Tyler,23.333334
48459,TX,Upshur,21.75
48461,TX,Upton,5
48463,TX,Uvalde,26.75
48465,TX,Val Verde,34
48467,TX,Van Zandt,30
48469,TX,Victoria,74.916664
48471,TX,Walker,44.25
48473,TX,Waller,28.916666
48475,TX,Ward,10.5
48477,TX,Washington,25.416666
48479,TX,Webb,182.33333
48481,TX,Wharton,42.083332
48483,TX,Wheeler,7.8333335
48485,TX,Wichita,98.583336
48487,TX,Wilbarger,11
48489,TX,Willacy,24.666666
48491,TX,Williamson,223.66667
48493,TX,Wilson,25.333334
48495,TX,Winkler,8.833333
48497,TX,Wise,41.166668
48499,TX,Wood,32.25
48501,TX,Yoakum,10.083333
48503,TX,Young,12.5
48505,TX,Zapata,25.083334
48507,TX,Zavala,10.083333
49001,UT,Beaver,5.1666665
49003,UT,Box Elder,26.583334
49005,UT,Cache,42.833332
49007,UT,Carbon,15
49009,UT,Daggett,.91666669
49011,UT,Davis,111.83334
49013,UT,Duchesne,15.666667
49015,UT,Emery,12.5
49017,UT,Garfield,5.9166665
49019,UT,Grand,15.5
49021,UT,Iron,19
49023,UT,Juab,8.333333
49025,UT,Kane,5.5
49027,UT,Millard,11.416667
49029,UT,Morgan,3.5
49031,UT,Piute,3
49033,UT,Rich,3
49035,UT,Salt Lake,549.58331
49037,UT,San Juan,15.916667
49039,UT,Sanpete,14
49041,UT,Sevier,15.666667
49043,UT,Summit,20.166666
49045,UT,Tooele,30.833334
49047,UT,Uintah,18.333334
49049,UT,Utah,181.08333
49051,UT,Wasatch,12.166667
49053,UT,Washington,61.916668
49055,UT,Wayne,3
49057,UT,Weber,118.66666
50001,VT,Addison,27.5
50003,VT,Bennington,39.25
50005,VT,Caledonia,38.583332
50007,VT,Chittenden,145
50009,VT,Essex,3
50011,VT,Franklin,47.166668
50013,VT,Grand Isle,11.666667
50015,VT,Lamoille,26.333334
50017,VT,Orange,25.166666
50019,VT,Orleans,38.833332
50021,VT,Rutland,72.916664
50023,VT,Washington,59.416668
50025,VT,Windham,46.083332
50027,VT,Windsor,45.166668
51001,VA,Accomack,47.083332
51003,VA,Albemarle,52.75
51005,VA,Alleghany,11.5
51007,VA,Amelia,8
51009,VA,Amherst,32.333332
51011,VA,Appomattox,13.25
51013,VA,Arlington,88.666664
51015,VA,Augusta,38.333332
51017,VA,Bath,3
51019,VA,Bedford,48
51021,VA,Bland,4
51023,VA,Botetourt,21
51025,VA,Brunswick,14.833333
51027,VA,Buchanan,26.25
51029,VA,Buckingham,15.416667
51031,VA,Campbell,52.333332
51033,VA,Caroline,26.25
51035,VA,Carroll,37.333332
51036,VA,Charles City,2.25
51037,VA,Charlotte,13.25
51041,VA,Chesterfield,188.75
51043,VA,Clarke,9.916667
51045,VA,Craig,5
51047,VA,Culpeper,33.083332
51049,VA,Cumberland,5
51051,VA,Dickenson,20
51053,VA,Dinwiddie,24.25
51057,VA,Essex,14.416667
51059,VA,Fairfax,368.66666
51061,VA,Fauquier,33.25
51063,VA,Floyd,12.166667
51065,VA,Fluvanna,12.416667
51067,VA,Franklin,47
51069,VA,Frederick,47.916668
51071,VA,Giles,22.916666
51073,VA,Gloucester,28.333334
51075,VA,Goochland,13.416667
51077,VA,Grayson,11.583333
51079,VA,Greene,10
51081,VA,Greensville,22.25
51083,VA,Halifax,42.75
51085,VA,Hanover,69.25
51087,VA,Henrico,242.58333
51089,VA,Henry,72.666664
51091,VA,Highland,2.4166667
51093,VA,Isle of Wight,27.583334
51095,VA,James City,47.5
51097,VA,King and Queen,3.6666667
51099,VA,King George,19.5
51101,VA,King William,10.583333
51103,VA,Lancaster,16.583334
51105,VA,Lee,32.166668
51107,VA,Loudoun,109.75
51109,VA,Louisa,24.083334
51111,VA,Lunenburg,8.25
51113,VA,Madison,10
51115,VA,Mathews,5
51117,VA,Mecklenburg,49.083332
51119,VA,Middlesex,11.75
51121,VA,Montgomery,62.833332
51125,VA,Nelson,9.583333
51127,VA,New Kent,13.416667
51131,VA,Northampton,16.5
51133,VA,Northumberland,11.25
51135,VA,Nottoway,21.833334
51137,VA,Orange,28.5
51139,VA,Page,19.333334
51141,VA,Patrick,15.666667
51143,VA,Pittsylvania,47.75
51145,VA,Powhatan,7
51147,VA,Prince Edward,22.833334
51149,VA,Prince George,14.916667
51153,VA,Prince William,187.91667
51155,VA,Pulaski,33
51157,VA,Rappahannock,1
51159,VA,Richmond,6.9166665
51161,VA,Roanoke,45.75
51163,VA,Rockbridge,18.083334
51165,VA,Rockingham,37.75
51167,VA,Russell,22.916666
51169,VA,Scott,31.5
51171,VA,Shenandoah,40.25
51173,VA,Smyth,42.583332
51175,VA,Southampton,14.666667
51177,VA,Spotsylvania,86.083336
51179,VA,Stafford,68.333336
51181,VA,Surry,7.4166665
51183,VA,Sussex,16
51185,VA,Tazewell,51
51187,VA,Warren,31.583334
51191,VA,Washington,62.5
51193,VA,Westmoreland,18.583334
51195,VA,Wise,59.083332
51197,VA,Wythe,37.416668
51199,VA,York,39.833332
51510,VA,Alexandria,67.5
51515,VA,Bedford,3
51520,VA,Bristol,29.5
51530,VA,Buena Vista,7.5
51540,VA,Charlottesville,46.083332
51550,VA,Chesapeake,163.33333
51570,VA,Colonial Heights,26.166666
51580,VA,Covington,11.833333
51590,VA,Danville,92.666664
51595,VA,Emporia,2.5
51600,VA,Fairfax,24
51610,VA,Falls Church,14.166667
51620,VA,Franklin,14.75
51630,VA,Fredericksburg,32.083332
51640,VA,Galax,16.75
51650,VA,Hampton,126.25
51660,VA,Harrisonburg,54.083332
51670,VA,Hopewell,33
51678,VA,Lexington,7
51680,VA,Lynchburg,78.166664
51683,VA,Manassas,29
51685,VA,Manassas Park,2
51690,VA,Martinsville,22.583334
51700,VA,Newport News,166.66667
51710,VA,Norfolk,197.58333
51720,VA,Norton,9.25
51730,VA,Petersburg,57.666668
51735,VA,Poquoson,8.916667
51740,VA,Portsmouth,97.416664
51750,VA,Radford,14.916667
51760,VA,Richmond,230.5
51770,VA,Roanoke,131.75
51775,VA,Salem,28.5
51790,VA,Staunton,26.833334
51800,VA,Suffolk,70.833336
51810,VA,Virginia Beach,289.75
51820,VA,Waynesboro,30.916666
51830,VA,Williamsburg,15.416667
51840,VA,Winchester,32.833332
53001,WA,Adams,16.916666
53003,WA,Asotin,11.083333
53005,WA,Benton,113.58334
53007,WA,Chelan,57
53009,WA,Clallam,58.583332
53011,WA,Clark,250.33333
53013,WA,Columbia,4.5833335
53015,WA,Cowlitz,83.916664
53017,WA,Douglas,26.333334
53019,WA,Ferry,10
53021,WA,Franklin,62.5
53023,WA,Garfield,4
53025,WA,Grant,81.5
53027,WA,Grays Harbor,83.5
53029,WA,Island,31
53031,WA,Jefferson,20.083334
53033,WA,King,1141.25
53035,WA,Kitsap,134.08333
53037,WA,Kittitas,28.083334
53039,WA,Klickitat,17.75
53041,WA,Lewis,82.5
53043,WA,Lincoln,10
53045,WA,Mason,45.416668
53047,WA,Okanogan,42.916668
53049,WA,Pacific,23
53051,WA,Pend Oreille,13
53053,WA,Pierce,491.66666
53055,WA,San Juan,10.75
53057,WA,Skagit,99.416664
53059,WA,Skamania,7.9166665
53061,WA,Snohomish,435.75
53063,WA,Spokane,317.25
53065,WA,Stevens,37.5
53067,WA,Thurston,168.58333
53069,WA,Wahkiakum,4
53071,WA,Walla Walla,39.416668
53073,WA,Whatcom,144.83333
53075,WA,Whitman,18.5
53077,WA,Yakima,209.66667
54001,WV,Barbour,14.75
54003,WV,Berkeley,74.166664
54005,WV,Boone,31.333334
54007,WV,Braxton,24.833334
54009,WV,Brooke,19.833334
54011,WV,Cabell,100.16666
54013,WV,Calhoun,10.75
54015,WV,Clay,12.083333
54017,WV,Doddridge,4
54019,WV,Fayette,62.666668
54021,WV,Gilmer,10
54023,WV,Grant,9.75
54025,WV,Greenbrier,50.833332
54027,WV,Hampshire,26.166666
54029,WV,Hancock,28.166666
54031,WV,Hardy,16.333334
54033,WV,Harrison,87.25
54035,WV,Jackson,35.916668
54037,WV,Jefferson,41.583332
54039,WV,Kanawha,202
54041,WV,Lewis,21.666666
54043,WV,Lincoln,26.333334
54045,WV,Logan,52.416668
54047,WV,McDowell,34.25
54049,WV,Marion,62.583332
54051,WV,Marshall,24.916666
54053,WV,Mason,27.333334
54055,WV,Mercer,69.333336
54057,WV,Mineral,32.75
54059,WV,Mingo,26.416666
54061,WV,Monongalia,72.916664
54063,WV,Monroe,10.416667
54065,WV,Morgan,15.833333
54067,WV,Nicholas,43.916668
54069,WV,Ohio,40.333332
54071,WV,Pendleton,10.916667
54073,WV,Pleasants,6
54075,WV,Pocahontas,13
54077,WV,Preston,35.75
54079,WV,Putnam,60.583332
54081,WV,Raleigh,98.333336
54083,WV,Randolph,36.666668
54085,WV,Ritchie,18.416666
54087,WV,Roane,16.083334
54089,WV,Summers,14.5
54091,WV,Taylor,17.583334
54093,WV,Tucker,11.166667
54095,WV,Tyler,9.75
54097,WV,Upshur,27
54099,WV,Wayne,41
54101,WV,Webster,11.333333
54103,WV,Wetzel,23.666666
54105,WV,Wirt,6
54107,WV,Wood,83.416664
54109,WV,Wyoming,36.083332
55001,WI,Adams,8.583333
55003,WI,Ashland,17.166666
55005,WI,Barron,38.083332
55007,WI,Bayfield,13.25
55009,WI,Brown,161
55011,WI,Buffalo,8.416667
55013,WI,Burnett,12.75
55015,WI,Calumet,16
55017,WI,Chippewa,38.25
55019,WI,Clark,29
55021,WI,Columbia,38.25
55023,WI,Crawford,15.083333
55025,WI,Dane,261.58334
55027,WI,Dodge,41.5
55029,WI,Door,22.916666
55031,WI,Douglas,30.583334
55033,WI,Dunn,27.416666
55035,WI,Eau Claire,70
55037,WI,Florence,4
55039,WI,Fond du Lac,60.833332
55041,WI,Forest,9
55043,WI,Grant,42.75
55045,WI,Green,22.416666
55047,WI,Green Lake,9.25
55049,WI,Iowa,13.083333
55051,WI,Iron,8
55053,WI,Jackson,6.4166665
55055,WI,Jefferson,50.333332
55057,WI,Juneau,25.5
55059,WI,Kenosha,106.66666
55061,WI,Kewaunee,11.916667
55063,WI,La Crosse,65.25
55065,WI,Lafayette,5.75
55067,WI,Langlade,18
55069,WI,Lincoln,25.666666
55071,WI,Manitowoc,40.833332
55073,WI,Marathon,98.916664
55075,WI,Marinette,37.666668
55077,WI,Marquette,8.916667
55078,WI,Menominee,6
55079,WI,Milwaukee,773.16669
55081,WI,Monroe,36.416668
55083,WI,Oconto,26.666666
55085,WI,Oneida,33.666668
55087,WI,Outagamie,114.58334
55089,WI,Ozaukee,29.25
55091,WI,Pepin,6.9166665
55093,WI,Pierce,21
55095,WI,Polk,42.666668
55097,WI,Portage,43.416668
55099,WI,Price,14.916667
55101,WI,Racine,141.91667
55103,WI,Richland,9.833333
55105,WI,Rock,109.25
55107,WI,Rusk,17.083334
55109,WI,St. Croix,46
55111,WI,Sauk,46.583332
55113,WI,Sawyer,14.083333
55115,WI,Shawano,26.666666
55117,WI,Sheboygan,66.416664
55119,WI,Taylor,12.833333
55121,WI,Trempealeau,25.75
55123,WI,Vernon,17.416666
55125,WI,Vilas,20
55127,WI,Walworth,54.333332
55129,WI,Washburn,15.583333
55131,WI,Washington,49.333332
55133,WI,Waukesha,178.08333
55135,WI,Waupaca,38.833332
55137,WI,Waushara,17.833334
55139,WI,Winnebago,100.41666
55141,WI,Wood,52.916668
56001,WY,Albany,13.25
56003,WY,Big Horn,7.0833335
56005,WY,Campbell,27.416666
56007,WY,Carbon,11.666667
56009,WY,Converse,7.1666665
56011,WY,Crook,5
56013,WY,Fremont,26.5
56015,WY,Goshen,6.0833335
56017,WY,Hot Springs,3.8333333
56019,WY,Johnson,8.416667
56021,WY,Laramie,48.916668
56023,WY,Lincoln,13.333333
56025,WY,Natrona,45.333332
56027,WY,Niobrara,2.9166667
56029,WY,Park,13.916667
56031,WY,Platte,8.416667
56033,WY,Sheridan,17.5
56035,WY,Sublette,6
56037,WY,Sweetwater,27.25
56039,WY,Teton,8
56041,WY,Uinta,15.25
56043,WY,Washakie,6.0833335
56045,WY,Weston,8.583333
