countyfips,state,county,dirsales_farms12
01001,AL,Autauga,51
01003,AL,Baldwin,103
01005,AL,Barbour,13
01007,AL,Bibb,13
01009,AL,Blount,88
01011,AL,Bullock,12
01013,AL,Butler,31
01015,AL,Calhoun,50
01017,AL,Chambers,22
01019,AL,Cherokee,14
01021,AL,Chilton,58
01023,AL,Choctaw,14
01025,AL,Clarke,18
01027,AL,Clay,11
01029,AL,Cleburne,14
01031,AL,Coffee,37
01033,AL,Colbert,26
01035,AL,Conecuh,13
01037,AL,Coosa,18
01039,AL,Covington,37
01041,AL,Crenshaw,14
01043,AL,Cullman,74
01045,AL,Dale,23
01047,AL,Dallas,20
01049,AL,DeKalb,76
01051,AL,Elmore,40
01053,AL,Escambia,23
01055,AL,Etowah,45
01057,AL,Fayette,25
01059,AL,Franklin,24
01061,AL,Geneva,44
01063,AL,Greene,23
01065,AL,Hale,20
01067,AL,Henry,14
01069,AL,Houston,40
01071,AL,Jackson,71
01073,AL,Jefferson,59
01075,AL,Lamar,14
01077,AL,Lauderdale,53
01079,AL,Lawrence,41
01081,AL,Lee,16
01083,AL,Limestone,70
01085,AL,Lowndes,16
01087,AL,Macon,34
01089,AL,Madison,79
01091,AL,Marengo,15
01093,AL,Marion,20
01095,AL,Marshall,52
01097,AL,Mobile,89
01099,AL,Monroe,14
01101,AL,Montgomery,28
01103,AL,Morgan,45
01105,AL,Perry,15
01107,AL,Pickens,19
01109,AL,Pike,12
01111,AL,Randolph,19
01113,AL,Russell,15
01115,AL,St. Clair,30
01117,AL,Shelby,33
01119,AL,Sumter,16
01121,AL,Talladega,31
01123,AL,Tallapoosa,18
01125,AL,Tuscaloosa,52
01127,AL,Walker,19
01129,AL,Washington,21
01131,AL,Wilcox,15
01133,AL,Winston,17
02020,AK,Anchorage,90
02090,AK,Fairbanks North Star,62
02110,AK,Juneau,18
02122,AK,Kenai Peninsula,56
04001,AZ,Apache,130
04003,AZ,Cochise,122
04005,AZ,Coconino,115
04007,AZ,Gila,17
04009,AZ,Graham,25
04011,AZ,Greenlee,14
04012,AZ,La Paz,7
04013,AZ,Maricopa,218
04015,AZ,Mohave,48
04017,AZ,Navajo,178
04019,AZ,Pima,102
04021,AZ,Pinal,52
04023,AZ,Santa Cruz,27
04025,AZ,Yavapai,125
04027,AZ,Yuma,36
05001,AR,Arkansas,3
05003,AR,Ashley,20
05005,AR,Baxter,18
05007,AR,Benton,65
05009,AR,Boone,26
05011,AR,Bradley,6
05013,AR,Calhoun,6
05015,AR,Carroll,38
05017,AR,Chicot,4
05019,AR,Clark,11
05021,AR,Clay,2
05023,AR,Cleburne,14
05025,AR,Cleveland,0
05027,AR,Columbia,8
05029,AR,Conway,10
05031,AR,Craighead,14
05033,AR,Crawford,48
05035,AR,Crittenden,5
05037,AR,Cross,7
05039,AR,Dallas,4
05041,AR,Desha,5
05043,AR,Drew,8
05045,AR,Faulkner,55
05047,AR,Franklin,17
05049,AR,Fulton,37
05051,AR,Garland,23
05053,AR,Grant,25
05055,AR,Greene,16
05057,AR,Hempstead,15
05059,AR,Hot Spring,29
05061,AR,Howard,8
05063,AR,Independence,32
05065,AR,Izard,13
05067,AR,Jackson,11
05069,AR,Jefferson,17
05071,AR,Johnson,21
05073,AR,Lafayette,6
05075,AR,Lawrence,3
05077,AR,Lee,6
05079,AR,Lincoln,3
05081,AR,Little River,15
05083,AR,Logan,20
05085,AR,Lonoke,39
05087,AR,Madison,44
05089,AR,Marion,23
05091,AR,Miller,22
05093,AR,Mississippi,5
05095,AR,Monroe,0
05097,AR,Montgomery,10
05099,AR,Nevada,10
05101,AR,Newton,14
05103,AR,Ouachita,12
05105,AR,Perry,21
05107,AR,Phillips,5
05109,AR,Pike,10
05111,AR,Poinsett,5
05113,AR,Polk,18
05115,AR,Pope,31
05117,AR,Prairie,3
05119,AR,Pulaski,38
05121,AR,Randolph,11
05123,AR,St. Francis,14
05125,AR,Saline,34
05127,AR,Scott,10
05129,AR,Searcy,17
05131,AR,Sebastian,22
05133,AR,Sevier,7
05135,AR,Sharp,9
05137,AR,Stone,16
05139,AR,Union,19
05141,AR,Van Buren,14
05143,AR,Washington,131
05145,AR,White,68
05147,AR,Woodruff,5
05149,AR,Yell,10
06001,CA,Alameda,45
06003,CA,Alpine,0
06005,CA,Amador,52
06007,CA,Butte,213
06009,CA,Calaveras,112
06011,CA,Colusa,30
06013,CA,Contra Costa,82
06015,CA,Del Norte,30
06017,CA,El Dorado,299
06019,CA,Fresno,383
06021,CA,Glenn,89
06023,CA,Humboldt,203
06025,CA,Imperial,21
06027,CA,Inyo,23
06029,CA,Kern,134
06031,CA,Kings,62
06033,CA,Lake,133
06035,CA,Lassen,76
06037,CA,Los Angeles,210
06039,CA,Madera,62
06041,CA,Marin,66
06043,CA,Mariposa,37
06045,CA,Mendocino,219
06047,CA,Merced,110
06049,CA,Modoc,34
06051,CA,Mono,2
06053,CA,Monterey,85
06055,CA,Napa,97
06057,CA,Nevada,189
06059,CA,Orange,65
06061,CA,Placer,306
06063,CA,Plumas,25
06065,CA,Riverside,338
06067,CA,Sacramento,238
06069,CA,San Benito,60
06071,CA,San Bernardino,225
06073,CA,San Diego,717
06075,CA,San Francisco,1
06077,CA,San Joaquin,248
06079,CA,San Luis Obispo,327
06081,CA,San Mateo,66
06083,CA,Santa Barbara,179
06085,CA,Santa Clara,184
06087,CA,Santa Cruz,112
06089,CA,Shasta,263
06091,CA,Sierra,2
06093,CA,Siskiyou,90
06095,CA,Solano,110
06097,CA,Sonoma,499
06099,CA,Stanislaus,220
06101,CA,Sutter,81
06103,CA,Tehama,169
06105,CA,Trinity,73
06107,CA,Tulare,377
06109,CA,Tuolumne,64
06111,CA,Ventura,193
06113,CA,Yolo,136
06115,CA,Yuba,122
08001,CO,Adams,96
08003,CO,Alamosa,17
08005,CO,Arapahoe,79
08007,CO,Archuleta,44
08009,CO,Baca,8
08011,CO,Bent,12
08013,CO,Boulder,126
08014,CO,Broomfield,0
08015,CO,Chaffee,28
08017,CO,Cheyenne,5
08019,CO,Clear Creek,3
08021,CO,Conejos,23
08023,CO,Costilla,14
08025,CO,Crowley,17
08027,CO,Custer,8
08029,CO,Delta,181
08031,CO,Denver,2
08033,CO,Dolores,10
08035,CO,Douglas,124
08037,CO,Eagle,22
08039,CO,Elbert,129
08041,CO,El Paso,99
08043,CO,Fremont,67
08045,CO,Garfield,61
08047,CO,Gilpin,0
08049,CO,Grand,13
08051,CO,Gunnison,15
08053,CO,Hinsdale,0
08055,CO,Huerfano,20
08057,CO,Jackson,9
08059,CO,Jefferson,47
08061,CO,Kiowa,9
08063,CO,Kit Carson,30
08065,CO,Lake,3
08067,CO,La Plata,116
08069,CO,Larimer,204
08071,CO,Las Animas,21
08073,CO,Lincoln,27
08075,CO,Logan,27
08077,CO,Mesa,319
08079,CO,Mineral,0
08081,CO,Moffat,24
08083,CO,Montezuma,96
08085,CO,Montrose,102
08087,CO,Morgan,35
08089,CO,Otero,22
08091,CO,Ouray,11
08093,CO,Park,24
08095,CO,Phillips,7
08097,CO,Pitkin,8
08099,CO,Prowers,10
08101,CO,Pueblo,42
08103,CO,Rio Blanco,18
08105,CO,Rio Grande,32
08107,CO,Routt,61
08109,CO,Saguache,24
08111,CO,San Juan,0
08113,CO,San Miguel,19
08115,CO,Sedgwick,8
08117,CO,Summit,2
08119,CO,Teller,29
08121,CO,Washington,25
08123,CO,Weld,249
08125,CO,Yuma,13
09001,CT,Fairfield,99
09003,CT,Hartford,254
09005,CT,Litchfield,288
09007,CT,Middlesex,88
09009,CT,New Haven,151
09011,CT,New London,192
09013,CT,Tolland,158
09015,CT,Windham,190
10001,DE,Kent,60
10003,DE,New Castle,49
10005,DE,Sussex,70
12001,FL,Alachua,152
12003,FL,Baker,29
12005,FL,Bay,9
12007,FL,Bradford,34
12009,FL,Brevard,100
12011,FL,Broward,43
12013,FL,Calhoun,14
12015,FL,Charlotte,18
12017,FL,Citrus,44
12019,FL,Clay,39
12021,FL,Collier,9
12023,FL,Columbia,61
12027,FL,DeSoto,40
12029,FL,Dixie,6
12031,FL,Duval,44
12033,FL,Escambia,88
12035,FL,Flagler,10
12037,FL,Franklin,1
12039,FL,Gadsden,22
12041,FL,Gilchrist,26
12043,FL,Glades,11
12045,FL,Gulf,5
12047,FL,Hamilton,7
12049,FL,Hardee,17
12051,FL,Hendry,10
12053,FL,Hernando,60
12055,FL,Highlands,43
12057,FL,Hillsborough,202
12059,FL,Holmes,19
12061,FL,Indian River,24
12063,FL,Jackson,73
12065,FL,Jefferson,61
12067,FL,Lafayette,13
12069,FL,Lake,139
12071,FL,Lee,118
12073,FL,Leon,37
12075,FL,Levy,45
12077,FL,Liberty,0
12079,FL,Madison,21
12081,FL,Manatee,43
12083,FL,Marion,171
12085,FL,Martin,50
12086,FL,Miami-Dade,496
12087,FL,Monroe,1
12089,FL,Nassau,34
12091,FL,Okaloosa,41
12093,FL,Okeechobee,18
12095,FL,Orange,47
12097,FL,Osceola,9
12099,FL,Palm Beach,106
12101,FL,Pasco,77
12103,FL,Pinellas,11
12105,FL,Polk,107
12107,FL,Putnam,37
12109,FL,St. Johns,21
12111,FL,St. Lucie,22
12113,FL,Santa Rosa,44
12115,FL,Sarasota,20
12117,FL,Seminole,43
12119,FL,Sumter,57
12121,FL,Suwannee,87
12123,FL,Taylor,15
12125,FL,Union,18
12127,FL,Volusia,115
12129,FL,Wakulla,20
12131,FL,Walton,51
12133,FL,Washington,25
13001,GA,Appling,9
13003,GA,Atkinson,23
13005,GA,Bacon,10
13007,GA,Baker,2
13009,GA,Baldwin,7
13011,GA,Banks,17
13013,GA,Barrow,18
13015,GA,Bartow,24
13017,GA,Ben Hill,8
13019,GA,Berrien,11
13021,GA,Bibb,14
13023,GA,Bleckley,4
13025,GA,Brantley,8
13027,GA,Brooks,21
13029,GA,Bryan,6
13031,GA,Bulloch,29
13033,GA,Burke,30
13035,GA,Butts,13
13037,GA,Calhoun,6
13039,GA,Camden,14
13043,GA,Candler,3
13045,GA,Carroll,22
13047,GA,Catoosa,25
13049,GA,Charlton,8
13051,GA,Chatham,5
13053,GA,Chattahoochee,0
13055,GA,Chattooga,20
13057,GA,Cherokee,33
13059,GA,Clarke,9
13061,GA,Clay,0
13063,GA,Clayton,0
13065,GA,Clinch,9
13067,GA,Cobb,16
13069,GA,Coffee,18
13071,GA,Colquitt,17
13073,GA,Columbia,7
13075,GA,Cook,4
13077,GA,Coweta,19
13079,GA,Crawford,15
13081,GA,Crisp,6
13083,GA,Dade,16
13085,GA,Dawson,8
13087,GA,Decatur,9
13089,GA,DeKalb,5
13091,GA,Dodge,17
13093,GA,Dooly,11
13095,GA,Dougherty,2
13097,GA,Douglas,12
13099,GA,Early,1
13101,GA,Echols,5
13103,GA,Effingham,28
13105,GA,Elbert,10
13107,GA,Emanuel,19
13109,GA,Evans,11
13111,GA,Fannin,17
13113,GA,Fayette,11
13115,GA,Floyd,40
13117,GA,Forsyth,23
13119,GA,Franklin,24
13121,GA,Fulton,38
13123,GA,Gilmer,16
13125,GA,Glascock,1
13127,GA,Glynn,7
13129,GA,Gordon,33
13131,GA,Grady,14
13133,GA,Greene,9
13135,GA,Gwinnett,22
13137,GA,Habersham,21
13139,GA,Hall,36
13141,GA,Hancock,14
13143,GA,Haralson,18
13145,GA,Harris,17
13147,GA,Hart,30
13149,GA,Heard,8
13151,GA,Henry,31
13153,GA,Houston,29
13155,GA,Irwin,4
13157,GA,Jackson,37
13159,GA,Jasper,15
13161,GA,Jeff Davis,7
13163,GA,Jefferson,16
13165,GA,Jenkins,1
13167,GA,Johnson,12
13169,GA,Jones,13
13171,GA,Lamar,15
13173,GA,Lanier,3
13175,GA,Laurens,24
13177,GA,Lee,8
13179,GA,Liberty,11
13181,GA,Lincoln,2
13183,GA,Long,4
13185,GA,Lowndes,29
13187,GA,Lumpkin,6
13189,GA,McDuffie,10
13191,GA,McIntosh,8
13193,GA,Macon,10
13195,GA,Madison,55
13197,GA,Marion,13
13199,GA,Meriwether,14
13201,GA,Miller,8
13205,GA,Mitchell,8
13207,GA,Monroe,13
13209,GA,Montgomery,5
13211,GA,Morgan,24
13213,GA,Murray,12
13215,GA,Muscogee,0
13217,GA,Newton,20
13219,GA,Oconee,36
13221,GA,Oglethorpe,30
13223,GA,Paulding,17
13225,GA,Peach,20
13227,GA,Pickens,13
13229,GA,Pierce,15
13231,GA,Pike,22
13233,GA,Polk,15
13235,GA,Pulaski,12
13237,GA,Putnam,2
13239,GA,Quitman,0
13241,GA,Rabun,14
13243,GA,Randolph,3
13245,GA,Richmond,5
13247,GA,Rockdale,13
13249,GA,Schley,2
13251,GA,Screven,16
13253,GA,Seminole,0
13255,GA,Spalding,23
13257,GA,Stephens,17
13259,GA,Stewart,0
13261,GA,Sumter,15
13263,GA,Talbot,8
13265,GA,Taliaferro,4
13267,GA,Tattnall,23
13269,GA,Taylor,14
13271,GA,Telfair,8
13273,GA,Terrell,9
13275,GA,Thomas,10
13277,GA,Tift,13
13279,GA,Toombs,14
13281,GA,Towns,4
13283,GA,Treutlen,8
13285,GA,Troup,12
13287,GA,Turner,8
13289,GA,Twiggs,7
13291,GA,Union,18
13293,GA,Upson,17
13295,GA,Walker,36
13297,GA,Walton,26
13299,GA,Ware,10
13301,GA,Warren,2
13303,GA,Washington,19
13305,GA,Wayne,14
13307,GA,Webster,2
13309,GA,Wheeler,2
13311,GA,White,21
13313,GA,Whitfield,9
13315,GA,Wilcox,14
13317,GA,Wilkes,10
13319,GA,Wilkinson,8
13321,GA,Worth,7
15001,HI,Hawaii,788
15003,HI,Honolulu,262
15007,HI,Kauai,204
15009,HI,Maui,352
16001,ID,Ada,229
16003,ID,Adams,23
16005,ID,Bannock,90
16007,ID,Bear Lake,30
16009,ID,Benewah,26
16011,ID,Bingham,122
16013,ID,Blaine,14
16015,ID,Boise,15
16017,ID,Bonner,134
16019,ID,Bonneville,70
16021,ID,Boundary,59
16023,ID,Butte,15
16025,ID,Camas,6
16027,ID,Canyon,292
16029,ID,Caribou,37
16031,ID,Cassia,33
16033,ID,Clark,0
16035,ID,Clearwater,28
16037,ID,Custer,11
16039,ID,Elmore,65
16041,ID,Franklin,46
16043,ID,Fremont,26
16045,ID,Gem,121
16047,ID,Gooding,43
16049,ID,Idaho,56
16051,ID,Jefferson,39
16053,ID,Jerome,28
16055,ID,Kootenai,125
16057,ID,Latah,96
16059,ID,Lemhi,37
16061,ID,Lewis,2
16063,ID,Lincoln,22
16065,ID,Madison,34
16067,ID,Minidoka,25
16069,ID,Nez Perce,46
16071,ID,Oneida,17
16073,ID,Owyhee,48
16075,ID,Payette,81
16077,ID,Power,13
16079,ID,Shoshone,10
16081,ID,Teton,30
16083,ID,Twin Falls,93
16085,ID,Valley,17
16087,ID,Washington,66
17001,IL,Adams,43
17003,IL,Alexander,3
17005,IL,Bond,19
17007,IL,Boone,39
17009,IL,Brown,8
17011,IL,Bureau,31
17013,IL,Calhoun,27
17015,IL,Carroll,35
17017,IL,Cass,19
17019,IL,Champaign,55
17021,IL,Christian,17
17023,IL,Clark,18
17025,IL,Clay,5
17027,IL,Clinton,24
17029,IL,Coles,30
17031,IL,Cook,26
17033,IL,Crawford,28
17035,IL,Cumberland,28
17037,IL,DeKalb,61
17039,IL,De Witt,12
17041,IL,Douglas,35
17043,IL,DuPage,5
17045,IL,Edgar,9
17047,IL,Edwards,6
17049,IL,Effingham,28
17051,IL,Fayette,40
17053,IL,Ford,18
17055,IL,Franklin,37
17057,IL,Fulton,32
17059,IL,Gallatin,3
17061,IL,Greene,12
17063,IL,Grundy,11
17065,IL,Hamilton,11
17067,IL,Hancock,20
17069,IL,Hardin,4
17071,IL,Henderson,3
17073,IL,Henry,42
17075,IL,Iroquois,46
17077,IL,Jackson,47
17079,IL,Jasper,21
17081,IL,Jefferson,31
17083,IL,Jersey,32
17085,IL,Jo Daviess,35
17087,IL,Johnson,17
17089,IL,Kane,52
17091,IL,Kankakee,33
17093,IL,Kendall,38
17095,IL,Knox,28
17097,IL,Lake,50
17099,IL,LaSalle,79
17101,IL,Lawrence,12
17103,IL,Lee,38
17105,IL,Livingston,56
17107,IL,Logan,24
17109,IL,McDonough,12
17111,IL,McHenry,102
17113,IL,McLean,63
17115,IL,Macon,23
17117,IL,Macoupin,42
17119,IL,Madison,70
17121,IL,Marion,38
17123,IL,Marshall,21
17125,IL,Mason,12
17127,IL,Massac,11
17129,IL,Menard,17
17131,IL,Mercer,16
17133,IL,Monroe,19
17135,IL,Montgomery,28
17137,IL,Morgan,28
17139,IL,Moultrie,40
17141,IL,Ogle,65
17143,IL,Peoria,55
17145,IL,Perry,17
17147,IL,Piatt,11
17149,IL,Pike,10
17151,IL,Pope,3
17153,IL,Pulaski,5
17155,IL,Putnam,5
17157,IL,Randolph,24
17159,IL,Richland,20
17161,IL,Rock Island,30
17163,IL,St. Clair,38
17165,IL,Saline,5
17167,IL,Sangamon,65
17169,IL,Schuyler,8
17171,IL,Scott,6
17173,IL,Shelby,35
17175,IL,Stark,11
17177,IL,Stephenson,51
17179,IL,Tazewell,44
17181,IL,Union,38
17183,IL,Vermilion,32
17185,IL,Wabash,1
17187,IL,Warren,17
17189,IL,Washington,23
17191,IL,Wayne,20
17193,IL,White,10
17195,IL,Whiteside,53
17197,IL,Will,61
17199,IL,Williamson,32
17201,IL,Winnebago,75
17203,IL,Woodford,86
18001,IN,Adams,70
18003,IN,Allen,100
18005,IN,Bartholomew,49
18007,IN,Benton,12
18009,IN,Blackford,11
18011,IN,Boone,44
18013,IN,Brown,14
18015,IN,Carroll,32
18017,IN,Cass,41
18019,IN,Clark,52
18021,IN,Clay,30
18023,IN,Clinton,38
18025,IN,Crawford,20
18027,IN,Daviess,104
18029,IN,Dearborn,49
18031,IN,Decatur,27
18033,IN,DeKalb,46
18035,IN,Delaware,41
18037,IN,Dubois,32
18039,IN,Elkhart,191
18041,IN,Fayette,14
18043,IN,Floyd,31
18045,IN,Fountain,21
18047,IN,Franklin,43
18049,IN,Fulton,34
18051,IN,Gibson,27
18053,IN,Grant,23
18055,IN,Greene,38
18057,IN,Hamilton,65
18059,IN,Hancock,52
18061,IN,Harrison,66
18063,IN,Hendricks,60
18065,IN,Henry,39
18067,IN,Howard,20
18069,IN,Huntington,34
18071,IN,Jackson,46
18073,IN,Jasper,28
18075,IN,Jay,26
18077,IN,Jefferson,56
18079,IN,Jennings,27
18081,IN,Johnson,44
18083,IN,Knox,24
18085,IN,Kosciusko,80
18087,IN,LaGrange,191
18089,IN,Lake,28
18091,IN,LaPorte,63
18093,IN,Lawrence,46
18095,IN,Madison,34
18097,IN,Marion,24
18099,IN,Marshall,70
18101,IN,Martin,13
18103,IN,Miami,31
18105,IN,Monroe,47
18107,IN,Montgomery,41
18109,IN,Morgan,50
18111,IN,Newton,24
18113,IN,Noble,71
18115,IN,Ohio,12
18117,IN,Orange,22
18119,IN,Owen,35
18121,IN,Parke,65
18123,IN,Perry,14
18125,IN,Pike,1
18127,IN,Porter,31
18129,IN,Posey,7
18131,IN,Pulaski,7
18133,IN,Putnam,60
18135,IN,Randolph,37
18137,IN,Ripley,79
18139,IN,Rush,27
18141,IN,St. Joseph,69
18143,IN,Scott,15
18145,IN,Shelby,22
18147,IN,Spencer,33
18149,IN,Starke,12
18151,IN,Steuben,22
18153,IN,Sullivan,18
18155,IN,Switzerland,13
18157,IN,Tippecanoe,71
18159,IN,Tipton,13
18161,IN,Union,3
18163,IN,Vanderburgh,16
18165,IN,Vermillion,8
18167,IN,Vigo,28
18169,IN,Wabash,46
18171,IN,Warren,16
18173,IN,Warrick,11
18175,IN,Washington,73
18177,IN,Wayne,53
18179,IN,Wells,30
18181,IN,White,19
18183,IN,Whitley,51
19001,IA,Adair,28
19003,IA,Adams,7
19005,IA,Allamakee,31
19007,IA,Appanoose,15
19009,IA,Audubon,12
19011,IA,Benton,62
19013,IA,Black Hawk,55
19015,IA,Boone,52
19017,IA,Bremer,43
19019,IA,Buchanan,57
19021,IA,Buena Vista,21
19023,IA,Butler,39
19025,IA,Calhoun,23
19027,IA,Carroll,17
19029,IA,Cass,23
19031,IA,Cedar,36
19033,IA,Cerro Gordo,26
19035,IA,Cherokee,11
19037,IA,Chickasaw,43
19039,IA,Clarke,26
19041,IA,Clay,11
19043,IA,Clayton,53
19045,IA,Clinton,58
19047,IA,Crawford,12
19049,IA,Dallas,50
19051,IA,Davis,52
19053,IA,Decatur,13
19055,IA,Delaware,31
19057,IA,Des Moines,15
19059,IA,Dickinson,19
19061,IA,Dubuque,50
19063,IA,Emmet,5
19065,IA,Fayette,28
19067,IA,Floyd,37
19069,IA,Franklin,24
19071,IA,Fremont,9
19073,IA,Greene,33
19075,IA,Grundy,39
19077,IA,Guthrie,20
19079,IA,Hamilton,22
19081,IA,Hancock,34
19083,IA,Hardin,28
19085,IA,Harrison,18
19087,IA,Henry,20
19089,IA,Howard,30
19091,IA,Humboldt,8
19093,IA,Ida,8
19095,IA,Iowa,26
19097,IA,Jackson,40
19099,IA,Jasper,54
19101,IA,Jefferson,27
19103,IA,Johnson,88
19105,IA,Jones,50
19107,IA,Keokuk,12
19109,IA,Kossuth,46
19111,IA,Lee,37
19113,IA,Linn,55
19115,IA,Louisa,14
19117,IA,Lucas,15
19119,IA,Lyon,37
19121,IA,Madison,20
19123,IA,Mahaska,34
19125,IA,Marion,46
19127,IA,Marshall,29
19129,IA,Mills,17
19131,IA,Mitchell,53
19133,IA,Monona,14
19135,IA,Monroe,13
19137,IA,Montgomery,11
19139,IA,Muscatine,41
19141,IA,O'Brien,13
19143,IA,Osceola,11
19145,IA,Page,15
19147,IA,Palo Alto,18
19149,IA,Plymouth,24
19151,IA,Pocahontas,4
19153,IA,Polk,58
19155,IA,Pottawattamie,40
19157,IA,Poweshiek,35
19159,IA,Ringgold,15
19161,IA,Sac,12
19163,IA,Scott,50
19165,IA,Shelby,28
19167,IA,Sioux,45
19169,IA,Story,60
19171,IA,Tama,25
19173,IA,Taylor,8
19175,IA,Union,21
19177,IA,Van Buren,25
19179,IA,Wapello,11
19181,IA,Warren,67
19183,IA,Washington,59
19185,IA,Wayne,14
19187,IA,Webster,30
19189,IA,Winnebago,18
19191,IA,Winneshiek,47
19193,IA,Woodbury,23
19195,IA,Worth,24
19197,IA,Wright,31
20001,KS,Allen,27
20003,KS,Anderson,35
20005,KS,Atchison,14
20007,KS,Barber,3
20009,KS,Barton,19
20011,KS,Bourbon,33
20013,KS,Brown,19
20015,KS,Butler,91
20017,KS,Chase,15
20019,KS,Chautauqua,6
20021,KS,Cherokee,20
20023,KS,Cheyenne,16
20025,KS,Clark,4
20027,KS,Clay,14
20029,KS,Cloud,12
20031,KS,Coffey,22
20033,KS,Comanche,3
20035,KS,Cowley,35
20037,KS,Crawford,29
20039,KS,Decatur,2
20041,KS,Dickinson,34
20043,KS,Doniphan,13
20045,KS,Douglas,86
20047,KS,Edwards,0
20049,KS,Elk,9
20051,KS,Ellis,19
20053,KS,Ellsworth,3
20055,KS,Finney,9
20057,KS,Ford,6
20059,KS,Franklin,31
20061,KS,Geary,5
20063,KS,Gove,10
20065,KS,Graham,3
20067,KS,Grant,3
20069,KS,Gray,5
20071,KS,Greeley,8
20073,KS,Greenwood,21
20075,KS,Hamilton,4
20077,KS,Harper,11
20079,KS,Harvey,51
20081,KS,Haskell,0
20083,KS,Hodgeman,0
20085,KS,Jackson,36
20087,KS,Jefferson,74
20089,KS,Jewell,4
20091,KS,Johnson,49
20093,KS,Kearny,4
20095,KS,Kingman,16
20097,KS,Kiowa,6
20099,KS,Labette,38
20101,KS,Lane,5
20103,KS,Leavenworth,99
20105,KS,Lincoln,8
20107,KS,Linn,24
20109,KS,Logan,2
20111,KS,Lyon,43
20113,KS,McPherson,33
20115,KS,Marion,40
20117,KS,Marshall,16
20119,KS,Meade,6
20121,KS,Miami,79
20123,KS,Mitchell,8
20125,KS,Montgomery,47
20127,KS,Morris,6
20129,KS,Morton,0
20131,KS,Nemaha,16
20133,KS,Neosho,23
20135,KS,Ness,9
20137,KS,Norton,7
20139,KS,Osage,34
20141,KS,Osborne,9
20143,KS,Ottawa,11
20145,KS,Pawnee,7
20147,KS,Phillips,19
20149,KS,Pottawatomie,34
20151,KS,Pratt,7
20153,KS,Rawlins,6
20155,KS,Reno,94
20157,KS,Republic,11
20159,KS,Rice,15
20161,KS,Riley,28
20163,KS,Rooks,12
20165,KS,Rush,7
20167,KS,Russell,5
20169,KS,Saline,16
20171,KS,Scott,2
20173,KS,Sedgwick,72
20175,KS,Seward,4
20177,KS,Shawnee,47
20179,KS,Sheridan,4
20181,KS,Sherman,6
20183,KS,Smith,4
20185,KS,Stafford,9
20187,KS,Stanton,1
20189,KS,Stevens,4
20191,KS,Sumner,26
20193,KS,Thomas,16
20195,KS,Trego,8
20197,KS,Wabaunsee,15
20199,KS,Wallace,0
20201,KS,Washington,16
20203,KS,Wichita,2
20205,KS,Wilson,23
20207,KS,Woodson,6
20209,KS,Wyandotte,16
21001,KY,Adair,20
21003,KY,Allen,63
21005,KY,Anderson,39
21007,KY,Ballard,9
21009,KY,Barren,55
21011,KY,Bath,23
21013,KY,Bell,8
21015,KY,Boone,48
21017,KY,Bourbon,35
21019,KY,Boyd,26
21021,KY,Boyle,46
21023,KY,Bracken,22
21025,KY,Breathitt,22
21027,KY,Breckinridge,50
21029,KY,Bullitt,23
21031,KY,Butler,23
21033,KY,Caldwell,13
21035,KY,Calloway,33
21037,KY,Campbell,46
21039,KY,Carlisle,8
21041,KY,Carroll,21
21043,KY,Carter,48
21045,KY,Casey,68
21047,KY,Christian,53
21049,KY,Clark,46
21051,KY,Clay,23
21053,KY,Clinton,11
21055,KY,Crittenden,25
21057,KY,Cumberland,8
21059,KY,Daviess,44
21061,KY,Edmonson,23
21063,KY,Elliott,22
21065,KY,Estill,22
21067,KY,Fayette,51
21069,KY,Fleming,26
21071,KY,Floyd,7
21073,KY,Franklin,36
21075,KY,Fulton,5
21077,KY,Gallatin,15
21079,KY,Garrard,29
21081,KY,Grant,38
21083,KY,Graves,53
21085,KY,Grayson,48
21087,KY,Green,21
21089,KY,Greenup,39
21091,KY,Hancock,15
21093,KY,Hardin,69
21095,KY,Harlan,4
21097,KY,Harrison,62
21099,KY,Hart,59
21101,KY,Henderson,14
21103,KY,Henry,55
21105,KY,Hickman,7
21107,KY,Hopkins,31
21109,KY,Jackson,35
21111,KY,Jefferson,35
21113,KY,Jessamine,36
21115,KY,Johnson,8
21117,KY,Kenton,35
21119,KY,Knott,0
21121,KY,Knox,6
21123,KY,Larue,46
21125,KY,Laurel,55
21127,KY,Lawrence,15
21129,KY,Lee,12
21131,KY,Leslie,0
21133,KY,Letcher,3
21135,KY,Lewis,21
21137,KY,Lincoln,51
21139,KY,Livingston,10
21141,KY,Logan,21
21143,KY,Lyon,13
21145,KY,McCracken,31
21147,KY,McCreary,7
21149,KY,McLean,21
21151,KY,Madison,56
21153,KY,Magoffin,19
21155,KY,Marion,27
21157,KY,Marshall,24
21159,KY,Martin,2
21161,KY,Mason,22
21163,KY,Meade,42
21165,KY,Menifee,10
21167,KY,Mercer,54
21169,KY,Metcalfe,24
21171,KY,Monroe,20
21173,KY,Montgomery,15
21175,KY,Morgan,31
21177,KY,Muhlenberg,17
21179,KY,Nelson,36
21181,KY,Nicholas,21
21183,KY,Ohio,36
21185,KY,Oldham,56
21187,KY,Owen,29
21189,KY,Owsley,20
21191,KY,Pendleton,45
21193,KY,Perry,11
21195,KY,Pike,6
21197,KY,Powell,10
21199,KY,Pulaski,45
21201,KY,Robertson,1
21203,KY,Rockcastle,20
21205,KY,Rowan,13
21207,KY,Russell,18
21209,KY,Scott,46
21211,KY,Shelby,83
21213,KY,Simpson,17
21215,KY,Spencer,41
21217,KY,Taylor,32
21219,KY,Todd,36
21221,KY,Trigg,29
21223,KY,Trimble,25
21225,KY,Union,0
21227,KY,Warren,74
21229,KY,Washington,34
21231,KY,Wayne,30
21233,KY,Webster,8
21235,KY,Whitley,31
21237,KY,Wolfe,9
21239,KY,Woodford,42
22001,LA,Acadia,31
22003,LA,Allen,20
22005,LA,Ascension,15
22007,LA,Assumption,2
22009,LA,Avoyelles,30
22011,LA,Beauregard,39
22013,LA,Bienville,11
22015,LA,Bossier,35
22017,LA,Caddo,40
22019,LA,Calcasieu,38
22021,LA,Caldwell,14
22023,LA,Cameron,8
22025,LA,Catahoula,7
22027,LA,Claiborne,10
22029,LA,Concordia,11
22031,LA,De Soto,31
22033,LA,East Baton Rouge,34
22035,LA,East Carroll,6
22037,LA,East Feliciana,15
22039,LA,Evangeline,17
22041,LA,Franklin,8
22043,LA,Grant,24
22045,LA,Iberia,17
22047,LA,Iberville,5
22049,LA,Jackson,8
22051,LA,Jefferson,2
22053,LA,Jefferson Davis,22
22055,LA,Lafayette,34
22057,LA,Lafourche,34
22059,LA,La Salle,0
22061,LA,Lincoln,20
22063,LA,Livingston,27
22065,LA,Madison,2
22067,LA,Morehouse,11
22069,LA,Natchitoches,35
22071,LA,Orleans,7
22073,LA,Ouachita,20
22075,LA,Plaquemines,28
22077,LA,Pointe Coupee,14
22079,LA,Rapides,44
22081,LA,Red River,8
22083,LA,Richland,9
22085,LA,Sabine,12
22087,LA,St. Bernard,9
22089,LA,St. Charles,7
22091,LA,St. Helena,19
22093,LA,St. James,6
22095,LA,St. John the Baptist,0
22097,LA,St. Landry,62
22099,LA,St. Martin,43
22101,LA,St. Mary,7
22103,LA,St. Tammany,56
22105,LA,Tangipahoa,68
22107,LA,Tensas,10
22109,LA,Terrebonne,9
22111,LA,Union,11
22113,LA,Vermilion,49
22115,LA,Vernon,18
22117,LA,Washington,44
22119,LA,Webster,16
22121,LA,West Baton Rouge,1
22123,LA,West Carroll,13
22125,LA,West Feliciana,13
22127,LA,Winn,10
23001,ME,Androscoggin,171
23003,ME,Aroostook,179
23005,ME,Cumberland,237
23007,ME,Franklin,96
23009,ME,Hancock,141
23011,ME,Kennebec,138
23013,ME,Knox,106
23015,ME,Lincoln,115
23017,ME,Oxford,137
23019,ME,Penobscot,201
23021,ME,Piscataquis,58
23023,ME,Sagadahoc,79
23025,ME,Somerset,151
23027,ME,Waldo,187
23029,ME,Washington,117
23031,ME,York,198
24001,MD,Allegany,17
24003,MD,Anne Arundel,47
24005,MD,Baltimore,91
24009,MD,Calvert,39
24011,MD,Caroline,29
24013,MD,Carroll,119
24015,MD,Cecil,38
24017,MD,Charles,50
24019,MD,Dorchester,12
24021,MD,Frederick,167
24023,MD,Garrett,87
24025,MD,Harford,90
24027,MD,Howard,38
24029,MD,Kent,17
24031,MD,Montgomery,71
24033,MD,Prince George's,57
24035,MD,Queen Anne's,32
24037,MD,St. Mary's,84
24039,MD,Somerset,6
24041,MD,Talbot,11
24043,MD,Washington,120
24045,MD,Wicomico,39
24047,MD,Worcester,15
25001,MA,Barnstable,81
25003,MA,Berkshire,190
25005,MA,Bristol,174
25007,MA,Dukes,25
25009,MA,Essex,119
25011,MA,Franklin,241
25013,MA,Hampden,144
25015,MA,Hampshire,221
25017,MA,Middlesex,272
25019,MA,Nantucket,8
25021,MA,Norfolk,53
25023,MA,Plymouth,157
25025,MA,Suffolk,16
25027,MA,Worcester,505
26001,MI,Alcona,28
26003,MI,Alger,28
26005,MI,Allegan,166
26007,MI,Alpena,69
26009,MI,Antrim,85
26011,MI,Arenac,32
26013,MI,Baraga,11
26015,MI,Barry,114
26017,MI,Bay,77
26019,MI,Benzie,40
26021,MI,Berrien,159
26023,MI,Branch,77
26025,MI,Calhoun,102
26027,MI,Cass,84
26029,MI,Charlevoix,45
26031,MI,Cheboygan,55
26033,MI,Chippewa,53
26035,MI,Clare,52
26037,MI,Clinton,119
26039,MI,Crawford,9
26041,MI,Delta,35
26043,MI,Dickinson,15
26045,MI,Eaton,118
26047,MI,Emmet,50
26049,MI,Genesee,119
26051,MI,Gladwin,59
26053,MI,Gogebic,12
26055,MI,Grand Traverse,98
26057,MI,Gratiot,58
26059,MI,Hillsdale,106
26061,MI,Houghton,41
26063,MI,Huron,49
26065,MI,Ingham,136
26067,MI,Ionia,123
26069,MI,Iosco,38
26071,MI,Iron,17
26073,MI,Isabella,87
26075,MI,Jackson,109
26077,MI,Kalamazoo,111
26079,MI,Kalkaska,27
26081,MI,Kent,189
26083,MI,Keweenaw,0
26085,MI,Lake,21
26087,MI,Lapeer,181
26089,MI,Leelanau,77
26091,MI,Lenawee,127
26093,MI,Livingston,109
26095,MI,Luce,8
26097,MI,Mackinac,16
26099,MI,Macomb,92
26101,MI,Manistee,52
26103,MI,Marquette,43
26105,MI,Mason,71
26107,MI,Mecosta,88
26109,MI,Menominee,39
26111,MI,Midland,66
26113,MI,Missaukee,45
26115,MI,Monroe,112
26117,MI,Montcalm,113
26119,MI,Montmorency,17
26121,MI,Muskegon,63
26123,MI,Newaygo,124
26125,MI,Oakland,94
26127,MI,Oceana,84
26129,MI,Ogemaw,31
26131,MI,Ontonagon,10
26133,MI,Osceola,83
26135,MI,Oscoda,23
26137,MI,Otsego,25
26139,MI,Ottawa,188
26141,MI,Presque Isle,48
26143,MI,Roscommon,8
26145,MI,Saginaw,95
26147,MI,St. Clair,137
26149,MI,St. Joseph,90
26151,MI,Sanilac,96
26153,MI,Schoolcraft,12
26155,MI,Shiawassee,114
26157,MI,Tuscola,140
26159,MI,Van Buren,182
26161,MI,Washtenaw,183
26163,MI,Wayne,74
26165,MI,Wexford,60
27001,MN,Aitkin,46
27003,MN,Anoka,71
27005,MN,Becker,48
27007,MN,Beltrami,44
27009,MN,Benton,46
27011,MN,Big Stone,15
27013,MN,Blue Earth,34
27015,MN,Brown,29
27017,MN,Carlton,54
27019,MN,Carver,63
27021,MN,Cass,39
27023,MN,Chippewa,20
27025,MN,Chisago,107
27027,MN,Clay,31
27029,MN,Clearwater,25
27031,MN,Cook,7
27033,MN,Cottonwood,32
27035,MN,Crow Wing,51
27037,MN,Dakota,103
27039,MN,Dodge,33
27041,MN,Douglas,53
27043,MN,Faribault,16
27045,MN,Fillmore,81
27047,MN,Freeborn,46
27049,MN,Goodhue,115
27051,MN,Grant,13
27053,MN,Hennepin,108
27055,MN,Houston,50
27057,MN,Hubbard,53
27059,MN,Isanti,101
27061,MN,Itasca,72
27063,MN,Jackson,15
27065,MN,Kanabec,56
27067,MN,Kandiyohi,69
27069,MN,Kittson,4
27071,MN,Koochiching,20
27073,MN,Lac qui Parle,23
27075,MN,Lake,14
27077,MN,Lake of the Woods,14
27079,MN,Le Sueur,66
27081,MN,Lincoln,10
27083,MN,Lyon,16
27085,MN,McLeod,56
27087,MN,Mahnomen,16
27089,MN,Marshall,20
27091,MN,Martin,18
27093,MN,Meeker,66
27095,MN,Mille Lacs,91
27097,MN,Morrison,92
27099,MN,Mower,37
27101,MN,Murray,20
27103,MN,Nicollet,30
27105,MN,Nobles,29
27107,MN,Norman,13
27109,MN,Olmsted,76
27111,MN,Otter Tail,146
27113,MN,Pennington,14
27115,MN,Pine,84
27117,MN,Pipestone,24
27119,MN,Polk,19
27121,MN,Pope,35
27123,MN,Ramsey,38
27125,MN,Red Lake,8
27127,MN,Redwood,34
27129,MN,Renville,30
27131,MN,Rice,91
27133,MN,Rock,33
27135,MN,Roseau,30
27137,MN,St. Louis,107
27139,MN,Scott,85
27141,MN,Sherburne,77
27143,MN,Sibley,32
27145,MN,Stearns,166
27147,MN,Steele,38
27149,MN,Stevens,27
27151,MN,Swift,13
27153,MN,Todd,98
27155,MN,Traverse,5
27157,MN,Wabasha,35
27159,MN,Wadena,38
27161,MN,Waseca,18
27163,MN,Washington,110
27165,MN,Watonwan,7
27167,MN,Wilkin,10
27169,MN,Winona,92
27171,MN,Wright,171
27173,MN,Yellow Medicine,21
28001,MS,Adams,6
28003,MS,Alcorn,7
28005,MS,Amite,14
28007,MS,Attala,14
28009,MS,Benton,12
28011,MS,Bolivar,3
28013,MS,Calhoun,7
28015,MS,Carroll,9
28017,MS,Chickasaw,10
28019,MS,Choctaw,10
28021,MS,Claiborne,8
28023,MS,Clarke,19
28025,MS,Clay,12
28027,MS,Coahoma,11
28029,MS,Copiah,16
28031,MS,Covington,17
28033,MS,DeSoto,35
28035,MS,Forrest,21
28037,MS,Franklin,8
28039,MS,George,38
28041,MS,Greene,21
28043,MS,Grenada,4
28045,MS,Hancock,12
28047,MS,Harrison,32
28049,MS,Hinds,53
28051,MS,Holmes,2
28053,MS,Humphreys,4
28055,MS,Issaquena,0
28057,MS,Itawamba,19
28059,MS,Jackson,36
28061,MS,Jasper,8
28063,MS,Jefferson,12
28065,MS,Jefferson Davis,12
28067,MS,Jones,31
28069,MS,Kemper,5
28071,MS,Lafayette,12
28073,MS,Lamar,21
28075,MS,Lauderdale,34
28077,MS,Lawrence,8
28079,MS,Leake,16
28081,MS,Lee,15
28083,MS,Leflore,6
28085,MS,Lincoln,28
28087,MS,Lowndes,24
28089,MS,Madison,8
28091,MS,Marion,26
28093,MS,Marshall,24
28095,MS,Monroe,16
28097,MS,Montgomery,2
28099,MS,Neshoba,21
28101,MS,Newton,13
28103,MS,Noxubee,14
28105,MS,Oktibbeha,20
28107,MS,Panola,18
28109,MS,Pearl River,50
28111,MS,Perry,21
28113,MS,Pike,19
28115,MS,Pontotoc,18
28117,MS,Prentiss,8
28119,MS,Quitman,4
28121,MS,Rankin,21
28123,MS,Scott,18
28125,MS,Sharkey,1
28127,MS,Simpson,11
28129,MS,Smith,13
28131,MS,Stone,19
28133,MS,Sunflower,6
28135,MS,Tallahatchie,2
28137,MS,Tate,19
28139,MS,Tippah,7
28141,MS,Tishomingo,6
28143,MS,Tunica,0
28145,MS,Union,17
28147,MS,Walthall,13
28149,MS,Warren,11
28151,MS,Washington,3
28153,MS,Wayne,11
28155,MS,Webster,4
28157,MS,Wilkinson,4
28159,MS,Winston,29
28161,MS,Yalobusha,7
28163,MS,Yazoo,10
29001,MO,Adair,29
29003,MO,Andrew,27
29005,MO,Atchison,5
29007,MO,Audrain,62
29009,MO,Barry,48
29011,MO,Barton,46
29013,MO,Bates,37
29015,MO,Benton,40
29017,MO,Bollinger,36
29019,MO,Boone,112
29021,MO,Buchanan,16
29023,MO,Butler,33
29025,MO,Caldwell,13
29027,MO,Callaway,87
29029,MO,Camden,21
29031,MO,Cape Girardeau,52
29033,MO,Carroll,15
29035,MO,Carter,10
29037,MO,Cass,79
29039,MO,Cedar,25
29041,MO,Chariton,19
29043,MO,Christian,77
29045,MO,Clark,11
29047,MO,Clay,34
29049,MO,Clinton,31
29051,MO,Cole,55
29053,MO,Cooper,31
29055,MO,Crawford,46
29057,MO,Dade,25
29059,MO,Dallas,63
29061,MO,Daviess,33
29063,MO,DeKalb,28
29065,MO,Dent,44
29067,MO,Douglas,31
29069,MO,Dunklin,13
29071,MO,Franklin,156
29073,MO,Gasconade,36
29075,MO,Gentry,21
29077,MO,Greene,94
29079,MO,Grundy,28
29081,MO,Harrison,29
29083,MO,Henry,19
29085,MO,Hickory,7
29087,MO,Holt,8
29089,MO,Howard,28
29091,MO,Howell,45
29093,MO,Iron,13
29095,MO,Jackson,59
29097,MO,Jasper,57
29099,MO,Jefferson,84
29101,MO,Johnson,74
29103,MO,Knox,16
29105,MO,Laclede,36
29107,MO,Lafayette,70
29109,MO,Lawrence,76
29111,MO,Lewis,15
29113,MO,Lincoln,56
29115,MO,Linn,39
29117,MO,Livingston,20
29119,MO,McDonald,38
29121,MO,Macon,38
29123,MO,Madison,16
29125,MO,Maries,55
29127,MO,Marion,21
29129,MO,Mercer,7
29131,MO,Miller,21
29133,MO,Mississippi,2
29135,MO,Moniteau,54
29137,MO,Monroe,38
29139,MO,Montgomery,30
29141,MO,Morgan,56
29143,MO,New Madrid,0
29145,MO,Newton,65
29147,MO,Nodaway,36
29149,MO,Oregon,22
29151,MO,Osage,42
29153,MO,Ozark,23
29155,MO,Pemiscot,0
29157,MO,Perry,38
29159,MO,Pettis,50
29161,MO,Phelps,57
29163,MO,Pike,36
29165,MO,Platte,35
29167,MO,Polk,78
29169,MO,Pulaski,26
29171,MO,Putnam,11
29173,MO,Ralls,9
29175,MO,Randolph,22
29177,MO,Ray,61
29179,MO,Reynolds,7
29181,MO,Ripley,9
29183,MO,St. Charles,37
29185,MO,St. Clair,12
29186,MO,Ste. Genevieve,44
29187,MO,St. Francois,32
29189,MO,St. Louis,22
29195,MO,Saline,33
29197,MO,Schuyler,10
29199,MO,Scotland,16
29201,MO,Scott,15
29203,MO,Shannon,14
29205,MO,Shelby,21
29207,MO,Stoddard,21
29209,MO,Stone,35
29211,MO,Sullivan,11
29213,MO,Taney,16
29215,MO,Texas,43
29217,MO,Vernon,58
29219,MO,Warren,35
29221,MO,Washington,34
29223,MO,Wayne,14
29225,MO,Webster,89
29227,MO,Worth,8
29229,MO,Wright,53
30001,MT,Beaverhead,30
30003,MT,Big Horn,7
30005,MT,Blaine,9
30007,MT,Broadwater,24
30009,MT,Carbon,40
30011,MT,Carter,7
30013,MT,Cascade,51
30015,MT,Chouteau,14
30017,MT,Custer,10
30019,MT,Daniels,3
30021,MT,Dawson,6
30023,MT,Deer Lodge,3
30025,MT,Fallon,10
30027,MT,Fergus,16
30029,MT,Flathead,88
30031,MT,Gallatin,85
30033,MT,Garfield,9
30035,MT,Glacier,19
30037,MT,Golden Valley,5
30039,MT,Granite,5
30041,MT,Hill,14
30043,MT,Jefferson,24
30045,MT,Judith Basin,10
30047,MT,Lake,150
30049,MT,Lewis and Clark,47
30051,MT,Liberty,11
30053,MT,Lincoln,28
30055,MT,McCone,5
30057,MT,Madison,31
30059,MT,Meagher,10
30061,MT,Mineral,2
30063,MT,Missoula,74
30065,MT,Musselshell,18
30067,MT,Park,43
30069,MT,Petroleum,4
30071,MT,Phillips,16
30073,MT,Pondera,14
30075,MT,Powder River,5
30077,MT,Powell,19
30079,MT,Prairie,10
30081,MT,Ravalli,165
30083,MT,Richland,15
30085,MT,Roosevelt,2
30087,MT,Rosebud,18
30089,MT,Sanders,41
30091,MT,Sheridan,5
30093,MT,Silver Bow,2
30095,MT,Stillwater,29
30097,MT,Sweet Grass,20
30099,MT,Teton,27
30101,MT,Toole,9
30103,MT,Treasure,3
30105,MT,Valley,5
30107,MT,Wheatland,5
30109,MT,Wibaux,3
30111,MT,Yellowstone,64
31001,NE,Adams,15
31003,NE,Antelope,8
31005,NE,Arthur,1
31007,NE,Banner,9
31009,NE,Blaine,5
31011,NE,Boone,7
31013,NE,Box Butte,19
31015,NE,Boyd,8
31017,NE,Brown,5
31019,NE,Buffalo,55
31021,NE,Burt,18
31023,NE,Butler,18
31025,NE,Cass,38
31027,NE,Cedar,18
31029,NE,Chase,7
31031,NE,Cherry,9
31033,NE,Cheyenne,17
31035,NE,Clay,21
31037,NE,Colfax,3
31039,NE,Cuming,22
31041,NE,Custer,45
31043,NE,Dakota,7
31045,NE,Dawes,22
31047,NE,Dawson,38
31049,NE,Deuel,9
31051,NE,Dixon,14
31053,NE,Dodge,18
31055,NE,Douglas,29
31057,NE,Dundy,5
31059,NE,Fillmore,11
31061,NE,Franklin,4
31063,NE,Frontier,13
31065,NE,Furnas,4
31067,NE,Gage,31
31069,NE,Garden,4
31071,NE,Garfield,2
31073,NE,Gosper,8
31075,NE,Grant,0
31077,NE,Greeley,5
31079,NE,Hall,13
31081,NE,Hamilton,8
31083,NE,Harlan,7
31085,NE,Hayes,3
31087,NE,Hitchcock,13
31089,NE,Holt,40
31091,NE,Hooker,4
31093,NE,Howard,21
31095,NE,Jefferson,11
31097,NE,Johnson,13
31099,NE,Kearney,6
31101,NE,Keith,8
31103,NE,Keya Paha,5
31105,NE,Kimball,12
31107,NE,Knox,20
31109,NE,Lancaster,134
31111,NE,Lincoln,42
31113,NE,Logan,12
31115,NE,Loup,5
31117,NE,McPherson,0
31119,NE,Madison,19
31121,NE,Merrick,13
31123,NE,Morrill,12
31125,NE,Nance,4
31127,NE,Nemaha,25
31129,NE,Nuckolls,6
31131,NE,Otoe,36
31133,NE,Pawnee,9
31135,NE,Perkins,12
31137,NE,Phelps,10
31139,NE,Pierce,22
31141,NE,Platte,23
31143,NE,Polk,6
31145,NE,Red Willow,12
31147,NE,Richardson,26
31149,NE,Rock,3
31151,NE,Saline,18
31153,NE,Sarpy,32
31155,NE,Saunders,48
31157,NE,Scotts Bluff,45
31159,NE,Seward,38
31161,NE,Sheridan,13
31163,NE,Sherman,10
31165,NE,Sioux,13
31167,NE,Stanton,16
31169,NE,Thayer,17
31171,NE,Thomas,0
31173,NE,Thurston,0
31175,NE,Valley,7
31177,NE,Washington,49
31179,NE,Wayne,10
31181,NE,Webster,12
31183,NE,Wheeler,3
31185,NE,York,19
32001,NV,Churchill,40
32003,NV,Clark,30
32005,NV,Douglas,25
32007,NV,Elko,47
32009,NV,Esmeralda,0
32011,NV,Eureka,1
32013,NV,Humboldt,12
32015,NV,Lander,19
32017,NV,Lincoln,40
32019,NV,Lyon,48
32021,NV,Mineral,1
32023,NV,Nye,25
32027,NV,Pershing,13
32029,NV,Storey,0
32031,NV,Washoe,87
32033,NV,White Pine,9
32510,NV,Carson City,0
33001,NH,Belknap,75
33003,NH,Carroll,126
33005,NH,Cheshire,160
33007,NH,Coos,70
33009,NH,Grafton,139
33011,NH,Hillsborough,193
33013,NH,Merrimack,187
33015,NH,Rockingham,205
33017,NH,Strafford,103
33019,NH,Sullivan,90
34001,NJ,Atlantic,71
34003,NJ,Bergen,17
34005,NJ,Burlington,153
34007,NJ,Camden,28
34009,NJ,Cape May,39
34011,NJ,Cumberland,80
34013,NJ,Essex,3
34015,NJ,Gloucester,90
34017,NJ,Hudson,0
34019,NJ,Hunterdon,311
34021,NJ,Mercer,65
34023,NJ,Middlesex,54
34025,NJ,Monmouth,147
34027,NJ,Morris,99
34029,NJ,Ocean,39
34031,NJ,Passaic,28
34033,NJ,Salem,96
34035,NJ,Somerset,81
34037,NJ,Sussex,223
34039,NJ,Union,3
34041,NJ,Warren,161
35001,NM,Bernalillo,164
35003,NM,Catron,12
35005,NM,Chaves,26
35006,NM,Cibola,24
35007,NM,Colfax,10
35009,NM,Curry,13
35011,NM,De Baca,6
35013,NM,DoÃ±a Ana,203
35015,NM,Eddy,26
35017,NM,Grant,41
35019,NM,Guadalupe,16
35021,NM,Harding,11
35023,NM,Hidalgo,15
35025,NM,Lea,13
35027,NM,Lincoln,19
35028,NM,Los Alamos,0
35029,NM,Luna,12
35031,NM,McKinley,89
35033,NM,Mora,21
35035,NM,Otero,87
35037,NM,Quay,10
35039,NM,Rio Arriba,272
35041,NM,Roosevelt,25
35043,NM,Sandoval,79
35045,NM,San Juan,191
35047,NM,San Miguel,45
35049,NM,Santa Fe,98
35051,NM,Sierra,13
35053,NM,Socorro,65
35055,NM,Taos,94
35057,NM,Torrance,26
35059,NM,Union,12
35061,NM,Valencia,86
36001,NY,Albany,90
36003,NY,Allegany,98
36005,NY,Bronx,0
36007,NY,Broome,103
36009,NY,Cattaraugus,141
36011,NY,Cayuga,140
36013,NY,Chautauqua,204
36015,NY,Chemung,56
36017,NY,Chenango,119
36019,NY,Clinton,110
36021,NY,Columbia,142
36023,NY,Cortland,100
36025,NY,Delaware,162
36027,NY,Dutchess,145
36029,NY,Erie,211
36031,NY,Essex,69
36033,NY,Franklin,128
36035,NY,Fulton,23
36037,NY,Genesee,72
36039,NY,Greene,64
36041,NY,Hamilton,8
36043,NY,Herkimer,101
36045,NY,Jefferson,138
36047,NY,Kings,4
36049,NY,Lewis,90
36051,NY,Livingston,105
36053,NY,Madison,134
36055,NY,Monroe,100
36057,NY,Montgomery,84
36059,NY,Nassau,6
36061,NY,New York,0
36063,NY,Niagara,177
36065,NY,Oneida,165
36067,NY,Onondaga,134
36069,NY,Ontario,147
36071,NY,Orange,120
36073,NY,Orleans,99
36075,NY,Oswego,125
36077,NY,Otsego,161
36079,NY,Putnam,16
36081,NY,Queens,3
36083,NY,Rensselaer,112
36085,NY,Richmond,0
36087,NY,Rockland,9
36089,NY,St. Lawrence,235
36091,NY,Saratoga,107
36093,NY,Schenectady,22
36095,NY,Schoharie,121
36097,NY,Schuyler,89
36099,NY,Seneca,93
36101,NY,Steuben,230
36103,NY,Suffolk,153
36105,NY,Sullivan,60
36107,NY,Tioga,99
36109,NY,Tompkins,126
36111,NY,Ulster,137
36113,NY,Warren,25
36115,NY,Washington,165
36117,NY,Wayne,140
36119,NY,Westchester,18
36121,NY,Wyoming,138
36123,NY,Yates,169
37001,NC,Alamance,94
37003,NC,Alexander,42
37005,NC,Alleghany,17
37007,NC,Anson,18
37009,NC,Ashe,83
37011,NC,Avery,40
37013,NC,Beaufort,23
37015,NC,Bertie,7
37017,NC,Bladen,38
37019,NC,Brunswick,30
37021,NC,Buncombe,168
37023,NC,Burke,59
37025,NC,Cabarrus,50
37027,NC,Caldwell,39
37029,NC,Camden,6
37031,NC,Carteret,29
37033,NC,Caswell,60
37035,NC,Catawba,41
37037,NC,Chatham,119
37039,NC,Cherokee,19
37041,NC,Chowan,16
37043,NC,Clay,16
37045,NC,Cleveland,59
37047,NC,Columbus,32
37049,NC,Craven,17
37051,NC,Cumberland,37
37053,NC,Currituck,15
37055,NC,Dare,0
37057,NC,Davidson,103
37059,NC,Davie,47
37061,NC,Duplin,40
37063,NC,Durham,41
37065,NC,Edgecombe,17
37067,NC,Forsyth,113
37069,NC,Franklin,64
37071,NC,Gaston,63
37073,NC,Gates,8
37075,NC,Graham,10
37077,NC,Granville,54
37079,NC,Greene,14
37081,NC,Guilford,93
37083,NC,Halifax,24
37085,NC,Harnett,66
37087,NC,Haywood,67
37089,NC,Henderson,104
37091,NC,Hertford,10
37093,NC,Hoke,7
37095,NC,Hyde,5
37097,NC,Iredell,62
37099,NC,Jackson,27
37101,NC,Johnston,99
37103,NC,Jones,17
37105,NC,Lee,21
37107,NC,Lenoir,18
37109,NC,Lincoln,69
37111,NC,McDowell,30
37113,NC,Macon,37
37115,NC,Madison,111
37117,NC,Martin,10
37119,NC,Mecklenburg,38
37121,NC,Mitchell,38
37123,NC,Montgomery,35
37125,NC,Moore,79
37127,NC,Nash,37
37129,NC,New Hanover,9
37131,NC,Northampton,8
37133,NC,Onslow,30
37135,NC,Orange,120
37137,NC,Pamlico,12
37139,NC,Pasquotank,8
37141,NC,Pender,29
37143,NC,Perquimans,9
37145,NC,Person,43
37147,NC,Pitt,24
37149,NC,Polk,31
37151,NC,Randolph,74
37153,NC,Richmond,21
37155,NC,Robeson,58
37157,NC,Rockingham,110
37159,NC,Rowan,101
37161,NC,Rutherford,73
37163,NC,Sampson,44
37165,NC,Scotland,6
37167,NC,Stanly,56
37169,NC,Stokes,87
37171,NC,Surry,98
37173,NC,Swain,10
37175,NC,Transylvania,42
37177,NC,Tyrrell,6
37179,NC,Union,49
37181,NC,Vance,14
37183,NC,Wake,143
37185,NC,Warren,14
37187,NC,Washington,5
37189,NC,Watauga,61
37191,NC,Wayne,27
37193,NC,Wilkes,55
37195,NC,Wilson,18
37197,NC,Yadkin,75
37199,NC,Yancey,53
38001,ND,Adams,1
38003,ND,Barnes,7
38005,ND,Benson,11
38007,ND,Billings,4
38009,ND,Bottineau,23
38011,ND,Bowman,8
38013,ND,Burke,3
38015,ND,Burleigh,16
38017,ND,Cass,18
38019,ND,Cavalier,13
38021,ND,Dickey,6
38023,ND,Divide,0
38025,ND,Dunn,11
38027,ND,Eddy,8
38029,ND,Emmons,1
38031,ND,Foster,3
38033,ND,Golden Valley,7
38035,ND,Grand Forks,10
38037,ND,Grant,5
38039,ND,Griggs,3
38041,ND,Hettinger,9
38043,ND,Kidder,8
38045,ND,LaMoure,4
38047,ND,Logan,3
38049,ND,McHenry,5
38051,ND,McIntosh,6
38053,ND,McKenzie,11
38055,ND,McLean,6
38057,ND,Mercer,7
38059,ND,Morton,16
38061,ND,Mountrail,5
38063,ND,Nelson,5
38065,ND,Oliver,9
38067,ND,Pembina,12
38069,ND,Pierce,0
38071,ND,Ramsey,7
38073,ND,Ransom,9
38075,ND,Renville,0
38077,ND,Richland,29
38079,ND,Rolette,14
38081,ND,Sargent,3
38083,ND,Sheridan,2
38085,ND,Sioux,2
38087,ND,Slope,3
38089,ND,Stark,12
38091,ND,Steele,0
38093,ND,Stutsman,15
38095,ND,Towner,8
38097,ND,Traill,4
38099,ND,Walsh,24
38101,ND,Ward,24
38103,ND,Wells,11
38105,ND,Williams,2
39001,OH,Adams,75
39003,OH,Allen,37
39005,OH,Ashland,134
39007,OH,Ashtabula,201
39009,OH,Athens,67
39011,OH,Auglaize,38
39013,OH,Belmont,47
39015,OH,Brown,67
39017,OH,Butler,93
39019,OH,Carroll,105
39021,OH,Champaign,80
39023,OH,Clark,56
39025,OH,Clermont,94
39027,OH,Clinton,54
39029,OH,Columbiana,137
39031,OH,Coshocton,77
39033,OH,Crawford,34
39035,OH,Cuyahoga,35
39037,OH,Darke,76
39039,OH,Defiance,28
39041,OH,Delaware,96
39043,OH,Erie,43
39045,OH,Fairfield,142
39047,OH,Fayette,23
39049,OH,Franklin,55
39051,OH,Fulton,55
39053,OH,Gallia,65
39055,OH,Geauga,193
39057,OH,Greene,94
39059,OH,Guernsey,73
39061,OH,Hamilton,44
39063,OH,Hancock,40
39065,OH,Hardin,43
39067,OH,Harrison,35
39069,OH,Henry,34
39071,OH,Highland,86
39073,OH,Hocking,35
39075,OH,Holmes,161
39077,OH,Huron,63
39079,OH,Jackson,39
39081,OH,Jefferson,48
39083,OH,Knox,125
39085,OH,Lake,42
39087,OH,Lawrence,59
39089,OH,Licking,160
39091,OH,Logan,69
39093,OH,Lorain,136
39095,OH,Lucas,42
39097,OH,Madison,54
39099,OH,Mahoning,94
39101,OH,Marion,39
39103,OH,Medina,169
39105,OH,Meigs,74
39107,OH,Mercer,21
39109,OH,Miami,82
39111,OH,Monroe,57
39113,OH,Montgomery,75
39115,OH,Morgan,30
39117,OH,Morrow,89
39119,OH,Muskingum,100
39121,OH,Noble,44
39123,OH,Ottawa,42
39125,OH,Paulding,17
39127,OH,Perry,62
39129,OH,Pickaway,53
39131,OH,Pike,41
39133,OH,Portage,192
39135,OH,Preble,73
39137,OH,Putnam,41
39139,OH,Richland,115
39141,OH,Ross,51
39143,OH,Sandusky,48
39145,OH,Scioto,48
39147,OH,Seneca,60
39149,OH,Shelby,46
39151,OH,Stark,197
39153,OH,Summit,80
39155,OH,Trumbull,114
39157,OH,Tuscarawas,90
39159,OH,Union,68
39161,OH,Van Wert,27
39163,OH,Vinton,26
39165,OH,Warren,108
39167,OH,Washington,80
39169,OH,Wayne,241
39171,OH,Williams,40
39173,OH,Wood,67
39175,OH,Wyandot,22
40001,OK,Adair,35
40003,OK,Alfalfa,5
40005,OK,Atoka,18
40007,OK,Beaver,10
40009,OK,Beckham,12
40011,OK,Blaine,11
40013,OK,Bryan,28
40015,OK,Caddo,32
40017,OK,Canadian,58
40019,OK,Carter,18
40021,OK,Cherokee,49
40023,OK,Choctaw,13
40025,OK,Cimarron,2
40027,OK,Cleveland,65
40029,OK,Coal,5
40031,OK,Comanche,47
40033,OK,Cotton,7
40035,OK,Craig,41
40037,OK,Creek,104
40039,OK,Custer,11
40041,OK,Delaware,18
40043,OK,Dewey,3
40045,OK,Ellis,9
40047,OK,Garfield,22
40049,OK,Garvin,40
40051,OK,Grady,67
40053,OK,Grant,8
40055,OK,Greer,2
40057,OK,Harmon,0
40059,OK,Harper,5
40061,OK,Haskell,13
40063,OK,Hughes,20
40065,OK,Jackson,8
40067,OK,Jefferson,7
40069,OK,Johnston,11
40071,OK,Kay,25
40073,OK,Kingfisher,22
40075,OK,Kiowa,5
40077,OK,Latimer,18
40079,OK,Le Flore,42
40081,OK,Lincoln,100
40083,OK,Logan,58
40085,OK,Love,13
40087,OK,McClain,63
40089,OK,McCurtain,42
40091,OK,McIntosh,41
40093,OK,Major,23
40095,OK,Marshall,20
40097,OK,Mayes,58
40099,OK,Murray,16
40101,OK,Muskogee,64
40103,OK,Noble,5
40105,OK,Nowata,34
40107,OK,Okfuskee,20
40109,OK,Oklahoma,73
40111,OK,Okmulgee,40
40113,OK,Osage,53
40115,OK,Ottawa,32
40117,OK,Pawnee,30
40119,OK,Payne,79
40121,OK,Pittsburg,38
40123,OK,Pontotoc,56
40125,OK,Pottawatomie,80
40127,OK,Pushmataha,9
40129,OK,Roger Mills,5
40131,OK,Rogers,118
40133,OK,Seminole,34
40135,OK,Sequoyah,18
40137,OK,Stephens,19
40139,OK,Texas,10
40141,OK,Tillman,8
40143,OK,Tulsa,71
40145,OK,Wagoner,60
40147,OK,Washington,37
40149,OK,Washita,7
40151,OK,Woods,8
40153,OK,Woodward,18
41001,OR,Baker,82
41003,OR,Benton,224
41005,OR,Clackamas,839
41007,OR,Clatsop,41
41009,OR,Columbia,181
41011,OR,Coos,105
41013,OR,Crook,94
41015,OR,Curry,44
41017,OR,Deschutes,246
41019,OR,Douglas,346
41021,OR,Gilliam,6
41023,OR,Grant,34
41025,OR,Harney,38
41027,OR,Hood River,130
41029,OR,Jackson,378
41031,OR,Jefferson,32
41033,OR,Josephine,177
41035,OR,Klamath,85
41037,OR,Lake,35
41039,OR,Lane,609
41041,OR,Lincoln,95
41043,OR,Linn,419
41045,OR,Malheur,58
41047,OR,Marion,535
41049,OR,Morrow,35
41051,OR,Multnomah,190
41053,OR,Polk,195
41055,OR,Sherman,6
41057,OR,Tillamook,61
41059,OR,Umatilla,210
41061,OR,Union,119
41063,OR,Wallowa,68
41065,OR,Wasco,95
41067,OR,Washington,411
41069,OR,Wheeler,6
41071,OR,Yamhill,451
42001,PA,Adams,191
42003,PA,Allegheny,71
42005,PA,Armstrong,119
42007,PA,Beaver,105
42009,PA,Bedford,162
42011,PA,Berks,308
42013,PA,Blair,84
42015,PA,Bradford,139
42017,PA,Bucks,161
42019,PA,Butler,162
42021,PA,Cambria,87
42023,PA,Cameron,8
42025,PA,Carbon,26
42027,PA,Centre,167
42029,PA,Chester,208
42031,PA,Clarion,67
42033,PA,Clearfield,60
42035,PA,Clinton,56
42037,PA,Columbia,117
42039,PA,Crawford,161
42041,PA,Cumberland,147
42043,PA,Dauphin,58
42045,PA,Delaware,16
42047,PA,Elk,45
42049,PA,Erie,175
42051,PA,Fayette,70
42053,PA,Forest,13
42055,PA,Franklin,224
42057,PA,Fulton,47
42059,PA,Greene,76
42061,PA,Huntingdon,100
42063,PA,Indiana,115
42065,PA,Jefferson,66
42067,PA,Juniata,87
42069,PA,Lackawanna,45
42071,PA,Lancaster,782
42073,PA,Lawrence,66
42075,PA,Lebanon,149
42077,PA,Lehigh,68
42079,PA,Luzerne,89
42081,PA,Lycoming,118
42083,PA,McKean,51
42085,PA,Mercer,147
42087,PA,Mifflin,60
42089,PA,Monroe,43
42091,PA,Montgomery,100
42093,PA,Montour,46
42095,PA,Northampton,82
42097,PA,Northumberland,109
42099,PA,Perry,95
42101,PA,Philadelphia,8
42103,PA,Pike,9
42105,PA,Potter,47
42107,PA,Schuylkill,99
42109,PA,Snyder,152
42111,PA,Somerset,180
42113,PA,Sullivan,13
42115,PA,Susquehanna,113
42117,PA,Tioga,109
42119,PA,Union,85
42121,PA,Venango,69
42123,PA,Warren,78
42125,PA,Washington,182
42127,PA,Wayne,104
42129,PA,Westmoreland,195
42131,PA,Wyoming,56
42133,PA,York,330
44001,RI,Bristol,9
44003,RI,Kent,20
44005,RI,Newport,95
44007,RI,Providence,131
44009,RI,Washington,121
45001,SC,Abbeville,45
45003,SC,Aiken,79
45005,SC,Allendale,7
45007,SC,Anderson,94
45009,SC,Bamberg,18
45011,SC,Barnwell,38
45013,SC,Beaufort,34
45015,SC,Berkeley,30
45017,SC,Calhoun,19
45019,SC,Charleston,50
45021,SC,Cherokee,17
45023,SC,Chester,36
45025,SC,Chesterfield,28
45027,SC,Clarendon,21
45029,SC,Colleton,25
45031,SC,Darlington,25
45033,SC,Dillon,10
45035,SC,Dorchester,25
45037,SC,Edgefield,39
45039,SC,Fairfield,10
45041,SC,Florence,30
45043,SC,Georgetown,7
45045,SC,Greenville,86
45047,SC,Greenwood,23
45049,SC,Hampton,7
45051,SC,Horry,47
45053,SC,Jasper,15
45055,SC,Kershaw,22
45057,SC,Lancaster,38
45059,SC,Laurens,42
45061,SC,Lee,5
45063,SC,Lexington,69
45065,SC,McCormick,8
45067,SC,Marion,16
45069,SC,Marlboro,6
45071,SC,Newberry,32
45073,SC,Oconee,60
45075,SC,Orangeburg,56
45077,SC,Pickens,38
45079,SC,Richland,36
45081,SC,Saluda,23
45083,SC,Spartanburg,131
45085,SC,Sumter,31
45087,SC,Union,17
45089,SC,Williamsburg,34
45091,SC,York,52
46003,SD,Aurora,3
46005,SD,Beadle,25
46007,SD,Bennett,5
46009,SD,Bon Homme,8
46011,SD,Brookings,41
46013,SD,Brown,18
46015,SD,Brule,15
46017,SD,Buffalo,2
46019,SD,Butte,23
46021,SD,Campbell,2
46023,SD,Charles Mix,12
46025,SD,Clark,20
46027,SD,Clay,18
46029,SD,Codington,21
46031,SD,Corson,1
46033,SD,Custer,25
46035,SD,Davison,8
46037,SD,Day,7
46039,SD,Deuel,13
46041,SD,Dewey,5
46043,SD,Douglas,8
46045,SD,Edmunds,7
46047,SD,Fall River,20
46049,SD,Faulk,7
46051,SD,Grant,7
46053,SD,Gregory,10
46055,SD,Haakon,0
46057,SD,Hamlin,23
46059,SD,Hand,3
46061,SD,Hanson,6
46063,SD,Harding,11
46065,SD,Hughes,18
46067,SD,Hutchinson,28
46069,SD,Hyde,11
46071,SD,Jackson,1
46073,SD,Jerauld,5
46075,SD,Jones,3
46077,SD,Kingsbury,6
46079,SD,Lake,8
46081,SD,Lawrence,15
46083,SD,Lincoln,26
46085,SD,Lyman,6
46087,SD,McCook,22
46089,SD,McPherson,12
46091,SD,Marshall,7
46093,SD,Meade,54
46095,SD,Mellette,12
46097,SD,Miner,10
46099,SD,Minnehaha,37
46101,SD,Moody,12
46103,SD,Pennington,31
46105,SD,Perkins,2
46107,SD,Potter,1
46109,SD,Roberts,11
46111,SD,Sanborn,7
46113,SD,Shannon,0
46115,SD,Spink,4
46117,SD,Stanley,2
46119,SD,Sully,0
46121,SD,Todd,0
46123,SD,Tripp,11
46125,SD,Turner,29
46127,SD,Union,5
46129,SD,Walworth,7
46135,SD,Yankton,9
46137,SD,Ziebach,2
47001,TN,Anderson,42
47003,TN,Bedford,41
47005,TN,Benton,30
47007,TN,Bledsoe,39
47009,TN,Blount,77
47011,TN,Bradley,66
47013,TN,Campbell,18
47015,TN,Cannon,34
47017,TN,Carroll,26
47019,TN,Carter,15
47021,TN,Cheatham,38
47023,TN,Chester,13
47025,TN,Claiborne,32
47027,TN,Clay,12
47029,TN,Cocke,30
47031,TN,Coffee,49
47033,TN,Crockett,5
47035,TN,Cumberland,73
47037,TN,Davidson,32
47039,TN,Decatur,5
47041,TN,DeKalb,40
47043,TN,Dickson,69
47045,TN,Dyer,22
47047,TN,Fayette,20
47049,TN,Fentress,29
47051,TN,Franklin,56
47053,TN,Gibson,39
47055,TN,Giles,55
47057,TN,Grainger,54
47059,TN,Greene,117
47061,TN,Grundy,30
47063,TN,Hamblen,42
47065,TN,Hamilton,62
47067,TN,Hancock,24
47069,TN,Hardeman,26
47071,TN,Hardin,25
47073,TN,Hawkins,66
47075,TN,Haywood,9
47077,TN,Henderson,29
47079,TN,Henry,34
47081,TN,Hickman,35
47083,TN,Houston,11
47085,TN,Humphreys,32
47087,TN,Jackson,28
47089,TN,Jefferson,57
47091,TN,Johnson,26
47093,TN,Knox,84
47095,TN,Lake,0
47097,TN,Lauderdale,17
47099,TN,Lawrence,120
47101,TN,Lewis,12
47103,TN,Lincoln,74
47105,TN,Loudon,51
47107,TN,McMinn,68
47109,TN,McNairy,31
47111,TN,Macon,33
47113,TN,Madison,27
47115,TN,Marion,17
47117,TN,Marshall,48
47119,TN,Maury,57
47121,TN,Meigs,13
47123,TN,Monroe,60
47125,TN,Montgomery,58
47127,TN,Moore,8
47129,TN,Morgan,47
47131,TN,Obion,18
47133,TN,Overton,50
47135,TN,Perry,16
47137,TN,Pickett,14
47139,TN,Polk,36
47141,TN,Putnam,60
47143,TN,Rhea,38
47145,TN,Roane,61
47147,TN,Robertson,57
47149,TN,Rutherford,94
47151,TN,Scott,9
47153,TN,Sequatchie,12
47155,TN,Sevier,39
47157,TN,Shelby,27
47159,TN,Smith,25
47161,TN,Stewart,11
47163,TN,Sullivan,45
47165,TN,Sumner,58
47167,TN,Tipton,32
47169,TN,Trousdale,10
47171,TN,Unicoi,6
47173,TN,Union,24
47175,TN,Van Buren,10
47177,TN,Warren,57
47179,TN,Washington,77
47181,TN,Wayne,20
47183,TN,Weakley,39
47185,TN,White,54
47187,TN,Williamson,66
47189,TN,Wilson,75
48001,TX,Anderson,57
48003,TX,Andrews,2
48005,TX,Angelina,40
48007,TX,Aransas,4
48009,TX,Archer,5
48011,TX,Armstrong,3
48013,TX,Atascosa,43
48015,TX,Austin,43
48017,TX,Bailey,0
48019,TX,Bandera,45
48021,TX,Bastrop,103
48023,TX,Baylor,0
48025,TX,Bee,29
48027,TX,Bell,113
48029,TX,Bexar,112
48031,TX,Blanco,25
48033,TX,Borden,2
48035,TX,Bosque,23
48037,TX,Bowie,45
48039,TX,Brazoria,120
48041,TX,Brazos,69
48043,TX,Brewster,9
48045,TX,Briscoe,3
48047,TX,Brooks,9
48049,TX,Brown,53
48051,TX,Burleson,34
48053,TX,Burnet,62
48055,TX,Caldwell,74
48057,TX,Calhoun,6
48059,TX,Callahan,22
48061,TX,Cameron,87
48063,TX,Camp,13
48065,TX,Carson,2
48067,TX,Cass,34
48069,TX,Castro,1
48071,TX,Chambers,35
48073,TX,Cherokee,68
48075,TX,Childress,2
48077,TX,Clay,24
48079,TX,Cochran,0
48081,TX,Coke,6
48083,TX,Coleman,18
48085,TX,Collin,133
48087,TX,Collingsworth,5
48089,TX,Colorado,39
48091,TX,Comal,40
48093,TX,Comanche,36
48095,TX,Concho,1
48097,TX,Cooke,72
48099,TX,Coryell,38
48101,TX,Cottle,1
48103,TX,Crane,4
48105,TX,Crockett,7
48107,TX,Crosby,1
48109,TX,Culberson,0
48111,TX,Dallam,11
48113,TX,Dallas,56
48115,TX,Dawson,1
48117,TX,Deaf Smith,4
48119,TX,Delta,7
48121,TX,Denton,158
48123,TX,DeWitt,38
48125,TX,Dickens,2
48127,TX,Dimmit,12
48129,TX,Donley,15
48131,TX,Duval,15
48133,TX,Eastland,24
48135,TX,Ector,17
48137,TX,Edwards,12
48139,TX,Ellis,87
48141,TX,El Paso,50
48143,TX,Erath,50
48145,TX,Falls,37
48147,TX,Fannin,79
48149,TX,Fayette,55
48151,TX,Fisher,2
48153,TX,Floyd,1
48155,TX,Foard,0
48157,TX,Fort Bend,68
48159,TX,Franklin,25
48161,TX,Freestone,47
48163,TX,Frio,22
48165,TX,Gaines,5
48167,TX,Galveston,32
48169,TX,Garza,6
48171,TX,Gillespie,70
48173,TX,Glasscock,2
48175,TX,Goliad,17
48177,TX,Gonzales,28
48179,TX,Gray,6
48181,TX,Grayson,99
48183,TX,Gregg,12
48185,TX,Grimes,36
48187,TX,Guadalupe,69
48189,TX,Hale,13
48191,TX,Hall,0
48193,TX,Hamilton,23
48195,TX,Hansford,1
48197,TX,Hardeman,1
48199,TX,Hardin,51
48201,TX,Harris,120
48203,TX,Harrison,59
48205,TX,Hartley,5
48207,TX,Haskell,0
48209,TX,Hays,105
48211,TX,Hemphill,2
48213,TX,Henderson,80
48215,TX,Hidalgo,132
48217,TX,Hill,52
48219,TX,Hockley,10
48221,TX,Hood,47
48223,TX,Hopkins,31
48225,TX,Houston,35
48227,TX,Howard,9
48229,TX,Hudspeth,0
48231,TX,Hunt,200
48233,TX,Hutchinson,7
48235,TX,Irion,4
48237,TX,Jack,36
48239,TX,Jackson,15
48241,TX,Jasper,50
48243,TX,Jeff Davis,0
48245,TX,Jefferson,41
48247,TX,Jim Hogg,2
48249,TX,Jim Wells,22
48251,TX,Johnson,130
48253,TX,Jones,30
48255,TX,Karnes,9
48257,TX,Kaufman,100
48259,TX,Kendall,51
48261,TX,Kenedy,0
48263,TX,Kent,2
48265,TX,Kerr,33
48267,TX,Kimble,12
48269,TX,King,1
48271,TX,Kinney,2
48273,TX,Kleberg,7
48275,TX,Knox,0
48277,TX,Lamar,41
48279,TX,Lamb,0
48281,TX,Lampasas,39
48283,TX,La Salle,10
48285,TX,Lavaca,39
48287,TX,Lee,42
48289,TX,Leon,52
48291,TX,Liberty,69
48293,TX,Limestone,36
48295,TX,Lipscomb,3
48297,TX,Live Oak,10
48299,TX,Llano,15
48301,TX,Loving,0
48303,TX,Lubbock,48
48305,TX,Lynn,2
48307,TX,McCulloch,19
48309,TX,McLennan,83
48311,TX,McMullen,0
48313,TX,Madison,30
48315,TX,Marion,3
48317,TX,Martin,2
48319,TX,Mason,14
48321,TX,Matagorda,29
48323,TX,Maverick,25
48325,TX,Medina,91
48327,TX,Menard,3
48329,TX,Midland,23
48331,TX,Milam,57
48333,TX,Mills,23
48335,TX,Mitchell,6
48337,TX,Montague,44
48339,TX,Montgomery,83
48341,TX,Moore,10
48343,TX,Morris,4
48345,TX,Motley,0
48347,TX,Nacogdoches,30
48349,TX,Navarro,54
48351,TX,Newton,15
48353,TX,Nolan,4
48355,TX,Nueces,21
48357,TX,Ochiltree,4
48359,TX,Oldham,0
48361,TX,Orange,45
48363,TX,Palo Pinto,40
48365,TX,Panola,28
48367,TX,Parker,182
48369,TX,Parmer,3
48371,TX,Pecos,12
48373,TX,Polk,23
48375,TX,Potter,11
48377,TX,Presidio,11
48379,TX,Rains,35
48381,TX,Randall,31
48383,TX,Reagan,0
48385,TX,Real,7
48387,TX,Red River,28
48389,TX,Reeves,6
48391,TX,Refugio,10
48393,TX,Roberts,3
48395,TX,Robertson,42
48397,TX,Rockwall,11
48399,TX,Runnels,8
48401,TX,Rusk,50
48403,TX,Sabine,3
48405,TX,San Augustine,7
48407,TX,San Jacinto,36
48409,TX,San Patricio,21
48411,TX,San Saba,26
48413,TX,Schleicher,13
48415,TX,Scurry,13
48417,TX,Shackelford,6
48419,TX,Shelby,20
48421,TX,Sherman,5
48423,TX,Smith,152
48425,TX,Somervell,13
48427,TX,Starr,42
48429,TX,Stephens,5
48431,TX,Sterling,2
48433,TX,Stonewall,3
48435,TX,Sutton,2
48437,TX,Swisher,6
48439,TX,Tarrant,67
48441,TX,Taylor,31
48443,TX,Terrell,0
48445,TX,Terry,2
48447,TX,Throckmorton,5
48449,TX,Titus,22
48451,TX,Tom Green,47
48453,TX,Travis,61
48455,TX,Trinity,18
48457,TX,Tyler,37
48459,TX,Upshur,53
48461,TX,Upton,5
48463,TX,Uvalde,10
48465,TX,Val Verde,34
48467,TX,Van Zandt,110
48469,TX,Victoria,56
48471,TX,Walker,31
48473,TX,Waller,86
48475,TX,Ward,3
48477,TX,Washington,45
48479,TX,Webb,15
48481,TX,Wharton,36
48483,TX,Wheeler,6
48485,TX,Wichita,19
48487,TX,Wilbarger,2
48489,TX,Willacy,6
48491,TX,Williamson,147
48493,TX,Wilson,60
48495,TX,Winkler,1
48497,TX,Wise,160
48499,TX,Wood,74
48501,TX,Yoakum,7
48503,TX,Young,16
48505,TX,Zapata,7
48507,TX,Zavala,2
49001,UT,Beaver,12
49003,UT,Box Elder,158
49005,UT,Cache,120
49007,UT,Carbon,39
49009,UT,Daggett,4
49011,UT,Davis,97
49013,UT,Duchesne,51
49015,UT,Emery,63
49017,UT,Garfield,20
49019,UT,Grand,17
49021,UT,Iron,43
49023,UT,Juab,22
49025,UT,Kane,20
49027,UT,Millard,38
49029,UT,Morgan,28
49031,UT,Piute,4
49033,UT,Rich,8
49035,UT,Salt Lake,105
49037,UT,San Juan,19
49039,UT,Sanpete,84
49041,UT,Sevier,52
49043,UT,Summit,62
49045,UT,Tooele,69
49047,UT,Uintah,78
49049,UT,Utah,392
49051,UT,Wasatch,24
49053,UT,Washington,76
49055,UT,Wayne,22
49057,UT,Weber,148
50001,VT,Addison,181
50003,VT,Bennington,97
50005,VT,Caledonia,167
50007,VT,Chittenden,199
50009,VT,Essex,19
50011,VT,Franklin,145
50013,VT,Grand Isle,28
50015,VT,Lamoille,99
50017,VT,Orange,200
50019,VT,Orleans,153
50021,VT,Rutland,186
50023,VT,Washington,234
50025,VT,Windham,163
50027,VT,Windsor,200
51001,VA,Accomack,21
51003,VA,Albemarle,87
51005,VA,Alleghany,22
51007,VA,Amelia,23
51009,VA,Amherst,19
51011,VA,Appomattox,29
51013,VA,Arlington,2
51015,VA,Augusta,152
51017,VA,Bath,6
51019,VA,Bedford,76
51021,VA,Bland,20
51023,VA,Botetourt,40
51025,VA,Brunswick,19
51027,VA,Buchanan,4
51029,VA,Buckingham,26
51031,VA,Campbell,51
51033,VA,Caroline,8
51035,VA,Carroll,60
51036,VA,Charles City,10
51037,VA,Charlotte,17
51041,VA,Chesterfield,12
51043,VA,Clarke,72
51045,VA,Craig,28
51047,VA,Culpeper,65
51049,VA,Cumberland,13
51051,VA,Dickenson,7
51053,VA,Dinwiddie,29
51057,VA,Essex,5
51059,VA,Fairfax,7
51061,VA,Fauquier,143
51063,VA,Floyd,79
51065,VA,Fluvanna,20
51067,VA,Franklin,91
51069,VA,Frederick,60
51071,VA,Giles,43
51073,VA,Gloucester,13
51075,VA,Goochland,27
51077,VA,Grayson,25
51079,VA,Greene,17
51081,VA,Greensville,8
51083,VA,Halifax,65
51085,VA,Hanover,57
51087,VA,Henrico,8
51089,VA,Henry,17
51091,VA,Highland,26
51093,VA,Isle of Wight,32
51095,VA,James City,23
51097,VA,King and Queen,11
51099,VA,King George,22
51101,VA,King William,18
51103,VA,Lancaster,5
51105,VA,Lee,43
51107,VA,Loudoun,210
51109,VA,Louisa,46
51111,VA,Lunenburg,17
51113,VA,Madison,55
51115,VA,Mathews,13
51117,VA,Mecklenburg,15
51119,VA,Middlesex,9
51121,VA,Montgomery,60
51125,VA,Nelson,48
51127,VA,New Kent,16
51131,VA,Northampton,22
51133,VA,Northumberland,13
51135,VA,Nottoway,14
51137,VA,Orange,37
51139,VA,Page,31
51141,VA,Patrick,34
51143,VA,Pittsylvania,77
51145,VA,Powhatan,25
51147,VA,Prince Edward,21
51149,VA,Prince George,9
51153,VA,Prince William,33
51155,VA,Pulaski,15
51157,VA,Rappahannock,53
51159,VA,Richmond,4
51161,VA,Roanoke,26
51163,VA,Rockbridge,72
51165,VA,Rockingham,208
51167,VA,Russell,31
51169,VA,Scott,28
51171,VA,Shenandoah,91
51173,VA,Smyth,30
51175,VA,Southampton,17
51177,VA,Spotsylvania,38
51179,VA,Stafford,27
51181,VA,Surry,8
51183,VA,Sussex,10
51185,VA,Tazewell,38
51187,VA,Warren,31
51191,VA,Washington,72
51193,VA,Westmoreland,20
51195,VA,Wise,10
51197,VA,Wythe,44
51199,VA,York,10
51550,VA,Chesapeake,36
51650,VA,Hampton,0
51700,VA,Newport News,0
51800,VA,Suffolk,40
51810,VA,Virginia Beach,34
53001,WA,Adams,27
53003,WA,Asotin,16
53005,WA,Benton,188
53007,WA,Chelan,135
53009,WA,Clallam,112
53011,WA,Clark,410
53013,WA,Columbia,20
53015,WA,Cowlitz,124
53017,WA,Douglas,71
53019,WA,Ferry,33
53021,WA,Franklin,72
53023,WA,Garfield,9
53025,WA,Grant,118
53027,WA,Grays Harbor,100
53029,WA,Island,113
53031,WA,Jefferson,69
53033,WA,King,382
53035,WA,Kitsap,163
53037,WA,Kittitas,108
53039,WA,Klickitat,129
53041,WA,Lewis,254
53043,WA,Lincoln,22
53045,WA,Mason,69
53047,WA,Okanogan,216
53049,WA,Pacific,33
53051,WA,Pend Oreille,48
53053,WA,Pierce,295
53055,WA,San Juan,90
53057,WA,Skagit,244
53059,WA,Skamania,44
53061,WA,Snohomish,267
53063,WA,Spokane,406
53065,WA,Stevens,172
53067,WA,Thurston,238
53069,WA,Wahkiakum,21
53071,WA,Walla Walla,98
53073,WA,Whatcom,302
53075,WA,Whitman,57
53077,WA,Yakima,365
54001,WV,Barbour,72
54003,WV,Berkeley,77
54005,WV,Boone,1
54007,WV,Braxton,24
54009,WV,Brooke,11
54011,WV,Cabell,27
54013,WV,Calhoun,20
54015,WV,Clay,10
54017,WV,Doddridge,39
54019,WV,Fayette,28
54021,WV,Gilmer,12
54023,WV,Grant,15
54025,WV,Greenbrier,80
54027,WV,Hampshire,77
54029,WV,Hancock,10
54031,WV,Hardy,25
54033,WV,Harrison,83
54035,WV,Jackson,45
54037,WV,Jefferson,78
54039,WV,Kanawha,16
54041,WV,Lewis,35
54043,WV,Lincoln,7
54045,WV,Logan,0
54047,WV,McDowell,5
54049,WV,Marion,73
54051,WV,Marshall,50
54053,WV,Mason,49
54055,WV,Mercer,15
54057,WV,Mineral,42
54059,WV,Mingo,6
54061,WV,Monongalia,67
54063,WV,Monroe,48
54065,WV,Morgan,25
54067,WV,Nicholas,44
54069,WV,Ohio,17
54071,WV,Pendleton,23
54073,WV,Pleasants,10
54075,WV,Pocahontas,37
54077,WV,Preston,118
54079,WV,Putnam,46
54081,WV,Raleigh,38
54083,WV,Randolph,36
54085,WV,Ritchie,40
54087,WV,Roane,48
54089,WV,Summers,33
54091,WV,Taylor,50
54093,WV,Tucker,15
54095,WV,Tyler,32
54097,WV,Upshur,43
54099,WV,Wayne,18
54101,WV,Webster,12
54103,WV,Wetzel,29
54105,WV,Wirt,17
54107,WV,Wood,43
54109,WV,Wyoming,5
55001,WI,Adams,20
55003,WI,Ashland,20
55005,WI,Barron,105
55007,WI,Bayfield,84
55009,WI,Brown,87
55011,WI,Buffalo,40
55013,WI,Burnett,36
55015,WI,Calumet,46
55017,WI,Chippewa,106
55019,WI,Clark,221
55021,WI,Columbia,157
55023,WI,Crawford,48
55025,WI,Dane,256
55027,WI,Dodge,155
55029,WI,Door,85
55031,WI,Douglas,43
55033,WI,Dunn,130
55035,WI,Eau Claire,115
55037,WI,Florence,14
55039,WI,Fond du Lac,76
55041,WI,Forest,24
55043,WI,Grant,86
55045,WI,Green,95
55047,WI,Green Lake,49
55049,WI,Iowa,105
55051,WI,Iron,4
55053,WI,Jackson,49
55055,WI,Jefferson,113
55057,WI,Juneau,39
55059,WI,Kenosha,51
55061,WI,Kewaunee,59
55063,WI,La Crosse,53
55065,WI,Lafayette,45
55067,WI,Langlade,34
55069,WI,Lincoln,72
55071,WI,Manitowoc,97
55073,WI,Marathon,189
55075,WI,Marinette,64
55077,WI,Marquette,36
55078,WI,Menominee,0
55079,WI,Milwaukee,25
55081,WI,Monroe,147
55083,WI,Oconto,76
55085,WI,Oneida,25
55087,WI,Outagamie,122
55089,WI,Ozaukee,57
55091,WI,Pepin,32
55093,WI,Pierce,126
55095,WI,Polk,168
55097,WI,Portage,112
55099,WI,Price,36
55101,WI,Racine,87
55103,WI,Richland,73
55105,WI,Rock,143
55107,WI,Rusk,51
55109,WI,St. Croix,122
55111,WI,Sauk,121
55113,WI,Sawyer,26
55115,WI,Shawano,95
55117,WI,Sheboygan,101
55119,WI,Taylor,67
55121,WI,Trempealeau,75
55123,WI,Vernon,237
55125,WI,Vilas,11
55127,WI,Walworth,108
55129,WI,Washburn,49
55131,WI,Washington,59
55133,WI,Waukesha,87
55135,WI,Waupaca,94
55137,WI,Waushara,52
55139,WI,Winnebago,57
55141,WI,Wood,99
56001,WY,Albany,33
56003,WY,Big Horn,44
56005,WY,Campbell,53
56007,WY,Carbon,21
56009,WY,Converse,27
56011,WY,Crook,17
56013,WY,Fremont,101
56015,WY,Goshen,23
56017,WY,Hot Springs,11
56019,WY,Johnson,28
56021,WY,Laramie,58
56023,WY,Lincoln,46
56025,WY,Natrona,20
56027,WY,Niobrara,9
56029,WY,Park,52
56031,WY,Platte,16
56033,WY,Sheridan,47
56035,WY,Sublette,22
56037,WY,Sweetwater,22
56039,WY,Teton,11
56041,WY,Uinta,24
56043,WY,Washakie,5
56045,WY,Weston,3
